ISO-10303-21;
HEADER;
FILE_DESCRIPTION( ( 'Unknown' ), '1' );
FILE_NAME( 'I:/User_Groups_Only/17_EMC_Product_&_Development/Article_Master/Switch/SwTact/Master_Data/01_CAD_drawing/1_Drawing/431471031126/Released_data/431471031126.stp', 'Unknown', ( 'Unknown' ), ( 'Unknown' ), 'XStep 1.0', 'Unknown', '  ' );
FILE_SCHEMA( ( 'automotive_design' ) );
ENDSEC;
DATA;
#1 = MECHANICAL_DESIGN_GEOMETRIC_PRESENTATION_REPRESENTATION( ' ', ( #18, #19, #20, #21, #22, #23, #24, #25, #26, #27, #28, #29, #30, #31, #32, #33, #34, #35, #36, #37, #38, #39, #40, #41, #42, #43, #44, #45, #46, #47, #48, #49, #50, #51, #52, #53, #54, #55, #56, #57, #58, #59, #60, #61, #62, #63, #64, #65, #66, #67, #68, #69, #70, #71, #72, #73, #74, #75, #76, #77, #78, #79, #80, #81, #82, #83, #84 ), #14 );
#2 = PRODUCT_DEFINITION_CONTEXT( '', #85, 'design' );
#3 = APPLICATION_PROTOCOL_DEFINITION( 'INTERNATIONAL STANDARD', 'automotive_design', 1994, #85 );
#4 = PRODUCT_CATEGORY_RELATIONSHIP( 'NONE', 'NONE', #86, #87 );
#5 = SHAPE_DEFINITION_REPRESENTATION( #88, #89 );
#6 = PRODUCT_DEFINITION_CONTEXT( '', #90, 'design' );
#7 = APPLICATION_PROTOCOL_DEFINITION( 'INTERNATIONAL STANDARD', 'automotive_design', 1994, #90 );
#8 = PRODUCT_CATEGORY_RELATIONSHIP( 'NONE', 'NONE', #91, #92 );
#9 = SHAPE_DEFINITION_REPRESENTATION( #93, #94 );
#10 = PRODUCT_DEFINITION_CONTEXT( '', #95, 'design' );
#11 = APPLICATION_PROTOCOL_DEFINITION( 'INTERNATIONAL STANDARD', 'automotive_design', 1994, #95 );
#12 = PRODUCT_CATEGORY_RELATIONSHIP( 'NONE', 'NONE', #96, #97 );
#13 = SHAPE_DEFINITION_REPRESENTATION( #98, #99 );
#14 =  ( GEOMETRIC_REPRESENTATION_CONTEXT( 3 )GLOBAL_UNCERTAINTY_ASSIGNED_CONTEXT( ( #102 ) )GLOBAL_UNIT_ASSIGNED_CONTEXT( ( #104, #105, #106 ) )REPRESENTATION_CONTEXT( 'NONE', 'WORKSPACE' ) );
#18 = STYLED_ITEM( '', ( #108 ), #109 );
#19 = STYLED_ITEM( '', ( #110 ), #111 );
#20 = STYLED_ITEM( '', ( #112 ), #113 );
#21 = STYLED_ITEM( '', ( #114 ), #115 );
#22 = STYLED_ITEM( '', ( #116 ), #117 );
#23 = STYLED_ITEM( '', ( #118 ), #119 );
#24 = STYLED_ITEM( '', ( #120 ), #121 );
#25 = STYLED_ITEM( '', ( #122 ), #123 );
#26 = STYLED_ITEM( '', ( #124 ), #125 );
#27 = STYLED_ITEM( '', ( #126 ), #127 );
#28 = STYLED_ITEM( '', ( #128 ), #129 );
#29 = STYLED_ITEM( '', ( #130 ), #131 );
#30 = STYLED_ITEM( '', ( #132 ), #133 );
#31 = STYLED_ITEM( '', ( #134 ), #135 );
#32 = STYLED_ITEM( '', ( #136 ), #137 );
#33 = STYLED_ITEM( '', ( #138 ), #139 );
#34 = STYLED_ITEM( '', ( #140 ), #141 );
#35 = STYLED_ITEM( '', ( #142 ), #143 );
#36 = STYLED_ITEM( '', ( #144 ), #145 );
#37 = STYLED_ITEM( '', ( #146 ), #147 );
#38 = STYLED_ITEM( '', ( #148 ), #149 );
#39 = STYLED_ITEM( '', ( #150 ), #151 );
#40 = STYLED_ITEM( '', ( #152 ), #153 );
#41 = STYLED_ITEM( '', ( #154 ), #155 );
#42 = STYLED_ITEM( '', ( #156 ), #157 );
#43 = STYLED_ITEM( '', ( #158 ), #159 );
#44 = STYLED_ITEM( '', ( #160 ), #161 );
#45 = STYLED_ITEM( '', ( #162 ), #163 );
#46 = STYLED_ITEM( '', ( #164 ), #165 );
#47 = STYLED_ITEM( '', ( #166 ), #167 );
#48 = STYLED_ITEM( '', ( #168 ), #169 );
#49 = STYLED_ITEM( '', ( #170 ), #171 );
#50 = STYLED_ITEM( '', ( #172 ), #173 );
#51 = STYLED_ITEM( '', ( #174 ), #175 );
#52 = STYLED_ITEM( '', ( #176 ), #177 );
#53 = STYLED_ITEM( '', ( #178 ), #179 );
#54 = STYLED_ITEM( '', ( #180 ), #181 );
#55 = STYLED_ITEM( '', ( #182 ), #183 );
#56 = STYLED_ITEM( '', ( #184 ), #185 );
#57 = STYLED_ITEM( '', ( #186 ), #187 );
#58 = STYLED_ITEM( '', ( #188 ), #189 );
#59 = STYLED_ITEM( '', ( #190 ), #191 );
#60 = STYLED_ITEM( '', ( #192 ), #193 );
#61 = STYLED_ITEM( '', ( #194 ), #195 );
#62 = STYLED_ITEM( '', ( #196 ), #197 );
#63 = STYLED_ITEM( '', ( #198 ), #199 );
#64 = STYLED_ITEM( '', ( #200 ), #201 );
#65 = STYLED_ITEM( '', ( #202 ), #203 );
#66 = STYLED_ITEM( '', ( #204 ), #205 );
#67 = STYLED_ITEM( '', ( #206 ), #207 );
#68 = STYLED_ITEM( '', ( #208 ), #209 );
#69 = STYLED_ITEM( '', ( #210 ), #211 );
#70 = STYLED_ITEM( '', ( #212 ), #213 );
#71 = STYLED_ITEM( '', ( #214 ), #215 );
#72 = STYLED_ITEM( '', ( #216 ), #217 );
#73 = STYLED_ITEM( '', ( #218 ), #219 );
#74 = STYLED_ITEM( '', ( #220 ), #221 );
#75 = STYLED_ITEM( '', ( #222 ), #223 );
#76 = STYLED_ITEM( '', ( #224 ), #225 );
#77 = STYLED_ITEM( '', ( #226 ), #227 );
#78 = STYLED_ITEM( '', ( #228 ), #229 );
#79 = STYLED_ITEM( '', ( #230 ), #231 );
#80 = STYLED_ITEM( '', ( #232 ), #233 );
#81 = STYLED_ITEM( '', ( #234 ), #235 );
#82 = STYLED_ITEM( '', ( #236 ), #237 );
#83 = STYLED_ITEM( '', ( #238 ), #239 );
#84 = STYLED_ITEM( '', ( #240 ), #241 );
#85 = APPLICATION_CONTEXT( ' ' );
#86 = PRODUCT_CATEGORY( 'part', 'NONE' );
#87 = PRODUCT_RELATED_PRODUCT_CATEGORY( 'detail', ' ', ( #242 ) );
#88 = PRODUCT_DEFINITION_SHAPE( 'NONE', 'NONE', #243 );
#89 = ADVANCED_BREP_SHAPE_REPRESENTATION( 'Assem1', ( #244, #245, #246 ), #14 );
#90 = APPLICATION_CONTEXT( ' ' );
#91 = PRODUCT_CATEGORY( 'part', 'NONE' );
#92 = PRODUCT_RELATED_PRODUCT_CATEGORY( 'detail', ' ', ( #247 ) );
#93 = PRODUCT_DEFINITION_SHAPE( 'NONE', 'NONE', #248 );
#94 = ADVANCED_BREP_SHAPE_REPRESENTATION( 'base', ( #249 ), #14 );
#95 = APPLICATION_CONTEXT( ' ' );
#96 = PRODUCT_CATEGORY( 'part', 'NONE' );
#97 = PRODUCT_RELATED_PRODUCT_CATEGORY( 'detail', ' ', ( #250 ) );
#98 = PRODUCT_DEFINITION_SHAPE( 'NONE', 'NONE', #251 );
#99 = ADVANCED_BREP_SHAPE_REPRESENTATION( 'top cover', ( #252 ), #14 );
#102 = UNCERTAINTY_MEASURE_WITH_UNIT( LENGTH_MEASURE( 0.00100000000000000 ), #104, '', '' );
#104 =  ( CONVERSION_BASED_UNIT( 'MILLIMETRE', #255 )LENGTH_UNIT(  )NAMED_UNIT( #258 ) );
#105 =  ( NAMED_UNIT( #260 )PLANE_ANGLE_UNIT(  )SI_UNIT( $, .RADIAN. ) );
#106 =  ( NAMED_UNIT( #260 )SOLID_ANGLE_UNIT(  )SI_UNIT( $, .STERADIAN. ) );
#108 = PRESENTATION_STYLE_ASSIGNMENT( ( #266 ) );
#109 = ADVANCED_FACE( '', ( #267 ), #268, .T. );
#110 = PRESENTATION_STYLE_ASSIGNMENT( ( #269 ) );
#111 = ADVANCED_FACE( '', ( #270 ), #271, .F. );
#112 = PRESENTATION_STYLE_ASSIGNMENT( ( #272 ) );
#113 = ADVANCED_FACE( '', ( #273 ), #274, .T. );
#114 = PRESENTATION_STYLE_ASSIGNMENT( ( #275 ) );
#115 = ADVANCED_FACE( '', ( #276 ), #277, .T. );
#116 = PRESENTATION_STYLE_ASSIGNMENT( ( #278 ) );
#117 = ADVANCED_FACE( '', ( #279 ), #280, .F. );
#118 = PRESENTATION_STYLE_ASSIGNMENT( ( #281 ) );
#119 = ADVANCED_FACE( '', ( #282 ), #283, .F. );
#120 = PRESENTATION_STYLE_ASSIGNMENT( ( #284 ) );
#121 = ADVANCED_FACE( '', ( #285 ), #286, .T. );
#122 = PRESENTATION_STYLE_ASSIGNMENT( ( #287 ) );
#123 = ADVANCED_FACE( '', ( #288 ), #289, .T. );
#124 = PRESENTATION_STYLE_ASSIGNMENT( ( #290 ) );
#125 = ADVANCED_FACE( '', ( #291 ), #292, .F. );
#126 = PRESENTATION_STYLE_ASSIGNMENT( ( #293 ) );
#127 = ADVANCED_FACE( '', ( #294 ), #295, .F. );
#128 = PRESENTATION_STYLE_ASSIGNMENT( ( #296 ) );
#129 = ADVANCED_FACE( '', ( #297 ), #298, .F. );
#130 = PRESENTATION_STYLE_ASSIGNMENT( ( #299 ) );
#131 = ADVANCED_FACE( '', ( #300 ), #301, .T. );
#132 = PRESENTATION_STYLE_ASSIGNMENT( ( #302 ) );
#133 = ADVANCED_FACE( '', ( #303 ), #304, .T. );
#134 = PRESENTATION_STYLE_ASSIGNMENT( ( #305 ) );
#135 = ADVANCED_FACE( '', ( #306 ), #307, .T. );
#136 = PRESENTATION_STYLE_ASSIGNMENT( ( #308 ) );
#137 = ADVANCED_FACE( '', ( #309 ), #310, .T. );
#138 = PRESENTATION_STYLE_ASSIGNMENT( ( #311 ) );
#139 = ADVANCED_FACE( '', ( #312 ), #313, .T. );
#140 = PRESENTATION_STYLE_ASSIGNMENT( ( #314 ) );
#141 = ADVANCED_FACE( '', ( #315 ), #316, .T. );
#142 = PRESENTATION_STYLE_ASSIGNMENT( ( #317 ) );
#143 = ADVANCED_FACE( '', ( #318 ), #319, .F. );
#144 = PRESENTATION_STYLE_ASSIGNMENT( ( #320 ) );
#145 = ADVANCED_FACE( '', ( #321 ), #322, .F. );
#146 = PRESENTATION_STYLE_ASSIGNMENT( ( #323 ) );
#147 = ADVANCED_FACE( '', ( #324 ), #325, .F. );
#148 = PRESENTATION_STYLE_ASSIGNMENT( ( #326 ) );
#149 = ADVANCED_FACE( '', ( #327 ), #328, .F. );
#150 = PRESENTATION_STYLE_ASSIGNMENT( ( #329 ) );
#151 = ADVANCED_FACE( '', ( #330 ), #331, .F. );
#152 = PRESENTATION_STYLE_ASSIGNMENT( ( #332 ) );
#153 = ADVANCED_FACE( '', ( #333 ), #334, .T. );
#154 = PRESENTATION_STYLE_ASSIGNMENT( ( #335 ) );
#155 = ADVANCED_FACE( '', ( #336 ), #337, .T. );
#156 = PRESENTATION_STYLE_ASSIGNMENT( ( #338 ) );
#157 = ADVANCED_FACE( '', ( #339 ), #340, .F. );
#158 = PRESENTATION_STYLE_ASSIGNMENT( ( #341 ) );
#159 = ADVANCED_FACE( '', ( #342 ), #343, .F. );
#160 = PRESENTATION_STYLE_ASSIGNMENT( ( #344 ) );
#161 = ADVANCED_FACE( '', ( #345 ), #346, .F. );
#162 = PRESENTATION_STYLE_ASSIGNMENT( ( #347 ) );
#163 = ADVANCED_FACE( '', ( #348 ), #349, .F. );
#164 = PRESENTATION_STYLE_ASSIGNMENT( ( #350 ) );
#165 = ADVANCED_FACE( '', ( #351 ), #352, .T. );
#166 = PRESENTATION_STYLE_ASSIGNMENT( ( #353 ) );
#167 = ADVANCED_FACE( '', ( #354 ), #355, .F. );
#168 = PRESENTATION_STYLE_ASSIGNMENT( ( #356 ) );
#169 = ADVANCED_FACE( '', ( #357 ), #358, .T. );
#170 = PRESENTATION_STYLE_ASSIGNMENT( ( #359 ) );
#171 = ADVANCED_FACE( '', ( #360 ), #361, .T. );
#172 = PRESENTATION_STYLE_ASSIGNMENT( ( #362 ) );
#173 = ADVANCED_FACE( '', ( #363 ), #364, .F. );
#174 = PRESENTATION_STYLE_ASSIGNMENT( ( #365 ) );
#175 = ADVANCED_FACE( '', ( #366 ), #367, .T. );
#176 = PRESENTATION_STYLE_ASSIGNMENT( ( #368 ) );
#177 = ADVANCED_FACE( '', ( #369 ), #370, .T. );
#178 = PRESENTATION_STYLE_ASSIGNMENT( ( #371 ) );
#179 = ADVANCED_FACE( '', ( #372 ), #373, .F. );
#180 = PRESENTATION_STYLE_ASSIGNMENT( ( #374 ) );
#181 = ADVANCED_FACE( '', ( #375 ), #376, .F. );
#182 = PRESENTATION_STYLE_ASSIGNMENT( ( #377 ) );
#183 = ADVANCED_FACE( '', ( #378 ), #379, .F. );
#184 = PRESENTATION_STYLE_ASSIGNMENT( ( #380 ) );
#185 = ADVANCED_FACE( '', ( #381 ), #382, .F. );
#186 = PRESENTATION_STYLE_ASSIGNMENT( ( #383 ) );
#187 = ADVANCED_FACE( '', ( #384 ), #385, .F. );
#188 = PRESENTATION_STYLE_ASSIGNMENT( ( #386 ) );
#189 = ADVANCED_FACE( '', ( #387 ), #388, .F. );
#190 = PRESENTATION_STYLE_ASSIGNMENT( ( #389 ) );
#191 = ADVANCED_FACE( '', ( #390 ), #391, .F. );
#192 = PRESENTATION_STYLE_ASSIGNMENT( ( #392 ) );
#193 = ADVANCED_FACE( '', ( #393 ), #394, .T. );
#194 = PRESENTATION_STYLE_ASSIGNMENT( ( #395 ) );
#195 = ADVANCED_FACE( '', ( #396 ), #397, .T. );
#196 = PRESENTATION_STYLE_ASSIGNMENT( ( #398 ) );
#197 = ADVANCED_FACE( '', ( #399 ), #400, .F. );
#198 = PRESENTATION_STYLE_ASSIGNMENT( ( #401 ) );
#199 = ADVANCED_FACE( '', ( #402, #403 ), #404, .F. );
#200 = PRESENTATION_STYLE_ASSIGNMENT( ( #405 ) );
#201 = ADVANCED_FACE( '', ( #406 ), #407, .T. );
#202 = PRESENTATION_STYLE_ASSIGNMENT( ( #408 ) );
#203 = ADVANCED_FACE( '', ( #409 ), #410, .T. );
#204 = PRESENTATION_STYLE_ASSIGNMENT( ( #411 ) );
#205 = ADVANCED_FACE( '', ( #412, #413 ), #414, .F. );
#206 = PRESENTATION_STYLE_ASSIGNMENT( ( #415 ) );
#207 = ADVANCED_FACE( '', ( #416 ), #417, .F. );
#208 = PRESENTATION_STYLE_ASSIGNMENT( ( #418 ) );
#209 = ADVANCED_FACE( '', ( #419 ), #420, .F. );
#210 = PRESENTATION_STYLE_ASSIGNMENT( ( #421 ) );
#211 = ADVANCED_FACE( '', ( #422 ), #423, .T. );
#212 = PRESENTATION_STYLE_ASSIGNMENT( ( #424 ) );
#213 = ADVANCED_FACE( '', ( #425 ), #426, .F. );
#214 = PRESENTATION_STYLE_ASSIGNMENT( ( #427 ) );
#215 = ADVANCED_FACE( '', ( #428 ), #429, .T. );
#216 = PRESENTATION_STYLE_ASSIGNMENT( ( #430 ) );
#217 = ADVANCED_FACE( '', ( #431 ), #432, .F. );
#218 = PRESENTATION_STYLE_ASSIGNMENT( ( #433 ) );
#219 = ADVANCED_FACE( '', ( #434 ), #435, .F. );
#220 = PRESENTATION_STYLE_ASSIGNMENT( ( #436 ) );
#221 = ADVANCED_FACE( '', ( #437 ), #438, .F. );
#222 = PRESENTATION_STYLE_ASSIGNMENT( ( #439 ) );
#223 = ADVANCED_FACE( '', ( #440 ), #441, .T. );
#224 = PRESENTATION_STYLE_ASSIGNMENT( ( #442 ) );
#225 = ADVANCED_FACE( '', ( #443, #444 ), #445, .T. );
#226 = PRESENTATION_STYLE_ASSIGNMENT( ( #446 ) );
#227 = ADVANCED_FACE( '', ( #447 ), #448, .F. );
#228 = PRESENTATION_STYLE_ASSIGNMENT( ( #449 ) );
#229 = ADVANCED_FACE( '', ( #450 ), #451, .T. );
#230 = PRESENTATION_STYLE_ASSIGNMENT( ( #452 ) );
#231 = ADVANCED_FACE( '', ( #453 ), #454, .T. );
#232 = PRESENTATION_STYLE_ASSIGNMENT( ( #455 ) );
#233 = ADVANCED_FACE( '', ( #456 ), #457, .T. );
#234 = PRESENTATION_STYLE_ASSIGNMENT( ( #458 ) );
#235 = ADVANCED_FACE( '', ( #459 ), #460, .F. );
#236 = PRESENTATION_STYLE_ASSIGNMENT( ( #461 ) );
#237 = ADVANCED_FACE( '', ( #462 ), #463, .F. );
#238 = PRESENTATION_STYLE_ASSIGNMENT( ( #464 ) );
#239 = ADVANCED_FACE( '', ( #465 ), #466, .T. );
#240 = PRESENTATION_STYLE_ASSIGNMENT( ( #467 ) );
#241 = ADVANCED_FACE( '', ( #468 ), #469, .T. );
#242 = PRODUCT( 'Assem1', 'Assem1', 'PART-Assem1-DESC', ( #470 ) );
#243 = PRODUCT_DEFINITION( 'NONE', 'NONE', #471, #2 );
#244 = MAPPED_ITEM( '', #472, #473 );
#245 = MAPPED_ITEM( '', #474, #475 );
#246 = AXIS2_PLACEMENT_3D( '', #476, #477, #478 );
#247 = PRODUCT( 'base', 'base', 'PART-base-DESC', ( #479 ) );
#248 = PRODUCT_DEFINITION( 'NONE', 'NONE', #480, #6 );
#249 = MANIFOLD_SOLID_BREP( 'base', #481 );
#250 = PRODUCT( 'top cover', 'top cover', 'PART-top cover-DESC', ( #482 ) );
#251 = PRODUCT_DEFINITION( 'NONE', 'NONE', #483, #10 );
#252 = MANIFOLD_SOLID_BREP( 'top cover', #484 );
#255 = LENGTH_MEASURE_WITH_UNIT( LENGTH_MEASURE( 1.00000000000000 ), #485 );
#258 = DIMENSIONAL_EXPONENTS( 1.00000000000000, 0.000000000000000, 0.000000000000000, 0.000000000000000, 0.000000000000000, 0.000000000000000, 0.000000000000000 );
#260 = DIMENSIONAL_EXPONENTS( 0.000000000000000, 0.000000000000000, 0.000000000000000, 0.000000000000000, 0.000000000000000, 0.000000000000000, 0.000000000000000 );
#266 = SURFACE_STYLE_USAGE( .BOTH., #486 );
#267 = FACE_OUTER_BOUND( '', #487, .T. );
#268 = PLANE( '', #488 );
#269 = SURFACE_STYLE_USAGE( .BOTH., #489 );
#270 = FACE_OUTER_BOUND( '', #490, .T. );
#271 = CYLINDRICAL_SURFACE( '', #491, 0.0500000000000000 );
#272 = SURFACE_STYLE_USAGE( .BOTH., #492 );
#273 = FACE_OUTER_BOUND( '', #493, .T. );
#274 = CYLINDRICAL_SURFACE( '', #494, 0.200000000000000 );
#275 = SURFACE_STYLE_USAGE( .BOTH., #495 );
#276 = FACE_OUTER_BOUND( '', #496, .T. );
#277 = PLANE( '', #497 );
#278 = SURFACE_STYLE_USAGE( .BOTH., #498 );
#279 = FACE_OUTER_BOUND( '', #499, .T. );
#280 = PLANE( '', #500 );
#281 = SURFACE_STYLE_USAGE( .BOTH., #501 );
#282 = FACE_OUTER_BOUND( '', #502, .T. );
#283 = PLANE( '', #503 );
#284 = SURFACE_STYLE_USAGE( .BOTH., #504 );
#285 = FACE_OUTER_BOUND( '', #505, .T. );
#286 = PLANE( '', #506 );
#287 = SURFACE_STYLE_USAGE( .BOTH., #507 );
#288 = FACE_OUTER_BOUND( '', #508, .T. );
#289 = PLANE( '', #509 );
#290 = SURFACE_STYLE_USAGE( .BOTH., #510 );
#291 = FACE_OUTER_BOUND( '', #511, .T. );
#292 = PLANE( '', #512 );
#293 = SURFACE_STYLE_USAGE( .BOTH., #513 );
#294 = FACE_OUTER_BOUND( '', #514, .T. );
#295 = CYLINDRICAL_SURFACE( '', #515, 0.100000000000000 );
#296 = SURFACE_STYLE_USAGE( .BOTH., #516 );
#297 = FACE_OUTER_BOUND( '', #517, .T. );
#298 = CYLINDRICAL_SURFACE( '', #518, 0.0500000000000000 );
#299 = SURFACE_STYLE_USAGE( .BOTH., #519 );
#300 = FACE_OUTER_BOUND( '', #520, .T. );
#301 = B_SPLINE_SURFACE_WITH_KNOTS( '', 1, 3, ( ( #521, #522, #523, #524, #525, #526, #527, #528, #529, #530 ), ( #531, #532, #533, #534, #535, #536, #537, #538, #539, #540 ) ), .UNSPECIFIED., .F., .F., .F., ( 2, 2 ), ( 4, 3, 3, 4 ), ( 0.000000000000000, 1.00000000000000 ), ( -0.0351077144763282, 0.000000000000000, 1.00000000000000, 1.03510790737269 ), .UNSPECIFIED. );
#302 = SURFACE_STYLE_USAGE( .BOTH., #541 );
#303 = FACE_OUTER_BOUND( '', #542, .T. );
#304 = PLANE( '', #543 );
#305 = SURFACE_STYLE_USAGE( .BOTH., #544 );
#306 = FACE_OUTER_BOUND( '', #545, .T. );
#307 = CYLINDRICAL_SURFACE( '', #546, 0.200000000000000 );
#308 = SURFACE_STYLE_USAGE( .BOTH., #547 );
#309 = FACE_OUTER_BOUND( '', #548, .T. );
#310 = PLANE( '', #549 );
#311 = SURFACE_STYLE_USAGE( .BOTH., #550 );
#312 = FACE_OUTER_BOUND( '', #551, .T. );
#313 = PLANE( '', #552 );
#314 = SURFACE_STYLE_USAGE( .BOTH., #553 );
#315 = FACE_OUTER_BOUND( '', #554, .T. );
#316 = PLANE( '', #555 );
#317 = SURFACE_STYLE_USAGE( .BOTH., #556 );
#318 = FACE_OUTER_BOUND( '', #557, .T. );
#319 = PLANE( '', #558 );
#320 = SURFACE_STYLE_USAGE( .BOTH., #559 );
#321 = FACE_OUTER_BOUND( '', #560, .T. );
#322 = CYLINDRICAL_SURFACE( '', #561, 0.100000000000000 );
#323 = SURFACE_STYLE_USAGE( .BOTH., #562 );
#324 = FACE_OUTER_BOUND( '', #563, .T. );
#325 = PLANE( '', #564 );
#326 = SURFACE_STYLE_USAGE( .BOTH., #565 );
#327 = FACE_OUTER_BOUND( '', #566, .T. );
#328 = PLANE( '', #567 );
#329 = SURFACE_STYLE_USAGE( .BOTH., #568 );
#330 = FACE_OUTER_BOUND( '', #569, .T. );
#331 = PLANE( '', #570 );
#332 = SURFACE_STYLE_USAGE( .BOTH., #571 );
#333 = FACE_OUTER_BOUND( '', #572, .T. );
#334 = PLANE( '', #573 );
#335 = SURFACE_STYLE_USAGE( .BOTH., #574 );
#336 = FACE_OUTER_BOUND( '', #575, .T. );
#337 = PLANE( '', #576 );
#338 = SURFACE_STYLE_USAGE( .BOTH., #577 );
#339 = FACE_OUTER_BOUND( '', #578, .T. );
#340 = CYLINDRICAL_SURFACE( '', #579, 0.0500000000000000 );
#341 = SURFACE_STYLE_USAGE( .BOTH., #580 );
#342 = FACE_OUTER_BOUND( '', #581, .T. );
#343 = B_SPLINE_SURFACE_WITH_KNOTS( '', 1, 3, ( ( #582, #583, #584, #585, #586, #587, #588, #589, #590, #591 ), ( #592, #593, #594, #595, #596, #597, #598, #599, #600, #601 ) ), .UNSPECIFIED., .F., .F., .F., ( 2, 2 ), ( 4, 3, 3, 4 ), ( 0.000000000000000, 1.00000000000000 ), ( -0.0351077144763282, 0.000000000000000, 1.00000000000000, 1.03510790737268 ), .UNSPECIFIED. );
#344 = SURFACE_STYLE_USAGE( .BOTH., #602 );
#345 = FACE_OUTER_BOUND( '', #603, .T. );
#346 = PLANE( '', #604 );
#347 = SURFACE_STYLE_USAGE( .BOTH., #605 );
#348 = FACE_OUTER_BOUND( '', #606, .T. );
#349 = PLANE( '', #607 );
#350 = SURFACE_STYLE_USAGE( .BOTH., #608 );
#351 = FACE_OUTER_BOUND( '', #609, .T. );
#352 = CYLINDRICAL_SURFACE( '', #610, 0.200000000000000 );
#353 = SURFACE_STYLE_USAGE( .BOTH., #611 );
#354 = FACE_OUTER_BOUND( '', #612, .T. );
#355 = CYLINDRICAL_SURFACE( '', #613, 0.0500000000000000 );
#356 = SURFACE_STYLE_USAGE( .BOTH., #614 );
#357 = FACE_OUTER_BOUND( '', #615, .T. );
#358 = PLANE( '', #616 );
#359 = SURFACE_STYLE_USAGE( .BOTH., #617 );
#360 = FACE_OUTER_BOUND( '', #618, .T. );
#361 = PLANE( '', #619 );
#362 = SURFACE_STYLE_USAGE( .BOTH., #620 );
#363 = FACE_OUTER_BOUND( '', #621, .T. );
#364 = PLANE( '', #622 );
#365 = SURFACE_STYLE_USAGE( .BOTH., #623 );
#366 = FACE_OUTER_BOUND( '', #624, .T. );
#367 = PLANE( '', #625 );
#368 = SURFACE_STYLE_USAGE( .BOTH., #626 );
#369 = FACE_OUTER_BOUND( '', #627, .T. );
#370 = CYLINDRICAL_SURFACE( '', #628, 0.350000000000000 );
#371 = SURFACE_STYLE_USAGE( .BOTH., #629 );
#372 = FACE_OUTER_BOUND( '', #630, .T. );
#373 = B_SPLINE_SURFACE_WITH_KNOTS( '', 1, 3, ( ( #631, #632, #633, #634, #635, #636, #637, #638, #639, #640 ), ( #641, #642, #643, #644, #645, #646, #647, #648, #649, #650 ) ), .UNSPECIFIED., .F., .F., .F., ( 2, 2 ), ( 4, 3, 3, 4 ), ( 0.000000000000000, 1.00000000000000 ), ( -0.0351077144763115, 0.000000000000000, 1.00000000000000, 1.03510790737267 ), .UNSPECIFIED. );
#374 = SURFACE_STYLE_USAGE( .BOTH., #651 );
#375 = FACE_OUTER_BOUND( '', #652, .T. );
#376 = PLANE( '', #653 );
#377 = SURFACE_STYLE_USAGE( .BOTH., #654 );
#378 = FACE_OUTER_BOUND( '', #655, .T. );
#379 = CYLINDRICAL_SURFACE( '', #656, 0.0500000000000000 );
#380 = SURFACE_STYLE_USAGE( .BOTH., #657 );
#381 = FACE_OUTER_BOUND( '', #658, .T. );
#382 = CYLINDRICAL_SURFACE( '', #659, 0.100000000000000 );
#383 = SURFACE_STYLE_USAGE( .BOTH., #660 );
#384 = FACE_OUTER_BOUND( '', #661, .T. );
#385 = PLANE( '', #662 );
#386 = SURFACE_STYLE_USAGE( .BOTH., #663 );
#387 = FACE_OUTER_BOUND( '', #664, .T. );
#388 = CYLINDRICAL_SURFACE( '', #665, 0.0500000000000000 );
#389 = SURFACE_STYLE_USAGE( .BOTH., #666 );
#390 = FACE_OUTER_BOUND( '', #667, .T. );
#391 = PLANE( '', #668 );
#392 = SURFACE_STYLE_USAGE( .BOTH., #669 );
#393 = FACE_OUTER_BOUND( '', #670, .T. );
#394 = CYLINDRICAL_SURFACE( '', #671, 0.200000000000000 );
#395 = SURFACE_STYLE_USAGE( .BOTH., #672 );
#396 = FACE_OUTER_BOUND( '', #673, .T. );
#397 = PLANE( '', #674 );
#398 = SURFACE_STYLE_USAGE( .BOTH., #675 );
#399 = FACE_OUTER_BOUND( '', #676, .T. );
#400 = PLANE( '', #677 );
#401 = SURFACE_STYLE_USAGE( .BOTH., #678 );
#402 = FACE_OUTER_BOUND( '', #679, .T. );
#403 = FACE_OUTER_BOUND( '', #680, .T. );
#404 = CYLINDRICAL_SURFACE( '', #681, 1.57500000000000 );
#405 = SURFACE_STYLE_USAGE( .BOTH., #682 );
#406 = FACE_OUTER_BOUND( '', #683, .T. );
#407 = CYLINDRICAL_SURFACE( '', #684, 0.200000000000000 );
#408 = SURFACE_STYLE_USAGE( .BOTH., #685 );
#409 = FACE_OUTER_BOUND( '', #686, .T. );
#410 = PLANE( '', #687 );
#411 = SURFACE_STYLE_USAGE( .BOTH., #688 );
#412 = FACE_BOUND( '', #689, .T. );
#413 = FACE_OUTER_BOUND( '', #690, .T. );
#414 = PLANE( '', #691 );
#415 = SURFACE_STYLE_USAGE( .BOTH., #692 );
#416 = FACE_OUTER_BOUND( '', #693, .T. );
#417 = PLANE( '', #694 );
#418 = SURFACE_STYLE_USAGE( .BOTH., #695 );
#419 = FACE_OUTER_BOUND( '', #696, .T. );
#420 = CYLINDRICAL_SURFACE( '', #697, 0.0500000000000000 );
#421 = SURFACE_STYLE_USAGE( .BOTH., #698 );
#422 = FACE_OUTER_BOUND( '', #699, .T. );
#423 = B_SPLINE_SURFACE_WITH_KNOTS( '', 1, 3, ( ( #700, #701, #702, #703, #704, #705, #706, #707, #708, #709 ), ( #710, #711, #712, #713, #714, #715, #716, #717, #718, #719 ) ), .UNSPECIFIED., .F., .F., .F., ( 2, 2 ), ( 4, 3, 3, 4 ), ( 0.000000000000000, 1.00000000000000 ), ( -0.0351077144763162, 0.000000000000000, 1.00000000000000, 1.03510790737268 ), .UNSPECIFIED. );
#424 = SURFACE_STYLE_USAGE( .BOTH., #720 );
#425 = FACE_OUTER_BOUND( '', #721, .T. );
#426 = PLANE( '', #722 );
#427 = SURFACE_STYLE_USAGE( .BOTH., #723 );
#428 = FACE_OUTER_BOUND( '', #724, .T. );
#429 = PLANE( '', #725 );
#430 = SURFACE_STYLE_USAGE( .BOTH., #726 );
#431 = FACE_OUTER_BOUND( '', #727, .T. );
#432 = CYLINDRICAL_SURFACE( '', #728, 0.100000000000000 );
#433 = SURFACE_STYLE_USAGE( .BOTH., #729 );
#434 = FACE_OUTER_BOUND( '', #730, .T. );
#435 = PLANE( '', #731 );
#436 = SURFACE_STYLE_USAGE( .BOTH., #732 );
#437 = FACE_OUTER_BOUND( '', #733, .T. );
#438 = CYLINDRICAL_SURFACE( '', #734, 0.0500000000000000 );
#439 = SURFACE_STYLE_USAGE( .BOTH., #735 );
#440 = FACE_OUTER_BOUND( '', #736, .T. );
#441 = PLANE( '', #737 );
#442 = SURFACE_STYLE_USAGE( .BOTH., #738 );
#443 = FACE_BOUND( '', #739, .T. );
#444 = FACE_OUTER_BOUND( '', #740, .T. );
#445 = PLANE( '', #741 );
#446 = SURFACE_STYLE_USAGE( .BOTH., #742 );
#447 = FACE_OUTER_BOUND( '', #743, .T. );
#448 = PLANE( '', #744 );
#449 = SURFACE_STYLE_USAGE( .BOTH., #745 );
#450 = FACE_OUTER_BOUND( '', #746, .T. );
#451 = PLANE( '', #747 );
#452 = SURFACE_STYLE_USAGE( .BOTH., #748 );
#453 = FACE_OUTER_BOUND( '', #749, .T. );
#454 = CYLINDRICAL_SURFACE( '', #750, 0.200000000000000 );
#455 = SURFACE_STYLE_USAGE( .BOTH., #751 );
#456 = FACE_OUTER_BOUND( '', #752, .T. );
#457 = CYLINDRICAL_SURFACE( '', #753, 0.200000000000000 );
#458 = SURFACE_STYLE_USAGE( .BOTH., #754 );
#459 = FACE_OUTER_BOUND( '', #755, .T. );
#460 = PLANE( '', #756 );
#461 = SURFACE_STYLE_USAGE( .BOTH., #757 );
#462 = FACE_OUTER_BOUND( '', #758, .T. );
#463 = PLANE( '', #759 );
#464 = SURFACE_STYLE_USAGE( .BOTH., #760 );
#465 = FACE_OUTER_BOUND( '', #761, .T. );
#466 = CYLINDRICAL_SURFACE( '', #762, 0.200000000000000 );
#467 = SURFACE_STYLE_USAGE( .BOTH., #763 );
#468 = FACE_OUTER_BOUND( '', #764, .T. );
#469 = PLANE( '', #765 );
#470 = PRODUCT_CONTEXT( '', #85, 'mechanical' );
#471 = PRODUCT_DEFINITION_FORMATION_WITH_SPECIFIED_SOURCE( ' ', 'NONE', #242, .NOT_KNOWN. );
#472 = REPRESENTATION_MAP( #246, #94 );
#473 = AXIS2_PLACEMENT_3D( '', #766, #767, #768 );
#474 = REPRESENTATION_MAP( #246, #99 );
#475 = AXIS2_PLACEMENT_3D( '', #769, #770, #771 );
#476 = CARTESIAN_POINT( '', ( 0.000000000000000, 0.000000000000000, 0.000000000000000 ) );
#477 = DIRECTION( '', ( 0.000000000000000, 0.000000000000000, 1.00000000000000 ) );
#478 = DIRECTION( '', ( 1.00000000000000, 0.000000000000000, 0.000000000000000 ) );
#479 = PRODUCT_CONTEXT( '', #90, 'mechanical' );
#480 = PRODUCT_DEFINITION_FORMATION_WITH_SPECIFIED_SOURCE( ' ', 'NONE', #247, .NOT_KNOWN. );
#481 = CLOSED_SHELL( '', ( #772, #773, #774, #775, #776, #777, #778, #779, #780, #781, #782, #783, #784, #785, #786, #787, #788, #789, #790, #791, #792, #793, #794, #795, #796, #797, #798, #799, #800, #801, #802, #803, #804, #805, #806, #807, #808, #809, #810, #811, #812, #813, #814, #815, #816, #817, #818, #819, #820, #821, #822, #823, #824, #825, #826, #827, #828, #829, #830, #831, #832, #833, #834, #835, #836, #837, #838, #839, #840, #841, #842, #843, #844, #845, #846, #847, #848, #849, #850, #851, #852, #853, #854, #855, #856, #857, #858, #859, #860, #861, #862, #863, #864, #865, #866, #867, #868 ) );
#482 = PRODUCT_CONTEXT( '', #95, 'mechanical' );
#483 = PRODUCT_DEFINITION_FORMATION_WITH_SPECIFIED_SOURCE( ' ', 'NONE', #250, .NOT_KNOWN. );
#484 = CLOSED_SHELL( '', ( #207, #177, #109, #137, #187, #227, #143, #121, #231, #233, #175, #111, #129, #239, #213, #145, #123, #191, #217, #163, #203, #161, #157, #131, #165, #159, #223, #125, #179, #221, #211, #181, #201, #171, #133, #117, #167, #135, #141, #183, #193, #147, #235, #127, #185, #237, #215, #195, #155, #173, #241, #225, #205, #153, #197, #149, #139, #189, #199, #115, #113, #209, #119, #229, #151, #219, #169 ) );
#485 =  ( NAMED_UNIT( #258 )LENGTH_UNIT(  )SI_UNIT( .MILLI., .METRE. ) );
#486 = SURFACE_SIDE_STYLE( '', ( #870 ) );
#487 = EDGE_LOOP( '', ( #871, #872, #873, #874, #875, #876, #877, #878 ) );
#488 = AXIS2_PLACEMENT_3D( '', #879, #880, #881 );
#489 = SURFACE_SIDE_STYLE( '', ( #882 ) );
#490 = EDGE_LOOP( '', ( #883, #884, #885, #886 ) );
#491 = AXIS2_PLACEMENT_3D( '', #887, #888, #889 );
#492 = SURFACE_SIDE_STYLE( '', ( #890 ) );
#493 = EDGE_LOOP( '', ( #891, #892, #893, #894 ) );
#494 = AXIS2_PLACEMENT_3D( '', #895, #896, #897 );
#495 = SURFACE_SIDE_STYLE( '', ( #898 ) );
#496 = EDGE_LOOP( '', ( #899, #900, #901, #902, #903, #904 ) );
#497 = AXIS2_PLACEMENT_3D( '', #905, #906, #907 );
#498 = SURFACE_SIDE_STYLE( '', ( #908 ) );
#499 = EDGE_LOOP( '', ( #909, #910, #911, #912 ) );
#500 = AXIS2_PLACEMENT_3D( '', #913, #914, #915 );
#501 = SURFACE_SIDE_STYLE( '', ( #916 ) );
#502 = EDGE_LOOP( '', ( #917, #918, #919, #920 ) );
#503 = AXIS2_PLACEMENT_3D( '', #921, #922, #923 );
#504 = SURFACE_SIDE_STYLE( '', ( #924 ) );
#505 = EDGE_LOOP( '', ( #925, #926, #927, #928, #929, #930, #931, #932 ) );
#506 = AXIS2_PLACEMENT_3D( '', #933, #934, #935 );
#507 = SURFACE_SIDE_STYLE( '', ( #936 ) );
#508 = EDGE_LOOP( '', ( #937, #938, #939, #940 ) );
#509 = AXIS2_PLACEMENT_3D( '', #941, #942, #943 );
#510 = SURFACE_SIDE_STYLE( '', ( #944 ) );
#511 = EDGE_LOOP( '', ( #945, #946, #947, #948 ) );
#512 = AXIS2_PLACEMENT_3D( '', #949, #950, #951 );
#513 = SURFACE_SIDE_STYLE( '', ( #952 ) );
#514 = EDGE_LOOP( '', ( #953, #954, #955, #956 ) );
#515 = AXIS2_PLACEMENT_3D( '', #957, #958, #959 );
#516 = SURFACE_SIDE_STYLE( '', ( #960 ) );
#517 = EDGE_LOOP( '', ( #961, #962, #963, #964 ) );
#518 = AXIS2_PLACEMENT_3D( '', #965, #966, #967 );
#519 = SURFACE_SIDE_STYLE( '', ( #968 ) );
#520 = EDGE_LOOP( '', ( #969, #970, #971, #972 ) );
#521 = CARTESIAN_POINT( '', ( -2.93903150027988, 2.89999999999991, 0.851077629227153 ) );
#522 = CARTESIAN_POINT( '', ( -2.93885279343304, 2.89999999999991, 0.850718419484768 ) );
#523 = CARTESIAN_POINT( '', ( -2.93867408658621, 2.89999999999991, 0.850359209742384 ) );
#524 = CARTESIAN_POINT( '', ( -2.93849537973937, 2.89999999999991, 0.850000000000000 ) );
#525 = CARTESIAN_POINT( '', ( -2.93340513534432, 2.89999999999991, 0.839768352974783 ) );
#526 = CARTESIAN_POINT( '', ( -2.92831489094927, 2.90078768158065, 0.829536806726016 ) );
#527 = CARTESIAN_POINT( '', ( -2.92322464655423, 2.90235120478979, 0.819425381330220 ) );
#528 = CARTESIAN_POINT( '', ( -2.92304593872551, 2.90240609681779, 0.819070390344019 ) );
#529 = CARTESIAN_POINT( '', ( -2.92286723089678, 2.90246098884580, 0.818715399357818 ) );
#530 = CARTESIAN_POINT( '', ( -2.92268852306806, 2.90251588087380, 0.818360408371617 ) );
#531 = CARTESIAN_POINT( '', ( -2.93903149616155, 3.04999999999991, 0.850269405237261 ) );
#532 = CARTESIAN_POINT( '', ( -2.93885279068749, 3.04999999999991, 0.850179603491503 ) );
#533 = CARTESIAN_POINT( '', ( -2.93867408521343, 3.04999999999991, 0.850089801745745 ) );
#534 = CARTESIAN_POINT( '', ( -2.93849537973937, 3.04999999999991, 0.849999999999986 ) );
#535 = CARTESIAN_POINT( '', ( -2.93340517444618, 3.04999999999991, 0.847442107892855 ) );
#536 = CARTESIAN_POINT( '', ( -2.92831483474379, 3.05019765958830, 0.844884273234597 ) );
#537 = CARTESIAN_POINT( '', ( -2.92322464655423, 3.05058807255483, 0.842356387309273 ) );
#538 = CARTESIAN_POINT( '', ( -2.92304594069876, 3.05060177913710, 0.842267638524358 ) );
#539 = CARTESIAN_POINT( '', ( -2.92286723484330, 3.05061548571936, 0.842178889739443 ) );
#540 = CARTESIAN_POINT( '', ( -2.92268852898783, 3.05062919230163, 0.842090140954529 ) );
#541 = SURFACE_SIDE_STYLE( '', ( #973 ) );
#542 = EDGE_LOOP( '', ( #974, #975, #976, #977 ) );
#543 = AXIS2_PLACEMENT_3D( '', #978, #979, #980 );
#544 = SURFACE_SIDE_STYLE( '', ( #981 ) );
#545 = EDGE_LOOP( '', ( #982, #983, #984, #985 ) );
#546 = AXIS2_PLACEMENT_3D( '', #986, #987, #988 );
#547 = SURFACE_SIDE_STYLE( '', ( #989 ) );
#548 = EDGE_LOOP( '', ( #990, #991, #992, #993 ) );
#549 = AXIS2_PLACEMENT_3D( '', #994, #995, #996 );
#550 = SURFACE_SIDE_STYLE( '', ( #997 ) );
#551 = EDGE_LOOP( '', ( #998, #999, #1000, #1001 ) );
#552 = AXIS2_PLACEMENT_3D( '', #1002, #1003, #1004 );
#553 = SURFACE_SIDE_STYLE( '', ( #1005 ) );
#554 = EDGE_LOOP( '', ( #1006, #1007, #1008, #1009, #1010, #1011 ) );
#555 = AXIS2_PLACEMENT_3D( '', #1012, #1013, #1014 );
#556 = SURFACE_SIDE_STYLE( '', ( #1015 ) );
#557 = EDGE_LOOP( '', ( #1016, #1017, #1018, #1019, #1020, #1021, #1022, #1023 ) );
#558 = AXIS2_PLACEMENT_3D( '', #1024, #1025, #1026 );
#559 = SURFACE_SIDE_STYLE( '', ( #1027 ) );
#560 = EDGE_LOOP( '', ( #1028, #1029, #1030, #1031 ) );
#561 = AXIS2_PLACEMENT_3D( '', #1032, #1033, #1034 );
#562 = SURFACE_SIDE_STYLE( '', ( #1035 ) );
#563 = EDGE_LOOP( '', ( #1036, #1037, #1038, #1039, #1040, #1041 ) );
#564 = AXIS2_PLACEMENT_3D( '', #1042, #1043, #1044 );
#565 = SURFACE_SIDE_STYLE( '', ( #1045 ) );
#566 = EDGE_LOOP( '', ( #1046, #1047, #1048, #1049 ) );
#567 = AXIS2_PLACEMENT_3D( '', #1050, #1051, #1052 );
#568 = SURFACE_SIDE_STYLE( '', ( #1053 ) );
#569 = EDGE_LOOP( '', ( #1054, #1055, #1056, #1057 ) );
#570 = AXIS2_PLACEMENT_3D( '', #1058, #1059, #1060 );
#571 = SURFACE_SIDE_STYLE( '', ( #1061 ) );
#572 = EDGE_LOOP( '', ( #1062, #1063, #1064, #1065 ) );
#573 = AXIS2_PLACEMENT_3D( '', #1066, #1067, #1068 );
#574 = SURFACE_SIDE_STYLE( '', ( #1069 ) );
#575 = EDGE_LOOP( '', ( #1070, #1071, #1072, #1073, #1074, #1075, #1076, #1077, #1078, #1079, #1080, #1081 ) );
#576 = AXIS2_PLACEMENT_3D( '', #1082, #1083, #1084 );
#577 = SURFACE_SIDE_STYLE( '', ( #1085 ) );
#578 = EDGE_LOOP( '', ( #1086, #1087, #1088, #1089 ) );
#579 = AXIS2_PLACEMENT_3D( '', #1090, #1091, #1092 );
#580 = SURFACE_SIDE_STYLE( '', ( #1093 ) );
#581 = EDGE_LOOP( '', ( #1094, #1095, #1096, #1097 ) );
#582 = CARTESIAN_POINT( '', ( 2.93903150027988, 2.89999999999991, 0.851077629227153 ) );
#583 = CARTESIAN_POINT( '', ( 2.93885279343304, 2.89999999999991, 0.850718419484768 ) );
#584 = CARTESIAN_POINT( '', ( 2.93867408658621, 2.89999999999991, 0.850359209742384 ) );
#585 = CARTESIAN_POINT( '', ( 2.93849537973937, 2.89999999999991, 0.850000000000000 ) );
#586 = CARTESIAN_POINT( '', ( 2.93340513534432, 2.89999999999991, 0.839768352974778 ) );
#587 = CARTESIAN_POINT( '', ( 2.92831489094928, 2.90078768158064, 0.829536806726021 ) );
#588 = CARTESIAN_POINT( '', ( 2.92322464655423, 2.90235120478979, 0.819425381330220 ) );
#589 = CARTESIAN_POINT( '', ( 2.92304593872551, 2.90240609681779, 0.819070390344019 ) );
#590 = CARTESIAN_POINT( '', ( 2.92286723089678, 2.90246098884580, 0.818715399357818 ) );
#591 = CARTESIAN_POINT( '', ( 2.92268852306806, 2.90251588087380, 0.818360408371617 ) );
#592 = CARTESIAN_POINT( '', ( 2.93903149616155, 3.04999999999991, 0.850269405237261 ) );
#593 = CARTESIAN_POINT( '', ( 2.93885279068749, 3.04999999999991, 0.850179603491503 ) );
#594 = CARTESIAN_POINT( '', ( 2.93867408521343, 3.04999999999991, 0.850089801745745 ) );
#595 = CARTESIAN_POINT( '', ( 2.93849537973937, 3.04999999999991, 0.849999999999986 ) );
#596 = CARTESIAN_POINT( '', ( 2.93340517444618, 3.04999999999991, 0.847442107892855 ) );
#597 = CARTESIAN_POINT( '', ( 2.92831483474379, 3.05019765958830, 0.844884273234597 ) );
#598 = CARTESIAN_POINT( '', ( 2.92322464655423, 3.05058807255483, 0.842356387309273 ) );
#599 = CARTESIAN_POINT( '', ( 2.92304594069876, 3.05060177913710, 0.842267638524358 ) );
#600 = CARTESIAN_POINT( '', ( 2.92286723484330, 3.05061548571936, 0.842178889739443 ) );
#601 = CARTESIAN_POINT( '', ( 2.92268852898783, 3.05062919230163, 0.842090140954529 ) );
#602 = SURFACE_SIDE_STYLE( '', ( #1098 ) );
#603 = EDGE_LOOP( '', ( #1099, #1100, #1101, #1102, #1103, #1104, #1105, #1106, #1107, #1108, #1109, #1110 ) );
#604 = AXIS2_PLACEMENT_3D( '', #1111, #1112, #1113 );
#605 = SURFACE_SIDE_STYLE( '', ( #1114 ) );
#606 = EDGE_LOOP( '', ( #1115, #1116, #1117, #1118 ) );
#607 = AXIS2_PLACEMENT_3D( '', #1119, #1120, #1121 );
#608 = SURFACE_SIDE_STYLE( '', ( #1122 ) );
#609 = EDGE_LOOP( '', ( #1123, #1124, #1125, #1126 ) );
#610 = AXIS2_PLACEMENT_3D( '', #1127, #1128, #1129 );
#611 = SURFACE_SIDE_STYLE( '', ( #1130 ) );
#612 = EDGE_LOOP( '', ( #1131, #1132, #1133, #1134 ) );
#613 = AXIS2_PLACEMENT_3D( '', #1135, #1136, #1137 );
#614 = SURFACE_SIDE_STYLE( '', ( #1138 ) );
#615 = EDGE_LOOP( '', ( #1139, #1140, #1141, #1142 ) );
#616 = AXIS2_PLACEMENT_3D( '', #1143, #1144, #1145 );
#617 = SURFACE_SIDE_STYLE( '', ( #1146 ) );
#618 = EDGE_LOOP( '', ( #1147, #1148, #1149, #1150 ) );
#619 = AXIS2_PLACEMENT_3D( '', #1151, #1152, #1153 );
#620 = SURFACE_SIDE_STYLE( '', ( #1154 ) );
#621 = EDGE_LOOP( '', ( #1155, #1156, #1157, #1158, #1159, #1160, #1161, #1162 ) );
#622 = AXIS2_PLACEMENT_3D( '', #1163, #1164, #1165 );
#623 = SURFACE_SIDE_STYLE( '', ( #1166 ) );
#624 = EDGE_LOOP( '', ( #1167, #1168, #1169, #1170, #1171, #1172, #1173, #1174 ) );
#625 = AXIS2_PLACEMENT_3D( '', #1175, #1176, #1177 );
#626 = SURFACE_SIDE_STYLE( '', ( #1178 ) );
#627 = EDGE_LOOP( '', ( #1179, #1180, #1181, #1182 ) );
#628 = AXIS2_PLACEMENT_3D( '', #1183, #1184, #1185 );
#629 = SURFACE_SIDE_STYLE( '', ( #1186 ) );
#630 = EDGE_LOOP( '', ( #1187, #1188, #1189, #1190 ) );
#631 = CARTESIAN_POINT( '', ( -2.93903150027988, -2.89999999999991, 0.851077629227153 ) );
#632 = CARTESIAN_POINT( '', ( -2.93885279343304, -2.89999999999991, 0.850718419484768 ) );
#633 = CARTESIAN_POINT( '', ( -2.93867408658621, -2.89999999999991, 0.850359209742384 ) );
#634 = CARTESIAN_POINT( '', ( -2.93849537973937, -2.89999999999991, 0.850000000000000 ) );
#635 = CARTESIAN_POINT( '', ( -2.93340513534432, -2.89999999999991, 0.839768352974776 ) );
#636 = CARTESIAN_POINT( '', ( -2.92831489094927, -2.90078768158065, 0.829536806726013 ) );
#637 = CARTESIAN_POINT( '', ( -2.92322464655423, -2.90235120478979, 0.819425381330212 ) );
#638 = CARTESIAN_POINT( '', ( -2.92304593872550, -2.90240609681779, 0.819070390344011 ) );
#639 = CARTESIAN_POINT( '', ( -2.92286723089677, -2.90246098884580, 0.818715399357809 ) );
#640 = CARTESIAN_POINT( '', ( -2.92268852306805, -2.90251588087380, 0.818360408371608 ) );
#641 = CARTESIAN_POINT( '', ( -2.93903149616155, -3.04999999999991, 0.850269405237261 ) );
#642 = CARTESIAN_POINT( '', ( -2.93885279068749, -3.04999999999991, 0.850179603491503 ) );
#643 = CARTESIAN_POINT( '', ( -2.93867408521343, -3.04999999999991, 0.850089801745745 ) );
#644 = CARTESIAN_POINT( '', ( -2.93849537973937, -3.04999999999991, 0.849999999999986 ) );
#645 = CARTESIAN_POINT( '', ( -2.93340517444617, -3.04999999999991, 0.847442107892854 ) );
#646 = CARTESIAN_POINT( '', ( -2.92831483474379, -3.05019765958830, 0.844884273234595 ) );
#647 = CARTESIAN_POINT( '', ( -2.92322464655423, -3.05058807255483, 0.842356387309270 ) );
#648 = CARTESIAN_POINT( '', ( -2.92304594069876, -3.05060177913710, 0.842267638524356 ) );
#649 = CARTESIAN_POINT( '', ( -2.92286723484329, -3.05061548571936, 0.842178889739441 ) );
#650 = CARTESIAN_POINT( '', ( -2.92268852898782, -3.05062919230163, 0.842090140954526 ) );
#651 = SURFACE_SIDE_STYLE( '', ( #1191 ) );
#652 = EDGE_LOOP( '', ( #1192, #1193, #1194, #1195 ) );
#653 = AXIS2_PLACEMENT_3D( '', #1196, #1197, #1198 );
#654 = SURFACE_SIDE_STYLE( '', ( #1199 ) );
#655 = EDGE_LOOP( '', ( #1200, #1201, #1202, #1203 ) );
#656 = AXIS2_PLACEMENT_3D( '', #1204, #1205, #1206 );
#657 = SURFACE_SIDE_STYLE( '', ( #1207 ) );
#658 = EDGE_LOOP( '', ( #1208, #1209, #1210, #1211 ) );
#659 = AXIS2_PLACEMENT_3D( '', #1212, #1213, #1214 );
#660 = SURFACE_SIDE_STYLE( '', ( #1215 ) );
#661 = EDGE_LOOP( '', ( #1216, #1217, #1218, #1219, #1220, #1221, #1222, #1223 ) );
#662 = AXIS2_PLACEMENT_3D( '', #1224, #1225, #1226 );
#663 = SURFACE_SIDE_STYLE( '', ( #1227 ) );
#664 = EDGE_LOOP( '', ( #1228, #1229, #1230, #1231 ) );
#665 = AXIS2_PLACEMENT_3D( '', #1232, #1233, #1234 );
#666 = SURFACE_SIDE_STYLE( '', ( #1235 ) );
#667 = EDGE_LOOP( '', ( #1236, #1237, #1238, #1239 ) );
#668 = AXIS2_PLACEMENT_3D( '', #1240, #1241, #1242 );
#669 = SURFACE_SIDE_STYLE( '', ( #1243 ) );
#670 = EDGE_LOOP( '', ( #1244, #1245, #1246, #1247 ) );
#671 = AXIS2_PLACEMENT_3D( '', #1248, #1249, #1250 );
#672 = SURFACE_SIDE_STYLE( '', ( #1251 ) );
#673 = EDGE_LOOP( '', ( #1252, #1253, #1254, #1255, #1256, #1257, #1258, #1259, #1260, #1261, #1262, #1263 ) );
#674 = AXIS2_PLACEMENT_3D( '', #1264, #1265, #1266 );
#675 = SURFACE_SIDE_STYLE( '', ( #1267 ) );
#676 = EDGE_LOOP( '', ( #1268, #1269, #1270, #1271, #1272, #1273, #1274, #1275 ) );
#677 = AXIS2_PLACEMENT_3D( '', #1276, #1277, #1278 );
#678 = SURFACE_SIDE_STYLE( '', ( #1279 ) );
#679 = EDGE_LOOP( '', ( #1280 ) );
#680 = EDGE_LOOP( '', ( #1281 ) );
#681 = AXIS2_PLACEMENT_3D( '', #1282, #1283, #1284 );
#682 = SURFACE_SIDE_STYLE( '', ( #1285 ) );
#683 = EDGE_LOOP( '', ( #1286, #1287, #1288, #1289 ) );
#684 = AXIS2_PLACEMENT_3D( '', #1290, #1291, #1292 );
#685 = SURFACE_SIDE_STYLE( '', ( #1293 ) );
#686 = EDGE_LOOP( '', ( #1294, #1295, #1296, #1297, #1298, #1299, #1300, #1301, #1302, #1303, #1304, #1305 ) );
#687 = AXIS2_PLACEMENT_3D( '', #1306, #1307, #1308 );
#688 = SURFACE_SIDE_STYLE( '', ( #1309 ) );
#689 = EDGE_LOOP( '', ( #1310 ) );
#690 = EDGE_LOOP( '', ( #1311, #1312, #1313, #1314, #1315, #1316, #1317, #1318, #1319, #1320, #1321, #1322 ) );
#691 = AXIS2_PLACEMENT_3D( '', #1323, #1324, #1325 );
#692 = SURFACE_SIDE_STYLE( '', ( #1326 ) );
#693 = EDGE_LOOP( '', ( #1327, #1328, #1329, #1330, #1331, #1332, #1333, #1334 ) );
#694 = AXIS2_PLACEMENT_3D( '', #1335, #1336, #1337 );
#695 = SURFACE_SIDE_STYLE( '', ( #1338 ) );
#696 = EDGE_LOOP( '', ( #1339, #1340, #1341, #1342 ) );
#697 = AXIS2_PLACEMENT_3D( '', #1343, #1344, #1345 );
#698 = SURFACE_SIDE_STYLE( '', ( #1346 ) );
#699 = EDGE_LOOP( '', ( #1347, #1348, #1349, #1350 ) );
#700 = CARTESIAN_POINT( '', ( 2.93903150027988, -2.89999999999991, 0.851077629227153 ) );
#701 = CARTESIAN_POINT( '', ( 2.93885279343304, -2.89999999999991, 0.850718419484768 ) );
#702 = CARTESIAN_POINT( '', ( 2.93867408658621, -2.89999999999991, 0.850359209742384 ) );
#703 = CARTESIAN_POINT( '', ( 2.93849537973937, -2.89999999999991, 0.850000000000000 ) );
#704 = CARTESIAN_POINT( '', ( 2.93340513534432, -2.89999999999991, 0.839768352974776 ) );
#705 = CARTESIAN_POINT( '', ( 2.92831489094928, -2.90078768158065, 0.829536806726012 ) );
#706 = CARTESIAN_POINT( '', ( 2.92322464655423, -2.90235120478979, 0.819425381330212 ) );
#707 = CARTESIAN_POINT( '', ( 2.92304593872551, -2.90240609681779, 0.819070390344011 ) );
#708 = CARTESIAN_POINT( '', ( 2.92286723089678, -2.90246098884580, 0.818715399357809 ) );
#709 = CARTESIAN_POINT( '', ( 2.92268852306805, -2.90251588087380, 0.818360408371608 ) );
#710 = CARTESIAN_POINT( '', ( 2.93903149616155, -3.04999999999991, 0.850269405237261 ) );
#711 = CARTESIAN_POINT( '', ( 2.93885279068749, -3.04999999999991, 0.850179603491503 ) );
#712 = CARTESIAN_POINT( '', ( 2.93867408521343, -3.04999999999991, 0.850089801745745 ) );
#713 = CARTESIAN_POINT( '', ( 2.93849537973937, -3.04999999999991, 0.849999999999986 ) );
#714 = CARTESIAN_POINT( '', ( 2.93340517444618, -3.04999999999991, 0.847442107892854 ) );
#715 = CARTESIAN_POINT( '', ( 2.92831483474379, -3.05019765958830, 0.844884273234595 ) );
#716 = CARTESIAN_POINT( '', ( 2.92322464655423, -3.05058807255483, 0.842356387309270 ) );
#717 = CARTESIAN_POINT( '', ( 2.92304594069876, -3.05060177913710, 0.842267638524356 ) );
#718 = CARTESIAN_POINT( '', ( 2.92286723484330, -3.05061548571936, 0.842178889739441 ) );
#719 = CARTESIAN_POINT( '', ( 2.92268852898783, -3.05062919230163, 0.842090140954526 ) );
#720 = SURFACE_SIDE_STYLE( '', ( #1351 ) );
#721 = EDGE_LOOP( '', ( #1352, #1353, #1354, #1355, #1356, #1357 ) );
#722 = AXIS2_PLACEMENT_3D( '', #1358, #1359, #1360 );
#723 = SURFACE_SIDE_STYLE( '', ( #1361 ) );
#724 = EDGE_LOOP( '', ( #1362, #1363, #1364, #1365 ) );
#725 = AXIS2_PLACEMENT_3D( '', #1366, #1367, #1368 );
#726 = SURFACE_SIDE_STYLE( '', ( #1369 ) );
#727 = EDGE_LOOP( '', ( #1370, #1371, #1372, #1373 ) );
#728 = AXIS2_PLACEMENT_3D( '', #1374, #1375, #1376 );
#729 = SURFACE_SIDE_STYLE( '', ( #1377 ) );
#730 = EDGE_LOOP( '', ( #1378, #1379, #1380, #1381 ) );
#731 = AXIS2_PLACEMENT_3D( '', #1382, #1383, #1384 );
#732 = SURFACE_SIDE_STYLE( '', ( #1385 ) );
#733 = EDGE_LOOP( '', ( #1386, #1387, #1388, #1389 ) );
#734 = AXIS2_PLACEMENT_3D( '', #1390, #1391, #1392 );
#735 = SURFACE_SIDE_STYLE( '', ( #1393 ) );
#736 = EDGE_LOOP( '', ( #1394, #1395, #1396, #1397 ) );
#737 = AXIS2_PLACEMENT_3D( '', #1398, #1399, #1400 );
#738 = SURFACE_SIDE_STYLE( '', ( #1401 ) );
#739 = EDGE_LOOP( '', ( #1402 ) );
#740 = EDGE_LOOP( '', ( #1403, #1404, #1405, #1406, #1407, #1408, #1409, #1410, #1411, #1412, #1413, #1414 ) );
#741 = AXIS2_PLACEMENT_3D( '', #1415, #1416, #1417 );
#742 = SURFACE_SIDE_STYLE( '', ( #1418 ) );
#743 = EDGE_LOOP( '', ( #1419, #1420, #1421, #1422 ) );
#744 = AXIS2_PLACEMENT_3D( '', #1423, #1424, #1425 );
#745 = SURFACE_SIDE_STYLE( '', ( #1426 ) );
#746 = EDGE_LOOP( '', ( #1427, #1428, #1429, #1430 ) );
#747 = AXIS2_PLACEMENT_3D( '', #1431, #1432, #1433 );
#748 = SURFACE_SIDE_STYLE( '', ( #1434 ) );
#749 = EDGE_LOOP( '', ( #1435, #1436, #1437, #1438 ) );
#750 = AXIS2_PLACEMENT_3D( '', #1439, #1440, #1441 );
#751 = SURFACE_SIDE_STYLE( '', ( #1442 ) );
#752 = EDGE_LOOP( '', ( #1443, #1444, #1445, #1446 ) );
#753 = AXIS2_PLACEMENT_3D( '', #1447, #1448, #1449 );
#754 = SURFACE_SIDE_STYLE( '', ( #1450 ) );
#755 = EDGE_LOOP( '', ( #1451, #1452, #1453, #1454 ) );
#756 = AXIS2_PLACEMENT_3D( '', #1455, #1456, #1457 );
#757 = SURFACE_SIDE_STYLE( '', ( #1458 ) );
#758 = EDGE_LOOP( '', ( #1459, #1460, #1461, #1462, #1463, #1464, #1465, #1466, #1467, #1468, #1469, #1470 ) );
#759 = AXIS2_PLACEMENT_3D( '', #1471, #1472, #1473 );
#760 = SURFACE_SIDE_STYLE( '', ( #1474 ) );
#761 = EDGE_LOOP( '', ( #1475, #1476, #1477, #1478 ) );
#762 = AXIS2_PLACEMENT_3D( '', #1479, #1480, #1481 );
#763 = SURFACE_SIDE_STYLE( '', ( #1482 ) );
#764 = EDGE_LOOP( '', ( #1483, #1484, #1485, #1486 ) );
#765 = AXIS2_PLACEMENT_3D( '', #1487, #1488, #1489 );
#766 = CARTESIAN_POINT( '', ( 0.000000000000000, 0.000000000000000, 0.000000000000000 ) );
#767 = DIRECTION( '', ( 0.000000000000000, 0.000000000000000, 1.00000000000000 ) );
#768 = DIRECTION( '', ( 1.00000000000000, 0.000000000000000, 0.000000000000000 ) );
#769 = CARTESIAN_POINT( '', ( 0.000000000000000, 0.000000000000000, 0.000000000000000 ) );
#770 = DIRECTION( '', ( 0.000000000000000, 0.000000000000000, 1.00000000000000 ) );
#771 = DIRECTION( '', ( 1.00000000000000, 0.000000000000000, 0.000000000000000 ) );
#772 = ADVANCED_FACE( '', ( #1490 ), #1491, .T. );
#773 = ADVANCED_FACE( '', ( #1492, #1493 ), #1494, .T. );
#774 = ADVANCED_FACE( '', ( #1495 ), #1496, .F. );
#775 = ADVANCED_FACE( '', ( #1497 ), #1498, .T. );
#776 = ADVANCED_FACE( '', ( #1499 ), #1500, .F. );
#777 = ADVANCED_FACE( '', ( #1501 ), #1502, .T. );
#778 = ADVANCED_FACE( '', ( #1503 ), #1504, .T. );
#779 = ADVANCED_FACE( '', ( #1505 ), #1506, .F. );
#780 = ADVANCED_FACE( '', ( #1507 ), #1508, .F. );
#781 = ADVANCED_FACE( '', ( #1509 ), #1510, .F. );
#782 = ADVANCED_FACE( '', ( #1511 ), #1512, .F. );
#783 = ADVANCED_FACE( '', ( #1513 ), #1514, .F. );
#784 = ADVANCED_FACE( '', ( #1515 ), #1516, .T. );
#785 = ADVANCED_FACE( '', ( #1517, #1518 ), #1519, .F. );
#786 = ADVANCED_FACE( '', ( #1520 ), #1521, .T. );
#787 = ADVANCED_FACE( '', ( #1522 ), #1523, .T. );
#788 = ADVANCED_FACE( '', ( #1524 ), #1525, .F. );
#789 = ADVANCED_FACE( '', ( #1526 ), #1527, .F. );
#790 = ADVANCED_FACE( '', ( #1528 ), #1529, .F. );
#791 = ADVANCED_FACE( '', ( #1530 ), #1531, .T. );
#792 = ADVANCED_FACE( '', ( #1532 ), #1533, .F. );
#793 = ADVANCED_FACE( '', ( #1534 ), #1535, .T. );
#794 = ADVANCED_FACE( '', ( #1536 ), #1537, .T. );
#795 = ADVANCED_FACE( '', ( #1538 ), #1539, .T. );
#796 = ADVANCED_FACE( '', ( #1540 ), #1541, .T. );
#797 = ADVANCED_FACE( '', ( #1542 ), #1543, .F. );
#798 = ADVANCED_FACE( '', ( #1544, #1545 ), #1546, .T. );
#799 = ADVANCED_FACE( '', ( #1547 ), #1548, .F. );
#800 = ADVANCED_FACE( '', ( #1549 ), #1550, .F. );
#801 = ADVANCED_FACE( '', ( #1551 ), #1552, .T. );
#802 = ADVANCED_FACE( '', ( #1553 ), #1554, .T. );
#803 = ADVANCED_FACE( '', ( #1555 ), #1556, .T. );
#804 = ADVANCED_FACE( '', ( #1557, #1558 ), #1559, .T. );
#805 = ADVANCED_FACE( '', ( #1560 ), #1561, .T. );
#806 = ADVANCED_FACE( '', ( #1562 ), #1563, .T. );
#807 = ADVANCED_FACE( '', ( #1564 ), #1565, .T. );
#808 = ADVANCED_FACE( '', ( #1566 ), #1567, .T. );
#809 = ADVANCED_FACE( '', ( #1568 ), #1569, .T. );
#810 = ADVANCED_FACE( '', ( #1570 ), #1571, .T. );
#811 = ADVANCED_FACE( '', ( #1572 ), #1573, .T. );
#812 = ADVANCED_FACE( '', ( #1574 ), #1575, .T. );
#813 = ADVANCED_FACE( '', ( #1576 ), #1577, .T. );
#814 = ADVANCED_FACE( '', ( #1578 ), #1579, .F. );
#815 = ADVANCED_FACE( '', ( #1580 ), #1581, .F. );
#816 = ADVANCED_FACE( '', ( #1582 ), #1583, .F. );
#817 = ADVANCED_FACE( '', ( #1584 ), #1585, .T. );
#818 = ADVANCED_FACE( '', ( #1586 ), #1587, .F. );
#819 = ADVANCED_FACE( '', ( #1588 ), #1589, .F. );
#820 = ADVANCED_FACE( '', ( #1590 ), #1591, .T. );
#821 = ADVANCED_FACE( '', ( #1592 ), #1593, .T. );
#822 = ADVANCED_FACE( '', ( #1594 ), #1595, .T. );
#823 = ADVANCED_FACE( '', ( #1596 ), #1597, .F. );
#824 = ADVANCED_FACE( '', ( #1598 ), #1599, .F. );
#825 = ADVANCED_FACE( '', ( #1600 ), #1601, .T. );
#826 = ADVANCED_FACE( '', ( #1602 ), #1603, .T. );
#827 = ADVANCED_FACE( '', ( #1604 ), #1605, .F. );
#828 = ADVANCED_FACE( '', ( #1606 ), #1607, .F. );
#829 = ADVANCED_FACE( '', ( #1608 ), #1609, .T. );
#830 = ADVANCED_FACE( '', ( #1610 ), #1611, .T. );
#831 = ADVANCED_FACE( '', ( #1612 ), #1613, .T. );
#832 = ADVANCED_FACE( '', ( #1614 ), #1615, .T. );
#833 = ADVANCED_FACE( '', ( #1616 ), #1617, .F. );
#834 = ADVANCED_FACE( '', ( #1618 ), #1619, .T. );
#835 = ADVANCED_FACE( '', ( #1620 ), #1621, .T. );
#836 = ADVANCED_FACE( '', ( #1622 ), #1623, .T. );
#837 = ADVANCED_FACE( '', ( #1624 ), #1625, .T. );
#838 = ADVANCED_FACE( '', ( #1626 ), #1627, .T. );
#839 = ADVANCED_FACE( '', ( #1628 ), #1629, .T. );
#840 = ADVANCED_FACE( '', ( #1630 ), #1631, .F. );
#841 = ADVANCED_FACE( '', ( #1632 ), #1633, .T. );
#842 = ADVANCED_FACE( '', ( #1634 ), #1635, .F. );
#843 = ADVANCED_FACE( '', ( #1636 ), #1637, .F. );
#844 = ADVANCED_FACE( '', ( #1638 ), #1639, .F. );
#845 = ADVANCED_FACE( '', ( #1640 ), #1641, .F. );
#846 = ADVANCED_FACE( '', ( #1642, #1643 ), #1644, .T. );
#847 = ADVANCED_FACE( '', ( #1645 ), #1646, .F. );
#848 = ADVANCED_FACE( '', ( #1647 ), #1648, .F. );
#849 = ADVANCED_FACE( '', ( #1649 ), #1650, .T. );
#850 = ADVANCED_FACE( '', ( #1651 ), #1652, .F. );
#851 = ADVANCED_FACE( '', ( #1653 ), #1654, .F. );
#852 = ADVANCED_FACE( '', ( #1655 ), #1656, .F. );
#853 = ADVANCED_FACE( '', ( #1657, #1658 ), #1659, .F. );
#854 = ADVANCED_FACE( '', ( #1660 ), #1661, .T. );
#855 = ADVANCED_FACE( '', ( #1662, #1663 ), #1664, .T. );
#856 = ADVANCED_FACE( '', ( #1665 ), #1666, .T. );
#857 = ADVANCED_FACE( '', ( #1667 ), #1668, .F. );
#858 = ADVANCED_FACE( '', ( #1669 ), #1670, .T. );
#859 = ADVANCED_FACE( '', ( #1671 ), #1672, .T. );
#860 = ADVANCED_FACE( '', ( #1673 ), #1674, .T. );
#861 = ADVANCED_FACE( '', ( #1675 ), #1676, .T. );
#862 = ADVANCED_FACE( '', ( #1677 ), #1678, .T. );
#863 = ADVANCED_FACE( '', ( #1679 ), #1680, .F. );
#864 = ADVANCED_FACE( '', ( #1681 ), #1682, .F. );
#865 = ADVANCED_FACE( '', ( #1683 ), #1684, .F. );
#866 = ADVANCED_FACE( '', ( #1685 ), #1686, .F. );
#867 = ADVANCED_FACE( '', ( #1687 ), #1688, .T. );
#868 = ADVANCED_FACE( '', ( #1689 ), #1690, .T. );
#870 = SURFACE_STYLE_FILL_AREA( #1691 );
#871 = ORIENTED_EDGE( '', *, *, #1692, .F. );
#872 = ORIENTED_EDGE( '', *, *, #1693, .T. );
#873 = ORIENTED_EDGE( '', *, *, #1694, .T. );
#874 = ORIENTED_EDGE( '', *, *, #1695, .T. );
#875 = ORIENTED_EDGE( '', *, *, #1696, .T. );
#876 = ORIENTED_EDGE( '', *, *, #1697, .T. );
#877 = ORIENTED_EDGE( '', *, *, #1698, .F. );
#878 = ORIENTED_EDGE( '', *, *, #1699, .F. );
#879 = CARTESIAN_POINT( '', ( 9.63592107704941, -0.350000000000000, 1.70761842166467E-015 ) );
#880 = DIRECTION( '', ( 0.000000000000000, -1.00000000000000, 0.000000000000000 ) );
#881 = DIRECTION( '', ( 0.000000000000000, 0.000000000000000, -1.00000000000000 ) );
#882 = SURFACE_STYLE_FILL_AREA( #1700 );
#883 = ORIENTED_EDGE( '', *, *, #1701, .F. );
#884 = ORIENTED_EDGE( '', *, *, #1702, .F. );
#885 = ORIENTED_EDGE( '', *, *, #1703, .T. );
#886 = ORIENTED_EDGE( '', *, *, #1704, .T. );
#887 = CARTESIAN_POINT( '', ( 3.30000000000000, 0.750000000000000, 1.80000000000000 ) );
#888 = DIRECTION( '', ( -0.000000000000000, 1.00000000000000, -0.000000000000000 ) );
#889 = DIRECTION( '', ( 0.000000000000000, 0.000000000000000, -1.00000000000000 ) );
#890 = SURFACE_STYLE_FILL_AREA( #1705 );
#891 = ORIENTED_EDGE( '', *, *, #1706, .F. );
#892 = ORIENTED_EDGE( '', *, *, #1707, .T. );
#893 = ORIENTED_EDGE( '', *, *, #1708, .T. );
#894 = ORIENTED_EDGE( '', *, *, #1709, .T. );
#895 = CARTESIAN_POINT( '', ( -3.10000000000000, -2.85000000000000, 1.80000000000000 ) );
#896 = DIRECTION( '', ( -1.00000000000000, 4.27930871610408E-029, -0.000000000000000 ) );
#897 = DIRECTION( '', ( 0.000000000000000, 0.000000000000000, -1.00000000000000 ) );
#898 = SURFACE_STYLE_FILL_AREA( #1710 );
#899 = ORIENTED_EDGE( '', *, *, #1709, .F. );
#900 = ORIENTED_EDGE( '', *, *, #1711, .T. );
#901 = ORIENTED_EDGE( '', *, *, #1712, .F. );
#902 = ORIENTED_EDGE( '', *, *, #1713, .T. );
#903 = ORIENTED_EDGE( '', *, *, #1714, .T. );
#904 = ORIENTED_EDGE( '', *, *, #1715, .T. );
#905 = CARTESIAN_POINT( '', ( -1.17500000000000, -2.85000000000000, 1.80000000000000 ) );
#906 = DIRECTION( '', ( 1.00000000000000, -4.27930871610408E-029, -6.68191177523049E-058 ) );
#907 = DIRECTION( '', ( -4.27930871610408E-029, -1.00000000000000, 9.49738605902223E-014 ) );
#908 = SURFACE_STYLE_FILL_AREA( #1716 );
#909 = ORIENTED_EDGE( '', *, *, #1717, .T. );
#910 = ORIENTED_EDGE( '', *, *, #1718, .T. );
#911 = ORIENTED_EDGE( '', *, *, #1719, .F. );
#912 = ORIENTED_EDGE( '', *, *, #1720, .F. );
#913 = CARTESIAN_POINT( '', ( 3.10000000000000, 11.7009337970497, 2.35936645553433 ) );
#914 = DIRECTION( '', ( -0.707106781186548, -0.108097472464063, 0.698795346612212 ) );
#915 = DIRECTION( '', ( 0.707106781186547, -0.108097472464063, 0.698795346612212 ) );
#916 = SURFACE_STYLE_FILL_AREA( #1721 );
#917 = ORIENTED_EDGE( '', *, *, #1722, .T. );
#918 = ORIENTED_EDGE( '', *, *, #1723, .T. );
#919 = ORIENTED_EDGE( '', *, *, #1724, .F. );
#920 = ORIENTED_EDGE( '', *, *, #1725, .F. );
#921 = CARTESIAN_POINT( '', ( -3.10000000000000, -2.95176312152468, 0.500000000000000 ) );
#922 = DIRECTION( '', ( -0.000000000000000, 0.152872911617010, 0.988245856502185 ) );
#923 = DIRECTION( '', ( 1.00000000000000, 0.000000000000000, 0.000000000000000 ) );
#924 = SURFACE_STYLE_FILL_AREA( #1726 );
#925 = ORIENTED_EDGE( '', *, *, #1727, .T. );
#926 = ORIENTED_EDGE( '', *, *, #1698, .T. );
#927 = ORIENTED_EDGE( '', *, *, #1728, .T. );
#928 = ORIENTED_EDGE( '', *, *, #1729, .F. );
#929 = ORIENTED_EDGE( '', *, *, #1704, .F. );
#930 = ORIENTED_EDGE( '', *, *, #1730, .T. );
#931 = ORIENTED_EDGE( '', *, *, #1731, .F. );
#932 = ORIENTED_EDGE( '', *, *, #1732, .F. );
#933 = CARTESIAN_POINT( '', ( 3.35000000000000, 0.750000000000000, 1.80000000000000 ) );
#934 = DIRECTION( '', ( -1.00000000000000, 0.000000000000000, -1.35525271560688E-016 ) );
#935 = DIRECTION( '', ( -1.35525271560688E-016, 0.000000000000000, 1.00000000000000 ) );
#936 = SURFACE_STYLE_FILL_AREA( #1733 );
#937 = ORIENTED_EDGE( '', *, *, #1734, .T. );
#938 = ORIENTED_EDGE( '', *, *, #1735, .F. );
#939 = ORIENTED_EDGE( '', *, *, #1736, .F. );
#940 = ORIENTED_EDGE( '', *, *, #1737, .T. );
#941 = CARTESIAN_POINT( '', ( -3.10000000000000, 11.8305784317385, 1.01150462025978 ) );
#942 = DIRECTION( '', ( -0.707106781186548, -6.71566608588119E-014, -0.707106781186547 ) );
#943 = DIRECTION( '', ( -0.707106781186547, 6.71566608588120E-014, 0.707106781186548 ) );
#944 = SURFACE_STYLE_FILL_AREA( #1738 );
#945 = ORIENTED_EDGE( '', *, *, #1739, .F. );
#946 = ORIENTED_EDGE( '', *, *, #1740, .T. );
#947 = ORIENTED_EDGE( '', *, *, #1720, .T. );
#948 = ORIENTED_EDGE( '', *, *, #1741, .F. );
#949 = CARTESIAN_POINT( '', ( -3.10000000000000, 3.05058770717489, 0.842356354419163 ) );
#950 = DIRECTION( '', ( 0.000000000000000, -0.988245856502198, -0.152872911616929 ) );
#951 = DIRECTION( '', ( 0.000000000000000, 0.152872911616929, -0.988245856502198 ) );
#952 = SURFACE_STYLE_FILL_AREA( #1742 );
#953 = ORIENTED_EDGE( '', *, *, #1743, .T. );
#954 = ORIENTED_EDGE( '', *, *, #1712, .T. );
#955 = ORIENTED_EDGE( '', *, *, #1744, .T. );
#956 = ORIENTED_EDGE( '', *, *, #1745, .F. );
#957 = CARTESIAN_POINT( '', ( -1.17500000000000, -2.84999999999991, 1.05000000000000 ) );
#958 = DIRECTION( '', ( -0.000000000000000, 1.00000000000000, 9.49532850008359E-014 ) );
#959 = DIRECTION( '', ( 0.000000000000000, 9.49532850008359E-014, -1.00000000000000 ) );
#960 = SURFACE_STYLE_FILL_AREA( #1746 );
#961 = ORIENTED_EDGE( '', *, *, #1747, .T. );
#962 = ORIENTED_EDGE( '', *, *, #1748, .T. );
#963 = ORIENTED_EDGE( '', *, *, #1749, .T. );
#964 = ORIENTED_EDGE( '', *, *, #1750, .T. );
#965 = CARTESIAN_POINT( '', ( -1.17500000000000, 2.85000000000000, 1.80000000000000 ) );
#966 = DIRECTION( '', ( 1.00000000000000, -0.000000000000000, -0.000000000000000 ) );
#967 = DIRECTION( '', ( 0.000000000000000, 0.000000000000000, -1.00000000000000 ) );
#968 = SURFACE_STYLE_FILL_AREA( #1751 );
#969 = ORIENTED_EDGE( '', *, *, #1734, .F. );
#970 = ORIENTED_EDGE( '', *, *, #1752, .T. );
#971 = ORIENTED_EDGE( '', *, *, #1753, .T. );
#972 = ORIENTED_EDGE( '', *, *, #1754, .F. );
#973 = SURFACE_STYLE_FILL_AREA( #1755 );
#974 = ORIENTED_EDGE( '', *, *, #1756, .F. );
#975 = ORIENTED_EDGE( '', *, *, #1757, .F. );
#976 = ORIENTED_EDGE( '', *, *, #1741, .T. );
#977 = ORIENTED_EDGE( '', *, *, #1719, .T. );
#978 = CARTESIAN_POINT( '', ( -3.10000000000000, 2.95176312152466, 0.500000000000007 ) );
#979 = DIRECTION( '', ( 0.000000000000000, 0.152872911616930, -0.988245856502198 ) );
#980 = DIRECTION( '', ( 1.00000000000000, 0.000000000000000, 0.000000000000000 ) );
#981 = SURFACE_STYLE_FILL_AREA( #1758 );
#982 = ORIENTED_EDGE( '', *, *, #1759, .F. );
#983 = ORIENTED_EDGE( '', *, *, #1760, .T. );
#984 = ORIENTED_EDGE( '', *, *, #1761, .T. );
#985 = ORIENTED_EDGE( '', *, *, #1762, .T. );
#986 = CARTESIAN_POINT( '', ( -1.17500000000000, 2.85000000000000, 1.80000000000000 ) );
#987 = DIRECTION( '', ( 1.00000000000000, -0.000000000000000, -0.000000000000000 ) );
#988 = DIRECTION( '', ( 0.000000000000000, 0.000000000000000, -1.00000000000000 ) );
#989 = SURFACE_STYLE_FILL_AREA( #1763 );
#990 = ORIENTED_EDGE( '', *, *, #1697, .F. );
#991 = ORIENTED_EDGE( '', *, *, #1764, .T. );
#992 = ORIENTED_EDGE( '', *, *, #1765, .T. );
#993 = ORIENTED_EDGE( '', *, *, #1728, .F. );
#994 = CARTESIAN_POINT( '', ( 9.63592107704941, -0.350000000000000, 1.00000000000000 ) );
#995 = DIRECTION( '', ( 0.000000000000000, 0.000000000000000, -1.00000000000000 ) );
#996 = DIRECTION( '', ( -1.00000000000000, 0.000000000000000, 0.000000000000000 ) );
#997 = SURFACE_STYLE_FILL_AREA( #1766 );
#998 = ORIENTED_EDGE( '', *, *, #1767, .F. );
#999 = ORIENTED_EDGE( '', *, *, #1768, .T. );
#1000 = ORIENTED_EDGE( '', *, *, #1692, .T. );
#1001 = ORIENTED_EDGE( '', *, *, #1769, .F. );
#1002 = CARTESIAN_POINT( '', ( 3.55000000000000, 0.750000000000000, 1.70761842166467E-015 ) );
#1003 = DIRECTION( '', ( 0.000000000000000, 0.000000000000000, -1.00000000000000 ) );
#1004 = DIRECTION( '', ( -1.00000000000000, 0.000000000000000, 0.000000000000000 ) );
#1005 = SURFACE_STYLE_FILL_AREA( #1770 );
#1006 = ORIENTED_EDGE( '', *, *, #1771, .F. );
#1007 = ORIENTED_EDGE( '', *, *, #1772, .T. );
#1008 = ORIENTED_EDGE( '', *, *, #1773, .T. );
#1009 = ORIENTED_EDGE( '', *, *, #1774, .T. );
#1010 = ORIENTED_EDGE( '', *, *, #1775, .T. );
#1011 = ORIENTED_EDGE( '', *, *, #1762, .F. );
#1012 = CARTESIAN_POINT( '', ( -1.17500000000000, 2.85000000000000, 1.80000000000000 ) );
#1013 = DIRECTION( '', ( 1.00000000000000, 0.000000000000000, -0.000000000000000 ) );
#1014 = DIRECTION( '', ( 0.000000000000000, 1.00000000000000, 9.49738605902223E-014 ) );
#1015 = SURFACE_STYLE_FILL_AREA( #1776 );
#1016 = ORIENTED_EDGE( '', *, *, #1777, .F. );
#1017 = ORIENTED_EDGE( '', *, *, #1778, .T. );
#1018 = ORIENTED_EDGE( '', *, *, #1767, .T. );
#1019 = ORIENTED_EDGE( '', *, *, #1779, .T. );
#1020 = ORIENTED_EDGE( '', *, *, #1732, .T. );
#1021 = ORIENTED_EDGE( '', *, *, #1780, .F. );
#1022 = ORIENTED_EDGE( '', *, *, #1781, .F. );
#1023 = ORIENTED_EDGE( '', *, *, #1782, .F. );
#1024 = CARTESIAN_POINT( '', ( 9.63592107704941, 0.350000000000000, 1.70761842166467E-015 ) );
#1025 = DIRECTION( '', ( 0.000000000000000, -1.00000000000000, 0.000000000000000 ) );
#1026 = DIRECTION( '', ( 0.000000000000000, 0.000000000000000, -1.00000000000000 ) );
#1027 = SURFACE_STYLE_FILL_AREA( #1783 );
#1028 = ORIENTED_EDGE( '', *, *, #1784, .T. );
#1029 = ORIENTED_EDGE( '', *, *, #1785, .T. );
#1030 = ORIENTED_EDGE( '', *, *, #1786, .T. );
#1031 = ORIENTED_EDGE( '', *, *, #1774, .F. );
#1032 = CARTESIAN_POINT( '', ( -1.17500000000000, 2.84999999999991, 1.05000000000000 ) );
#1033 = DIRECTION( '', ( -0.000000000000000, -1.00000000000000, 9.49532850008359E-014 ) );
#1034 = DIRECTION( '', ( 0.000000000000000, 9.49532850008359E-014, 1.00000000000000 ) );
#1035 = SURFACE_STYLE_FILL_AREA( #1787 );
#1036 = ORIENTED_EDGE( '', *, *, #1788, .T. );
#1037 = ORIENTED_EDGE( '', *, *, #1789, .T. );
#1038 = ORIENTED_EDGE( '', *, *, #1790, .F. );
#1039 = ORIENTED_EDGE( '', *, *, #1791, .F. );
#1040 = ORIENTED_EDGE( '', *, *, #1792, .T. );
#1041 = ORIENTED_EDGE( '', *, *, #1793, .T. );
#1042 = CARTESIAN_POINT( '', ( 1.17500000000000, -2.84999999999992, 1.15000000000000 ) );
#1043 = DIRECTION( '', ( 1.00000000000000, 0.000000000000000, 0.000000000000000 ) );
#1044 = DIRECTION( '', ( 0.000000000000000, 0.000000000000000, -1.00000000000000 ) );
#1045 = SURFACE_STYLE_FILL_AREA( #1794 );
#1046 = ORIENTED_EDGE( '', *, *, #1731, .T. );
#1047 = ORIENTED_EDGE( '', *, *, #1795, .F. );
#1048 = ORIENTED_EDGE( '', *, *, #1796, .F. );
#1049 = ORIENTED_EDGE( '', *, *, #1780, .T. );
#1050 = CARTESIAN_POINT( '', ( 9.63592107704941, 0.350000000000000, 1.00000000000000 ) );
#1051 = DIRECTION( '', ( 0.000000000000000, 0.000000000000000, 1.00000000000000 ) );
#1052 = DIRECTION( '', ( 1.00000000000000, 0.000000000000000, 0.000000000000000 ) );
#1053 = SURFACE_STYLE_FILL_AREA( #1797 );
#1054 = ORIENTED_EDGE( '', *, *, #1798, .T. );
#1055 = ORIENTED_EDGE( '', *, *, #1799, .T. );
#1056 = ORIENTED_EDGE( '', *, *, #1722, .F. );
#1057 = ORIENTED_EDGE( '', *, *, #1800, .F. );
#1058 = CARTESIAN_POINT( '', ( -3.10000000000000, -11.7009337970496, 2.35936645553504 ) );
#1059 = DIRECTION( '', ( 0.707106781186548, 0.108097472464119, 0.698795346612203 ) );
#1060 = DIRECTION( '', ( -0.707106781186547, 0.108097472464119, 0.698795346612203 ) );
#1061 = SURFACE_STYLE_FILL_AREA( #1801 );
#1062 = ORIENTED_EDGE( '', *, *, #1802, .T. );
#1063 = ORIENTED_EDGE( '', *, *, #1790, .T. );
#1064 = ORIENTED_EDGE( '', *, *, #1803, .F. );
#1065 = ORIENTED_EDGE( '', *, *, #1715, .F. );
#1066 = CARTESIAN_POINT( '', ( 1.17500000000000, -2.84999999999991, 1.05000000000000 ) );
#1067 = DIRECTION( '', ( 0.000000000000000, -1.00000000000000, -9.49532850008359E-014 ) );
#1068 = DIRECTION( '', ( 0.000000000000000, 9.49532850008359E-014, -1.00000000000000 ) );
#1069 = SURFACE_STYLE_FILL_AREA( #1804 );
#1070 = ORIENTED_EDGE( '', *, *, #1805, .T. );
#1071 = ORIENTED_EDGE( '', *, *, #1760, .F. );
#1072 = ORIENTED_EDGE( '', *, *, #1806, .T. );
#1073 = ORIENTED_EDGE( '', *, *, #1736, .T. );
#1074 = ORIENTED_EDGE( '', *, *, #1807, .F. );
#1075 = ORIENTED_EDGE( '', *, *, #1808, .T. );
#1076 = ORIENTED_EDGE( '', *, *, #1809, .F. );
#1077 = ORIENTED_EDGE( '', *, *, #1810, .T. );
#1078 = ORIENTED_EDGE( '', *, *, #1811, .F. );
#1079 = ORIENTED_EDGE( '', *, *, #1812, .F. );
#1080 = ORIENTED_EDGE( '', *, *, #1813, .T. );
#1081 = ORIENTED_EDGE( '', *, *, #1707, .F. );
#1082 = CARTESIAN_POINT( '', ( -3.10000000000000, 2.90235082869956, 0.819425417676623 ) );
#1083 = DIRECTION( '', ( -1.00000000000000, 1.43096030719675E-018, -9.25043279053826E-018 ) );
#1084 = DIRECTION( '', ( 9.36045694467092E-018, 0.152872911616929, -0.988245856502198 ) );
#1085 = SURFACE_STYLE_FILL_AREA( #1814 );
#1086 = ORIENTED_EDGE( '', *, *, #1815, .T. );
#1087 = ORIENTED_EDGE( '', *, *, #1740, .F. );
#1088 = ORIENTED_EDGE( '', *, *, #1752, .F. );
#1089 = ORIENTED_EDGE( '', *, *, #1816, .T. );
#1090 = CARTESIAN_POINT( '', ( -2.93849537973937, 3.09999999999991, 0.849999999999982 ) );
#1091 = DIRECTION( '', ( -1.00000000000000, -0.000000000000000, -0.000000000000000 ) );
#1092 = DIRECTION( '', ( 0.000000000000000, 1.00000000000000, -9.49532850008359E-014 ) );
#1093 = SURFACE_STYLE_FILL_AREA( #1817 );
#1094 = ORIENTED_EDGE( '', *, *, #1717, .F. );
#1095 = ORIENTED_EDGE( '', *, *, #1815, .F. );
#1096 = ORIENTED_EDGE( '', *, *, #1818, .T. );
#1097 = ORIENTED_EDGE( '', *, *, #1819, .T. );
#1098 = SURFACE_STYLE_FILL_AREA( #1820 );
#1099 = ORIENTED_EDGE( '', *, *, #1737, .F. );
#1100 = ORIENTED_EDGE( '', *, *, #1806, .F. );
#1101 = ORIENTED_EDGE( '', *, *, #1759, .T. );
#1102 = ORIENTED_EDGE( '', *, *, #1775, .F. );
#1103 = ORIENTED_EDGE( '', *, *, #1786, .F. );
#1104 = ORIENTED_EDGE( '', *, *, #1821, .F. );
#1105 = ORIENTED_EDGE( '', *, *, #1822, .F. );
#1106 = ORIENTED_EDGE( '', *, *, #1823, .F. );
#1107 = ORIENTED_EDGE( '', *, *, #1824, .T. );
#1108 = ORIENTED_EDGE( '', *, *, #1825, .T. );
#1109 = ORIENTED_EDGE( '', *, *, #1826, .T. );
#1110 = ORIENTED_EDGE( '', *, *, #1816, .F. );
#1111 = CARTESIAN_POINT( '', ( -3.10000000000000, 3.05000000000000, 1.80000000000000 ) );
#1112 = DIRECTION( '', ( 0.000000000000000, -1.00000000000000, 9.49532850008359E-014 ) );
#1113 = DIRECTION( '', ( 0.000000000000000, -9.49532850008359E-014, -1.00000000000000 ) );
#1114 = SURFACE_STYLE_FILL_AREA( #1827 );
#1115 = ORIENTED_EDGE( '', *, *, #1828, .T. );
#1116 = ORIENTED_EDGE( '', *, *, #1818, .F. );
#1117 = ORIENTED_EDGE( '', *, *, #1826, .F. );
#1118 = ORIENTED_EDGE( '', *, *, #1829, .T. );
#1119 = CARTESIAN_POINT( '', ( 3.10000000000000, 11.8305784317385, 1.01150462025978 ) );
#1120 = DIRECTION( '', ( -0.707106781186548, 6.71566608588120E-014, 0.707106781186548 ) );
#1121 = DIRECTION( '', ( 0.707106781186548, 6.71566608588120E-014, 0.707106781186548 ) );
#1122 = SURFACE_STYLE_FILL_AREA( #1830 );
#1123 = ORIENTED_EDGE( '', *, *, #1819, .F. );
#1124 = ORIENTED_EDGE( '', *, *, #1831, .F. );
#1125 = ORIENTED_EDGE( '', *, *, #1754, .T. );
#1126 = ORIENTED_EDGE( '', *, *, #1832, .T. );
#1127 = CARTESIAN_POINT( '', ( -2.93849537973937, 3.09999999999991, 0.849999999999982 ) );
#1128 = DIRECTION( '', ( -1.00000000000000, -0.000000000000000, -0.000000000000000 ) );
#1129 = DIRECTION( '', ( 0.000000000000000, 1.00000000000000, -9.49532850008359E-014 ) );
#1130 = SURFACE_STYLE_FILL_AREA( #1833 );
#1131 = ORIENTED_EDGE( '', *, *, #1834, .T. );
#1132 = ORIENTED_EDGE( '', *, *, #1772, .F. );
#1133 = ORIENTED_EDGE( '', *, *, #1835, .F. );
#1134 = ORIENTED_EDGE( '', *, *, #1808, .F. );
#1135 = CARTESIAN_POINT( '', ( -1.17500000000000, 2.85000000000000, 1.80000000000000 ) );
#1136 = DIRECTION( '', ( 1.00000000000000, -0.000000000000000, -0.000000000000000 ) );
#1137 = DIRECTION( '', ( 0.000000000000000, 0.000000000000000, -1.00000000000000 ) );
#1138 = SURFACE_STYLE_FILL_AREA( #1836 );
#1139 = ORIENTED_EDGE( '', *, *, #1799, .F. );
#1140 = ORIENTED_EDGE( '', *, *, #1837, .T. );
#1141 = ORIENTED_EDGE( '', *, *, #1838, .T. );
#1142 = ORIENTED_EDGE( '', *, *, #1723, .F. );
#1143 = CARTESIAN_POINT( '', ( -3.10000000000000, -2.95176312152468, 0.500000000000000 ) );
#1144 = DIRECTION( '', ( 0.000000000000000, 0.988245856502185, -0.152872911617010 ) );
#1145 = DIRECTION( '', ( 0.000000000000000, 0.152872911617010, 0.988245856502185 ) );
#1146 = SURFACE_STYLE_FILL_AREA( #1839 );
#1147 = ORIENTED_EDGE( '', *, *, #1832, .F. );
#1148 = ORIENTED_EDGE( '', *, *, #1840, .T. );
#1149 = ORIENTED_EDGE( '', *, *, #1756, .T. );
#1150 = ORIENTED_EDGE( '', *, *, #1718, .F. );
#1151 = CARTESIAN_POINT( '', ( -3.10000000000000, 2.90235082869956, 0.819425417676624 ) );
#1152 = DIRECTION( '', ( 0.000000000000000, -0.988245856502198, -0.152872911616929 ) );
#1153 = DIRECTION( '', ( 0.000000000000000, 0.152872911616929, -0.988245856502198 ) );
#1154 = SURFACE_STYLE_FILL_AREA( #1841 );
#1155 = ORIENTED_EDGE( '', *, *, #1842, .T. );
#1156 = ORIENTED_EDGE( '', *, *, #1843, .T. );
#1157 = ORIENTED_EDGE( '', *, *, #1750, .F. );
#1158 = ORIENTED_EDGE( '', *, *, #1844, .T. );
#1159 = ORIENTED_EDGE( '', *, *, #1829, .F. );
#1160 = ORIENTED_EDGE( '', *, *, #1825, .F. );
#1161 = ORIENTED_EDGE( '', *, *, #1845, .T. );
#1162 = ORIENTED_EDGE( '', *, *, #1846, .F. );
#1163 = CARTESIAN_POINT( '', ( 3.10000000000000, -2.95176312152468, 0.500000000000000 ) );
#1164 = DIRECTION( '', ( -1.00000000000000, 1.43096030719826E-018, 9.25043279054302E-018 ) );
#1165 = DIRECTION( '', ( 9.36045694467586E-018, 0.152872911617010, 0.988245856502185 ) );
#1166 = SURFACE_STYLE_FILL_AREA( #1847 );
#1167 = ORIENTED_EDGE( '', *, *, #1795, .T. );
#1168 = ORIENTED_EDGE( '', *, *, #1730, .F. );
#1169 = ORIENTED_EDGE( '', *, *, #1703, .F. );
#1170 = ORIENTED_EDGE( '', *, *, #1848, .F. );
#1171 = ORIENTED_EDGE( '', *, *, #1842, .F. );
#1172 = ORIENTED_EDGE( '', *, *, #1849, .T. );
#1173 = ORIENTED_EDGE( '', *, *, #1850, .T. );
#1174 = ORIENTED_EDGE( '', *, *, #1851, .T. );
#1175 = CARTESIAN_POINT( '', ( 3.55000000000000, 0.750000000000000, 0.150000000000000 ) );
#1176 = DIRECTION( '', ( 2.53411834787794E-032, 1.00000000000000, 0.000000000000000 ) );
#1177 = DIRECTION( '', ( 1.00000000000000, -2.53411834787794E-032, 0.000000000000000 ) );
#1178 = SURFACE_STYLE_FILL_AREA( #1852 );
#1179 = ORIENTED_EDGE( '', *, *, #1768, .F. );
#1180 = ORIENTED_EDGE( '', *, *, #1778, .F. );
#1181 = ORIENTED_EDGE( '', *, *, #1853, .F. );
#1182 = ORIENTED_EDGE( '', *, *, #1693, .F. );
#1183 = CARTESIAN_POINT( '', ( 3.65000000000000, 0.000000000000000, 0.150000000000000 ) );
#1184 = DIRECTION( '', ( -0.000000000000000, -0.000000000000000, 1.00000000000000 ) );
#1185 = DIRECTION( '', ( -1.00000000000000, 0.000000000000000, 0.000000000000000 ) );
#1186 = SURFACE_STYLE_FILL_AREA( #1854 );
#1187 = ORIENTED_EDGE( '', *, *, #1855, .F. );
#1188 = ORIENTED_EDGE( '', *, *, #1856, .T. );
#1189 = ORIENTED_EDGE( '', *, *, #1857, .T. );
#1190 = ORIENTED_EDGE( '', *, *, #1798, .F. );
#1191 = SURFACE_STYLE_FILL_AREA( #1858 );
#1192 = ORIENTED_EDGE( '', *, *, #1859, .T. );
#1193 = ORIENTED_EDGE( '', *, *, #1856, .F. );
#1194 = ORIENTED_EDGE( '', *, *, #1860, .F. );
#1195 = ORIENTED_EDGE( '', *, *, #1812, .T. );
#1196 = CARTESIAN_POINT( '', ( -3.10000000000000, -11.8305784317385, 1.01150462025978 ) );
#1197 = DIRECTION( '', ( 0.707106781186548, -6.71566608588119E-014, 0.707106781186547 ) );
#1198 = DIRECTION( '', ( -0.707106781186547, -6.71566608588120E-014, 0.707106781186548 ) );
#1199 = SURFACE_STYLE_FILL_AREA( #1861 );
#1200 = ORIENTED_EDGE( '', *, *, #1862, .F. );
#1201 = ORIENTED_EDGE( '', *, *, #1791, .T. );
#1202 = ORIENTED_EDGE( '', *, *, #1863, .T. );
#1203 = ORIENTED_EDGE( '', *, *, #1864, .T. );
#1204 = CARTESIAN_POINT( '', ( -3.10000000000000, -2.85000000000000, 1.80000000000000 ) );
#1205 = DIRECTION( '', ( -1.00000000000000, 4.27930871610408E-029, -0.000000000000000 ) );
#1206 = DIRECTION( '', ( 0.000000000000000, 0.000000000000000, -1.00000000000000 ) );
#1207 = SURFACE_STYLE_FILL_AREA( #1865 );
#1208 = ORIENTED_EDGE( '', *, *, #1866, .T. );
#1209 = ORIENTED_EDGE( '', *, *, #1867, .T. );
#1210 = ORIENTED_EDGE( '', *, *, #1868, .T. );
#1211 = ORIENTED_EDGE( '', *, *, #1793, .F. );
#1212 = CARTESIAN_POINT( '', ( 1.17500000000000, -2.84999999999991, 1.05000000000000 ) );
#1213 = DIRECTION( '', ( -0.000000000000000, 1.00000000000000, 9.49532850008359E-014 ) );
#1214 = DIRECTION( '', ( 0.000000000000000, 9.49532850008359E-014, -1.00000000000000 ) );
#1215 = SURFACE_STYLE_FILL_AREA( #1869 );
#1216 = ORIENTED_EDGE( '', *, *, #1696, .F. );
#1217 = ORIENTED_EDGE( '', *, *, #1870, .F. );
#1218 = ORIENTED_EDGE( '', *, *, #1781, .T. );
#1219 = ORIENTED_EDGE( '', *, *, #1796, .T. );
#1220 = ORIENTED_EDGE( '', *, *, #1851, .F. );
#1221 = ORIENTED_EDGE( '', *, *, #1871, .T. );
#1222 = ORIENTED_EDGE( '', *, *, #1872, .T. );
#1223 = ORIENTED_EDGE( '', *, *, #1764, .F. );
#1224 = CARTESIAN_POINT( '', ( 3.50000000000000, 0.750000000000000, 1.80000000000000 ) );
#1225 = DIRECTION( '', ( -1.00000000000000, 0.000000000000000, -1.35525271560688E-016 ) );
#1226 = DIRECTION( '', ( -1.35525271560688E-016, 0.000000000000000, 1.00000000000000 ) );
#1227 = SURFACE_STYLE_FILL_AREA( #1873 );
#1228 = ORIENTED_EDGE( '', *, *, #1695, .F. );
#1229 = ORIENTED_EDGE( '', *, *, #1874, .F. );
#1230 = ORIENTED_EDGE( '', *, *, #1782, .T. );
#1231 = ORIENTED_EDGE( '', *, *, #1870, .T. );
#1232 = CARTESIAN_POINT( '', ( 3.55000000000000, 0.750000000000000, 0.200000000000000 ) );
#1233 = DIRECTION( '', ( -0.000000000000000, 1.00000000000000, -0.000000000000000 ) );
#1234 = DIRECTION( '', ( 0.000000000000000, 0.000000000000000, -1.00000000000000 ) );
#1235 = SURFACE_STYLE_FILL_AREA( #1875 );
#1236 = ORIENTED_EDGE( '', *, *, #1876, .T. );
#1237 = ORIENTED_EDGE( '', *, *, #1877, .T. );
#1238 = ORIENTED_EDGE( '', *, *, #1821, .T. );
#1239 = ORIENTED_EDGE( '', *, *, #1785, .F. );
#1240 = CARTESIAN_POINT( '', ( 1.17500000000000, 2.84999999999990, 0.950000000000000 ) );
#1241 = DIRECTION( '', ( 0.000000000000000, -9.49532850008359E-014, -1.00000000000000 ) );
#1242 = DIRECTION( '', ( 0.000000000000000, 1.00000000000000, -9.49532850008359E-014 ) );
#1243 = SURFACE_STYLE_FILL_AREA( #1878 );
#1244 = ORIENTED_EDGE( '', *, *, #1879, .T. );
#1245 = ORIENTED_EDGE( '', *, *, #1880, .F. );
#1246 = ORIENTED_EDGE( '', *, *, #1881, .F. );
#1247 = ORIENTED_EDGE( '', *, *, #1789, .F. );
#1248 = CARTESIAN_POINT( '', ( -3.10000000000000, -2.85000000000000, 1.80000000000000 ) );
#1249 = DIRECTION( '', ( -1.00000000000000, 4.27930871610408E-029, -0.000000000000000 ) );
#1250 = DIRECTION( '', ( 0.000000000000000, 0.000000000000000, -1.00000000000000 ) );
#1251 = SURFACE_STYLE_FILL_AREA( #1882 );
#1252 = ORIENTED_EDGE( '', *, *, #1859, .F. );
#1253 = ORIENTED_EDGE( '', *, *, #1811, .T. );
#1254 = ORIENTED_EDGE( '', *, *, #1883, .T. );
#1255 = ORIENTED_EDGE( '', *, *, #1713, .F. );
#1256 = ORIENTED_EDGE( '', *, *, #1743, .F. );
#1257 = ORIENTED_EDGE( '', *, *, #1884, .F. );
#1258 = ORIENTED_EDGE( '', *, *, #1866, .F. );
#1259 = ORIENTED_EDGE( '', *, *, #1792, .F. );
#1260 = ORIENTED_EDGE( '', *, *, #1862, .T. );
#1261 = ORIENTED_EDGE( '', *, *, #1885, .F. );
#1262 = ORIENTED_EDGE( '', *, *, #1886, .T. );
#1263 = ORIENTED_EDGE( '', *, *, #1887, .F. );
#1264 = CARTESIAN_POINT( '', ( -3.10000000000000, -2.89999999999991, 0.850000000000000 ) );
#1265 = DIRECTION( '', ( 0.000000000000000, 1.00000000000000, 9.49532850008359E-014 ) );
#1266 = DIRECTION( '', ( 0.000000000000000, -9.49532850008359E-014, 1.00000000000000 ) );
#1267 = SURFACE_STYLE_FILL_AREA( #1888 );
#1268 = ORIENTED_EDGE( '', *, *, #1889, .F. );
#1269 = ORIENTED_EDGE( '', *, *, #1890, .F. );
#1270 = ORIENTED_EDGE( '', *, *, #1880, .T. );
#1271 = ORIENTED_EDGE( '', *, *, #1891, .F. );
#1272 = ORIENTED_EDGE( '', *, *, #1892, .T. );
#1273 = ORIENTED_EDGE( '', *, *, #1885, .T. );
#1274 = ORIENTED_EDGE( '', *, *, #1864, .F. );
#1275 = ORIENTED_EDGE( '', *, *, #1893, .T. );
#1276 = CARTESIAN_POINT( '', ( 3.10000000000000, -2.95176312152468, 0.500000000000000 ) );
#1277 = DIRECTION( '', ( -1.00000000000000, 1.43096030719826E-018, 9.25043279054302E-018 ) );
#1278 = DIRECTION( '', ( 9.36045694467586E-018, 0.152872911617010, 0.988245856502185 ) );
#1279 = SURFACE_STYLE_FILL_AREA( #1894 );
#1280 = ORIENTED_EDGE( '', *, *, #1895, .F. );
#1281 = ORIENTED_EDGE( '', *, *, #1896, .T. );
#1282 = CARTESIAN_POINT( '', ( 0.000000000000000, 0.000000000000000, 8.99333086236685 ) );
#1283 = DIRECTION( '', ( -0.000000000000000, -0.000000000000000, 1.00000000000000 ) );
#1284 = DIRECTION( '', ( -1.00000000000000, 0.000000000000000, 0.000000000000000 ) );
#1285 = SURFACE_STYLE_FILL_AREA( #1897 );
#1286 = ORIENTED_EDGE( '', *, *, #1837, .F. );
#1287 = ORIENTED_EDGE( '', *, *, #1857, .F. );
#1288 = ORIENTED_EDGE( '', *, *, #1887, .T. );
#1289 = ORIENTED_EDGE( '', *, *, #1898, .T. );
#1290 = CARTESIAN_POINT( '', ( 2.93849537973937, -3.09999999999991, 0.849999999999982 ) );
#1291 = DIRECTION( '', ( 1.00000000000000, 0.000000000000000, -0.000000000000000 ) );
#1292 = DIRECTION( '', ( 0.000000000000000, -1.00000000000000, -9.49532850008359E-014 ) );
#1293 = SURFACE_STYLE_FILL_AREA( #1899 );
#1294 = ORIENTED_EDGE( '', *, *, #1807, .T. );
#1295 = ORIENTED_EDGE( '', *, *, #1735, .T. );
#1296 = ORIENTED_EDGE( '', *, *, #1831, .T. );
#1297 = ORIENTED_EDGE( '', *, *, #1828, .F. );
#1298 = ORIENTED_EDGE( '', *, *, #1844, .F. );
#1299 = ORIENTED_EDGE( '', *, *, #1749, .F. );
#1300 = ORIENTED_EDGE( '', *, *, #1900, .F. );
#1301 = ORIENTED_EDGE( '', *, *, #1901, .F. );
#1302 = ORIENTED_EDGE( '', *, *, #1876, .F. );
#1303 = ORIENTED_EDGE( '', *, *, #1784, .F. );
#1304 = ORIENTED_EDGE( '', *, *, #1773, .F. );
#1305 = ORIENTED_EDGE( '', *, *, #1834, .F. );
#1306 = CARTESIAN_POINT( '', ( -3.10000000000000, 2.90000000000000, 1.80000000000000 ) );
#1307 = DIRECTION( '', ( 0.000000000000000, -1.00000000000000, 9.49532850008359E-014 ) );
#1308 = DIRECTION( '', ( 0.000000000000000, -9.49532850008359E-014, -1.00000000000000 ) );
#1309 = SURFACE_STYLE_FILL_AREA( #1902 );
#1310 = ORIENTED_EDGE( '', *, *, #1895, .T. );
#1311 = ORIENTED_EDGE( '', *, *, #1890, .T. );
#1312 = ORIENTED_EDGE( '', *, *, #1903, .T. );
#1313 = ORIENTED_EDGE( '', *, *, #1904, .F. );
#1314 = ORIENTED_EDGE( '', *, *, #1849, .F. );
#1315 = ORIENTED_EDGE( '', *, *, #1846, .T. );
#1316 = ORIENTED_EDGE( '', *, *, #1905, .T. );
#1317 = ORIENTED_EDGE( '', *, *, #1906, .F. );
#1318 = ORIENTED_EDGE( '', *, *, #1761, .F. );
#1319 = ORIENTED_EDGE( '', *, *, #1805, .F. );
#1320 = ORIENTED_EDGE( '', *, *, #1706, .T. );
#1321 = ORIENTED_EDGE( '', *, *, #1803, .T. );
#1322 = ORIENTED_EDGE( '', *, *, #1881, .T. );
#1323 = CARTESIAN_POINT( '', ( -3.10000000000000, -2.85000000000000, 2.00000000000000 ) );
#1324 = DIRECTION( '', ( 0.000000000000000, 0.000000000000000, -1.00000000000000 ) );
#1325 = DIRECTION( '', ( -1.00000000000000, 0.000000000000000, 0.000000000000000 ) );
#1326 = SURFACE_STYLE_FILL_AREA( #1907 );
#1327 = ORIENTED_EDGE( '', *, *, #1729, .T. );
#1328 = ORIENTED_EDGE( '', *, *, #1765, .F. );
#1329 = ORIENTED_EDGE( '', *, *, #1872, .F. );
#1330 = ORIENTED_EDGE( '', *, *, #1908, .F. );
#1331 = ORIENTED_EDGE( '', *, *, #1903, .F. );
#1332 = ORIENTED_EDGE( '', *, *, #1889, .T. );
#1333 = ORIENTED_EDGE( '', *, *, #1909, .T. );
#1334 = ORIENTED_EDGE( '', *, *, #1701, .T. );
#1335 = CARTESIAN_POINT( '', ( 3.10000000000000, -0.750000000000000, 2.00000000000000 ) );
#1336 = DIRECTION( '', ( 2.53411834787794E-032, 1.00000000000000, 0.000000000000000 ) );
#1337 = DIRECTION( '', ( 1.00000000000000, -2.53411834787794E-032, 0.000000000000000 ) );
#1338 = SURFACE_STYLE_FILL_AREA( #1910 );
#1339 = ORIENTED_EDGE( '', *, *, #1911, .T. );
#1340 = ORIENTED_EDGE( '', *, *, #1714, .F. );
#1341 = ORIENTED_EDGE( '', *, *, #1883, .F. );
#1342 = ORIENTED_EDGE( '', *, *, #1810, .F. );
#1343 = CARTESIAN_POINT( '', ( -3.10000000000000, -2.85000000000000, 1.80000000000000 ) );
#1344 = DIRECTION( '', ( -1.00000000000000, 4.27930871610408E-029, -0.000000000000000 ) );
#1345 = DIRECTION( '', ( 0.000000000000000, 0.000000000000000, -1.00000000000000 ) );
#1346 = SURFACE_STYLE_FILL_AREA( #1912 );
#1347 = ORIENTED_EDGE( '', *, *, #1913, .F. );
#1348 = ORIENTED_EDGE( '', *, *, #1914, .T. );
#1349 = ORIENTED_EDGE( '', *, *, #1915, .T. );
#1350 = ORIENTED_EDGE( '', *, *, #1898, .F. );
#1351 = SURFACE_STYLE_FILL_AREA( #1916 );
#1352 = ORIENTED_EDGE( '', *, *, #1900, .T. );
#1353 = ORIENTED_EDGE( '', *, *, #1748, .F. );
#1354 = ORIENTED_EDGE( '', *, *, #1917, .T. );
#1355 = ORIENTED_EDGE( '', *, *, #1918, .T. );
#1356 = ORIENTED_EDGE( '', *, *, #1823, .T. );
#1357 = ORIENTED_EDGE( '', *, *, #1919, .F. );
#1358 = CARTESIAN_POINT( '', ( 1.17500000000000, 2.85000000000000, 2.00000000000000 ) );
#1359 = DIRECTION( '', ( 1.00000000000000, 0.000000000000000, 0.000000000000000 ) );
#1360 = DIRECTION( '', ( 0.000000000000000, 0.000000000000000, -1.00000000000000 ) );
#1361 = SURFACE_STYLE_FILL_AREA( #1920 );
#1362 = ORIENTED_EDGE( '', *, *, #1913, .T. );
#1363 = ORIENTED_EDGE( '', *, *, #1886, .F. );
#1364 = ORIENTED_EDGE( '', *, *, #1892, .F. );
#1365 = ORIENTED_EDGE( '', *, *, #1921, .T. );
#1366 = CARTESIAN_POINT( '', ( 3.10000000000000, -11.8305784317385, 1.01150462025978 ) );
#1367 = DIRECTION( '', ( 0.707106781186548, 6.71566608588120E-014, -0.707106781186548 ) );
#1368 = DIRECTION( '', ( 0.707106781186548, -6.71566608588120E-014, 0.707106781186548 ) );
#1369 = SURFACE_STYLE_FILL_AREA( #1922 );
#1370 = ORIENTED_EDGE( '', *, *, #1901, .T. );
#1371 = ORIENTED_EDGE( '', *, *, #1919, .T. );
#1372 = ORIENTED_EDGE( '', *, *, #1822, .T. );
#1373 = ORIENTED_EDGE( '', *, *, #1877, .F. );
#1374 = CARTESIAN_POINT( '', ( 1.17500000000000, 2.84999999999991, 1.05000000000000 ) );
#1375 = DIRECTION( '', ( -0.000000000000000, -1.00000000000000, 9.49532850008359E-014 ) );
#1376 = DIRECTION( '', ( 0.000000000000000, 9.49532850008359E-014, 1.00000000000000 ) );
#1377 = SURFACE_STYLE_FILL_AREA( #1923 );
#1378 = ORIENTED_EDGE( '', *, *, #1924, .F. );
#1379 = ORIENTED_EDGE( '', *, *, #1800, .T. );
#1380 = ORIENTED_EDGE( '', *, *, #1725, .T. );
#1381 = ORIENTED_EDGE( '', *, *, #1925, .F. );
#1382 = CARTESIAN_POINT( '', ( -3.10000000000000, -3.10000000000000, 0.522930936742551 ) );
#1383 = DIRECTION( '', ( 0.000000000000000, 0.988245856502185, -0.152872911617010 ) );
#1384 = DIRECTION( '', ( 0.000000000000000, 0.152872911617010, 0.988245856502185 ) );
#1385 = SURFACE_STYLE_FILL_AREA( #1926 );
#1386 = ORIENTED_EDGE( '', *, *, #1924, .T. );
#1387 = ORIENTED_EDGE( '', *, *, #1914, .F. );
#1388 = ORIENTED_EDGE( '', *, *, #1927, .F. );
#1389 = ORIENTED_EDGE( '', *, *, #1855, .T. );
#1390 = CARTESIAN_POINT( '', ( 2.93849537973937, -3.09999999999991, 0.849999999999982 ) );
#1391 = DIRECTION( '', ( 1.00000000000000, 0.000000000000000, -0.000000000000000 ) );
#1392 = DIRECTION( '', ( 0.000000000000000, -1.00000000000000, -9.49532850008359E-014 ) );
#1393 = SURFACE_STYLE_FILL_AREA( #1928 );
#1394 = ORIENTED_EDGE( '', *, *, #1840, .F. );
#1395 = ORIENTED_EDGE( '', *, *, #1753, .F. );
#1396 = ORIENTED_EDGE( '', *, *, #1739, .T. );
#1397 = ORIENTED_EDGE( '', *, *, #1757, .T. );
#1398 = CARTESIAN_POINT( '', ( -3.10000000000000, 11.7009337970497, 2.35936645553433 ) );
#1399 = DIRECTION( '', ( -0.707106781186548, 0.108097472464063, -0.698795346612212 ) );
#1400 = DIRECTION( '', ( -0.707106781186547, -0.108097472464063, 0.698795346612212 ) );
#1401 = SURFACE_STYLE_FILL_AREA( #1929 );
#1402 = ORIENTED_EDGE( '', *, *, #1896, .F. );
#1403 = ORIENTED_EDGE( '', *, *, #1893, .F. );
#1404 = ORIENTED_EDGE( '', *, *, #1863, .F. );
#1405 = ORIENTED_EDGE( '', *, *, #1802, .F. );
#1406 = ORIENTED_EDGE( '', *, *, #1911, .F. );
#1407 = ORIENTED_EDGE( '', *, *, #1809, .T. );
#1408 = ORIENTED_EDGE( '', *, *, #1835, .T. );
#1409 = ORIENTED_EDGE( '', *, *, #1930, .T. );
#1410 = ORIENTED_EDGE( '', *, *, #1747, .F. );
#1411 = ORIENTED_EDGE( '', *, *, #1843, .F. );
#1412 = ORIENTED_EDGE( '', *, *, #1848, .T. );
#1413 = ORIENTED_EDGE( '', *, *, #1702, .T. );
#1414 = ORIENTED_EDGE( '', *, *, #1909, .F. );
#1415 = CARTESIAN_POINT( '', ( -3.10000000000000, -2.85000000000000, 1.85000000000000 ) );
#1416 = DIRECTION( '', ( 0.000000000000000, 0.000000000000000, -1.00000000000000 ) );
#1417 = DIRECTION( '', ( -1.00000000000000, 0.000000000000000, 0.000000000000000 ) );
#1418 = SURFACE_STYLE_FILL_AREA( #1931 );
#1419 = ORIENTED_EDGE( '', *, *, #1853, .T. );
#1420 = ORIENTED_EDGE( '', *, *, #1777, .T. );
#1421 = ORIENTED_EDGE( '', *, *, #1874, .T. );
#1422 = ORIENTED_EDGE( '', *, *, #1694, .F. );
#1423 = CARTESIAN_POINT( '', ( 3.55000000000000, 0.750000000000000, 0.150000000000000 ) );
#1424 = DIRECTION( '', ( 0.000000000000000, 0.000000000000000, -1.00000000000000 ) );
#1425 = DIRECTION( '', ( -1.00000000000000, 0.000000000000000, 0.000000000000000 ) );
#1426 = SURFACE_STYLE_FILL_AREA( #1932 );
#1427 = ORIENTED_EDGE( '', *, *, #1838, .F. );
#1428 = ORIENTED_EDGE( '', *, *, #1915, .F. );
#1429 = ORIENTED_EDGE( '', *, *, #1925, .T. );
#1430 = ORIENTED_EDGE( '', *, *, #1724, .T. );
#1431 = CARTESIAN_POINT( '', ( 3.10000000000000, -11.7009337970496, 2.35936645553504 ) );
#1432 = DIRECTION( '', ( 0.707106781186548, -0.108097472464119, -0.698795346612203 ) );
#1433 = DIRECTION( '', ( 0.707106781186547, 0.108097472464119, 0.698795346612203 ) );
#1434 = SURFACE_STYLE_FILL_AREA( #1933 );
#1435 = ORIENTED_EDGE( '', *, *, #1769, .T. );
#1436 = ORIENTED_EDGE( '', *, *, #1699, .T. );
#1437 = ORIENTED_EDGE( '', *, *, #1727, .F. );
#1438 = ORIENTED_EDGE( '', *, *, #1779, .F. );
#1439 = CARTESIAN_POINT( '', ( 3.55000000000000, 0.750000000000000, 0.200000000000000 ) );
#1440 = DIRECTION( '', ( -0.000000000000000, 1.00000000000000, -0.000000000000000 ) );
#1441 = DIRECTION( '', ( 0.000000000000000, 0.000000000000000, -1.00000000000000 ) );
#1442 = SURFACE_STYLE_FILL_AREA( #1934 );
#1443 = ORIENTED_EDGE( '', *, *, #1908, .T. );
#1444 = ORIENTED_EDGE( '', *, *, #1871, .F. );
#1445 = ORIENTED_EDGE( '', *, *, #1850, .F. );
#1446 = ORIENTED_EDGE( '', *, *, #1904, .T. );
#1447 = CARTESIAN_POINT( '', ( 3.30000000000000, 0.750000000000000, 1.80000000000000 ) );
#1448 = DIRECTION( '', ( -0.000000000000000, 1.00000000000000, -0.000000000000000 ) );
#1449 = DIRECTION( '', ( 0.000000000000000, 0.000000000000000, -1.00000000000000 ) );
#1450 = SURFACE_STYLE_FILL_AREA( #1935 );
#1451 = ORIENTED_EDGE( '', *, *, #1884, .T. );
#1452 = ORIENTED_EDGE( '', *, *, #1745, .T. );
#1453 = ORIENTED_EDGE( '', *, *, #1936, .T. );
#1454 = ORIENTED_EDGE( '', *, *, #1867, .F. );
#1455 = CARTESIAN_POINT( '', ( -1.17500000000000, -2.84999999999990, 0.950000000000000 ) );
#1456 = DIRECTION( '', ( 0.000000000000000, 9.49532850008359E-014, -1.00000000000000 ) );
#1457 = DIRECTION( '', ( 0.000000000000000, 1.00000000000000, 9.49532850008359E-014 ) );
#1458 = SURFACE_STYLE_FILL_AREA( #1937 );
#1459 = ORIENTED_EDGE( '', *, *, #1813, .F. );
#1460 = ORIENTED_EDGE( '', *, *, #1860, .T. );
#1461 = ORIENTED_EDGE( '', *, *, #1927, .T. );
#1462 = ORIENTED_EDGE( '', *, *, #1921, .F. );
#1463 = ORIENTED_EDGE( '', *, *, #1891, .T. );
#1464 = ORIENTED_EDGE( '', *, *, #1879, .F. );
#1465 = ORIENTED_EDGE( '', *, *, #1788, .F. );
#1466 = ORIENTED_EDGE( '', *, *, #1868, .F. );
#1467 = ORIENTED_EDGE( '', *, *, #1936, .F. );
#1468 = ORIENTED_EDGE( '', *, *, #1744, .F. );
#1469 = ORIENTED_EDGE( '', *, *, #1711, .F. );
#1470 = ORIENTED_EDGE( '', *, *, #1708, .F. );
#1471 = CARTESIAN_POINT( '', ( -3.10000000000000, -3.04999999999991, 0.849999999999986 ) );
#1472 = DIRECTION( '', ( 0.000000000000000, 1.00000000000000, 9.49532850008359E-014 ) );
#1473 = DIRECTION( '', ( 0.000000000000000, -9.49532850008359E-014, 1.00000000000000 ) );
#1474 = SURFACE_STYLE_FILL_AREA( #1938 );
#1475 = ORIENTED_EDGE( '', *, *, #1905, .F. );
#1476 = ORIENTED_EDGE( '', *, *, #1845, .F. );
#1477 = ORIENTED_EDGE( '', *, *, #1824, .F. );
#1478 = ORIENTED_EDGE( '', *, *, #1918, .F. );
#1479 = CARTESIAN_POINT( '', ( -1.17500000000000, 2.85000000000000, 1.80000000000000 ) );
#1480 = DIRECTION( '', ( 1.00000000000000, -0.000000000000000, -0.000000000000000 ) );
#1481 = DIRECTION( '', ( 0.000000000000000, 0.000000000000000, -1.00000000000000 ) );
#1482 = SURFACE_STYLE_FILL_AREA( #1939 );
#1483 = ORIENTED_EDGE( '', *, *, #1917, .F. );
#1484 = ORIENTED_EDGE( '', *, *, #1930, .F. );
#1485 = ORIENTED_EDGE( '', *, *, #1771, .T. );
#1486 = ORIENTED_EDGE( '', *, *, #1906, .T. );
#1487 = CARTESIAN_POINT( '', ( 1.17500000000000, 2.84999999999991, 1.05000000000000 ) );
#1488 = DIRECTION( '', ( 0.000000000000000, 1.00000000000000, -9.49532850008359E-014 ) );
#1489 = DIRECTION( '', ( 0.000000000000000, 9.49532850008359E-014, 1.00000000000000 ) );
#1490 = FACE_OUTER_BOUND( '', #1940, .T. );
#1491 = PLANE( '', #1941 );
#1492 = FACE_OUTER_BOUND( '', #1942, .T. );
#1493 = FACE_OUTER_BOUND( '', #1943, .T. );
#1494 = TOROIDAL_SURFACE( '', #1944, 1.40000000000000, 0.100000000000000 );
#1495 = FACE_OUTER_BOUND( '', #1945, .T. );
#1496 = PLANE( '', #1946 );
#1497 = FACE_OUTER_BOUND( '', #1947, .T. );
#1498 = CYLINDRICAL_SURFACE( '', #1948, 0.0500000000000000 );
#1499 = FACE_OUTER_BOUND( '', #1949, .T. );
#1500 = PLANE( '', #1950 );
#1501 = FACE_OUTER_BOUND( '', #1951, .T. );
#1502 = CYLINDRICAL_SURFACE( '', #1952, 0.0500000000000000 );
#1503 = FACE_OUTER_BOUND( '', #1953, .T. );
#1504 = PLANE( '', #1954 );
#1505 = FACE_OUTER_BOUND( '', #1955, .T. );
#1506 = PLANE( '', #1956 );
#1507 = FACE_OUTER_BOUND( '', #1957, .T. );
#1508 = PLANE( '', #1958 );
#1509 = FACE_OUTER_BOUND( '', #1959, .T. );
#1510 = PLANE( '', #1960 );
#1511 = FACE_OUTER_BOUND( '', #1961, .T. );
#1512 = PLANE( '', #1962 );
#1513 = FACE_OUTER_BOUND( '', #1963, .T. );
#1514 = PLANE( '', #1964 );
#1515 = FACE_OUTER_BOUND( '', #1965, .T. );
#1516 = PLANE( '', #1966 );
#1517 = FACE_OUTER_BOUND( '', #1967, .T. );
#1518 = FACE_BOUND( '', #1968, .T. );
#1519 = PLANE( '', #1969 );
#1520 = FACE_OUTER_BOUND( '', #1970, .T. );
#1521 = PLANE( '', #1971 );
#1522 = FACE_OUTER_BOUND( '', #1972, .T. );
#1523 = PLANE( '', #1973 );
#1524 = FACE_OUTER_BOUND( '', #1974, .T. );
#1525 = PLANE( '', #1975 );
#1526 = FACE_OUTER_BOUND( '', #1976, .T. );
#1527 = PLANE( '', #1977 );
#1528 = FACE_OUTER_BOUND( '', #1978, .T. );
#1529 = PLANE( '', #1979 );
#1530 = FACE_OUTER_BOUND( '', #1980, .T. );
#1531 = CYLINDRICAL_SURFACE( '', #1981, 0.0500000000000000 );
#1532 = FACE_OUTER_BOUND( '', #1982, .T. );
#1533 = PLANE( '', #1983 );
#1534 = FACE_OUTER_BOUND( '', #1984, .T. );
#1535 = PLANE( '', #1985 );
#1536 = FACE_OUTER_BOUND( '', #1986, .T. );
#1537 = CYLINDRICAL_SURFACE( '', #1987, 0.0500000000000000 );
#1538 = FACE_OUTER_BOUND( '', #1988, .T. );
#1539 = PLANE( '', #1989 );
#1540 = FACE_OUTER_BOUND( '', #1990, .T. );
#1541 = PLANE( '', #1991 );
#1542 = FACE_OUTER_BOUND( '', #1992, .T. );
#1543 = PLANE( '', #1993 );
#1544 = FACE_BOUND( '', #1994, .T. );
#1545 = FACE_OUTER_BOUND( '', #1995, .T. );
#1546 = PLANE( '', #1996 );
#1547 = FACE_OUTER_BOUND( '', #1997, .T. );
#1548 = PLANE( '', #1998 );
#1549 = FACE_OUTER_BOUND( '', #1999, .T. );
#1550 = PLANE( '', #2000 );
#1551 = FACE_OUTER_BOUND( '', #2001, .T. );
#1552 = PLANE( '', #2002 );
#1553 = FACE_OUTER_BOUND( '', #2003, .T. );
#1554 = PLANE( '', #2004 );
#1555 = FACE_OUTER_BOUND( '', #2005, .T. );
#1556 = PLANE( '', #2006 );
#1557 = FACE_OUTER_BOUND( '', #2007, .T. );
#1558 = FACE_BOUND( '', #2008, .T. );
#1559 = PLANE( '', #2009 );
#1560 = FACE_OUTER_BOUND( '', #2010, .T. );
#1561 = CYLINDRICAL_SURFACE( '', #2011, 0.0500000000000000 );
#1562 = FACE_OUTER_BOUND( '', #2012, .T. );
#1563 = PLANE( '', #2013 );
#1564 = FACE_OUTER_BOUND( '', #2014, .T. );
#1565 = PLANE( '', #2015 );
#1566 = FACE_OUTER_BOUND( '', #2016, .T. );
#1567 = PLANE( '', #2017 );
#1568 = FACE_OUTER_BOUND( '', #2018, .T. );
#1569 = PLANE( '', #2019 );
#1570 = FACE_OUTER_BOUND( '', #2020, .T. );
#1571 = PLANE( '', #2021 );
#1572 = FACE_OUTER_BOUND( '', #2022, .T. );
#1573 = PLANE( '', #2023 );
#1574 = FACE_OUTER_BOUND( '', #2024, .T. );
#1575 = PLANE( '', #2025 );
#1576 = FACE_OUTER_BOUND( '', #2026, .T. );
#1577 = PLANE( '', #2027 );
#1578 = FACE_OUTER_BOUND( '', #2028, .T. );
#1579 = PLANE( '', #2029 );
#1580 = FACE_OUTER_BOUND( '', #2030, .T. );
#1581 = PLANE( '', #2031 );
#1582 = FACE_OUTER_BOUND( '', #2032, .T. );
#1583 = PLANE( '', #2033 );
#1584 = FACE_OUTER_BOUND( '', #2034, .T. );
#1585 = PLANE( '', #2035 );
#1586 = FACE_OUTER_BOUND( '', #2036, .T. );
#1587 = PLANE( '', #2037 );
#1588 = FACE_OUTER_BOUND( '', #2038, .T. );
#1589 = PLANE( '', #2039 );
#1590 = FACE_OUTER_BOUND( '', #2040, .T. );
#1591 = PLANE( '', #2041 );
#1592 = FACE_OUTER_BOUND( '', #2042, .T. );
#1593 = PLANE( '', #2043 );
#1594 = FACE_OUTER_BOUND( '', #2044, .T. );
#1595 = PLANE( '', #2045 );
#1596 = FACE_OUTER_BOUND( '', #2046, .T. );
#1597 = PLANE( '', #2047 );
#1598 = FACE_OUTER_BOUND( '', #2048, .T. );
#1599 = PLANE( '', #2049 );
#1600 = FACE_OUTER_BOUND( '', #2050, .T. );
#1601 = CYLINDRICAL_SURFACE( '', #2051, 0.225000000000000 );
#1602 = FACE_OUTER_BOUND( '', #2052, .T. );
#1603 = PLANE( '', #2053 );
#1604 = FACE_OUTER_BOUND( '', #2054, .T. );
#1605 = PLANE( '', #2055 );
#1606 = FACE_OUTER_BOUND( '', #2056, .T. );
#1607 = CYLINDRICAL_SURFACE( '', #2057, 0.0749999999999992 );
#1608 = FACE_OUTER_BOUND( '', #2058, .T. );
#1609 = CYLINDRICAL_SURFACE( '', #2059, 0.225000000000000 );
#1610 = FACE_OUTER_BOUND( '', #2060, .T. );
#1611 = PLANE( '', #2061 );
#1612 = FACE_OUTER_BOUND( '', #2062, .T. );
#1613 = PLANE( '', #2063 );
#1614 = FACE_OUTER_BOUND( '', #2064, .T. );
#1615 = PLANE( '', #2065 );
#1616 = FACE_OUTER_BOUND( '', #2066, .T. );
#1617 = CYLINDRICAL_SURFACE( '', #2067, 0.0749999999999981 );
#1618 = FACE_OUTER_BOUND( '', #2068, .T. );
#1619 = PLANE( '', #2069 );
#1620 = FACE_OUTER_BOUND( '', #2070, .T. );
#1621 = PLANE( '', #2071 );
#1622 = FACE_OUTER_BOUND( '', #2072, .T. );
#1623 = CYLINDRICAL_SURFACE( '', #2073, 0.225000000000000 );
#1624 = FACE_OUTER_BOUND( '', #2074, .T. );
#1625 = PLANE( '', #2075 );
#1626 = FACE_OUTER_BOUND( '', #2076, .T. );
#1627 = PLANE( '', #2077 );
#1628 = FACE_OUTER_BOUND( '', #2078, .T. );
#1629 = PLANE( '', #2079 );
#1630 = FACE_OUTER_BOUND( '', #2080, .T. );
#1631 = CYLINDRICAL_SURFACE( '', #2081, 0.0750000000000000 );
#1632 = FACE_OUTER_BOUND( '', #2082, .T. );
#1633 = PLANE( '', #2083 );
#1634 = FACE_OUTER_BOUND( '', #2084, .T. );
#1635 = PLANE( '', #2085 );
#1636 = FACE_OUTER_BOUND( '', #2086, .T. );
#1637 = PLANE( '', #2087 );
#1638 = FACE_OUTER_BOUND( '', #2088, .T. );
#1639 = PLANE( '', #2089 );
#1640 = FACE_OUTER_BOUND( '', #2090, .T. );
#1641 = PLANE( '', #2091 );
#1642 = FACE_BOUND( '', #2092, .T. );
#1643 = FACE_OUTER_BOUND( '', #2093, .T. );
#1644 = PLANE( '', #2094 );
#1645 = FACE_OUTER_BOUND( '', #2095, .T. );
#1646 = PLANE( '', #2096 );
#1647 = FACE_OUTER_BOUND( '', #2097, .T. );
#1648 = CYLINDRICAL_SURFACE( '', #2098, 0.0749999999999992 );
#1649 = FACE_OUTER_BOUND( '', #2099, .T. );
#1650 = CYLINDRICAL_SURFACE( '', #2100, 0.225000000000000 );
#1651 = FACE_OUTER_BOUND( '', #2101, .T. );
#1652 = PLANE( '', #2102 );
#1653 = FACE_OUTER_BOUND( '', #2103, .T. );
#1654 = PLANE( '', #2104 );
#1655 = FACE_OUTER_BOUND( '', #2105, .T. );
#1656 = PLANE( '', #2106 );
#1657 = FACE_OUTER_BOUND( '', #2107, .T. );
#1658 = FACE_BOUND( '', #2108, .T. );
#1659 = PLANE( '', #2109 );
#1660 = FACE_OUTER_BOUND( '', #2110, .T. );
#1661 = CYLINDRICAL_SURFACE( '', #2111, 0.0500000000000000 );
#1662 = FACE_OUTER_BOUND( '', #2112, .T. );
#1663 = FACE_OUTER_BOUND( '', #2113, .T. );
#1664 = CYLINDRICAL_SURFACE( '', #2114, 1.50000000000000 );
#1665 = FACE_OUTER_BOUND( '', #2115, .T. );
#1666 = PLANE( '', #2116 );
#1667 = FACE_OUTER_BOUND( '', #2117, .T. );
#1668 = PLANE( '', #2118 );
#1669 = FACE_OUTER_BOUND( '', #2119, .T. );
#1670 = PLANE( '', #2120 );
#1671 = FACE_OUTER_BOUND( '', #2121, .T. );
#1672 = PLANE( '', #2122 );
#1673 = FACE_OUTER_BOUND( '', #2123, .T. );
#1674 = PLANE( '', #2124 );
#1675 = FACE_OUTER_BOUND( '', #2125, .T. );
#1676 = PLANE( '', #2126 );
#1677 = FACE_OUTER_BOUND( '', #2127, .T. );
#1678 = PLANE( '', #2128 );
#1679 = FACE_OUTER_BOUND( '', #2129, .T. );
#1680 = PLANE( '', #2130 );
#1681 = FACE_OUTER_BOUND( '', #2131, .T. );
#1682 = PLANE( '', #2132 );
#1683 = FACE_OUTER_BOUND( '', #2133, .T. );
#1684 = PLANE( '', #2134 );
#1685 = FACE_OUTER_BOUND( '', #2135, .T. );
#1686 = PLANE( '', #2136 );
#1687 = FACE_OUTER_BOUND( '', #2137, .T. );
#1688 = PLANE( '', #2138 );
#1689 = FACE_OUTER_BOUND( '', #2139, .T. );
#1690 = PLANE( '', #2140 );
#1691 = FILL_AREA_STYLE( '', ( #2141 ) );
#1692 = EDGE_CURVE( '', #2142, #2143, #2144, .T. );
#1693 = EDGE_CURVE( '', #2142, #2145, #2146, .F. );
#1694 = EDGE_CURVE( '', #2145, #2147, #2148, .T. );
#1695 = EDGE_CURVE( '', #2147, #2149, #2150, .F. );
#1696 = EDGE_CURVE( '', #2149, #2151, #2152, .T. );
#1697 = EDGE_CURVE( '', #2151, #2153, #2154, .T. );
#1698 = EDGE_CURVE( '', #2155, #2153, #2156, .T. );
#1699 = EDGE_CURVE( '', #2143, #2155, #2157, .F. );
#1700 = FILL_AREA_STYLE( '', ( #2158 ) );
#1701 = EDGE_CURVE( '', #2159, #2160, #2161, .F. );
#1702 = EDGE_CURVE( '', #2162, #2159, #2163, .F. );
#1703 = EDGE_CURVE( '', #2162, #2164, #2165, .F. );
#1704 = EDGE_CURVE( '', #2164, #2160, #2166, .T. );
#1705 = FILL_AREA_STYLE( '', ( #2167 ) );
#1706 = EDGE_CURVE( '', #2168, #2169, #2170, .T. );
#1707 = EDGE_CURVE( '', #2168, #2171, #2172, .T. );
#1708 = EDGE_CURVE( '', #2171, #2173, #2174, .T. );
#1709 = EDGE_CURVE( '', #2173, #2169, #2175, .T. );
#1710 = FILL_AREA_STYLE( '', ( #2176 ) );
#1711 = EDGE_CURVE( '', #2173, #2177, #2178, .T. );
#1712 = EDGE_CURVE( '', #2179, #2177, #2180, .T. );
#1713 = EDGE_CURVE( '', #2179, #2181, #2182, .T. );
#1714 = EDGE_CURVE( '', #2181, #2183, #2184, .F. );
#1715 = EDGE_CURVE( '', #2183, #2169, #2185, .T. );
#1716 = FILL_AREA_STYLE( '', ( #2186 ) );
#1717 = EDGE_CURVE( '', #2187, #2188, #2189, .T. );
#1718 = EDGE_CURVE( '', #2188, #2190, #2191, .T. );
#1719 = EDGE_CURVE( '', #2192, #2190, #2193, .T. );
#1720 = EDGE_CURVE( '', #2187, #2192, #2194, .T. );
#1721 = FILL_AREA_STYLE( '', ( #2195 ) );
#1722 = EDGE_CURVE( '', #2196, #2197, #2198, .T. );
#1723 = EDGE_CURVE( '', #2197, #2199, #2200, .T. );
#1724 = EDGE_CURVE( '', #2201, #2199, #2202, .T. );
#1725 = EDGE_CURVE( '', #2196, #2201, #2203, .T. );
#1726 = FILL_AREA_STYLE( '', ( #2204 ) );
#1727 = EDGE_CURVE( '', #2205, #2155, #2206, .F. );
#1728 = EDGE_CURVE( '', #2153, #2207, #2208, .T. );
#1729 = EDGE_CURVE( '', #2160, #2207, #2209, .F. );
#1730 = EDGE_CURVE( '', #2164, #2210, #2211, .F. );
#1731 = EDGE_CURVE( '', #2212, #2210, #2213, .T. );
#1732 = EDGE_CURVE( '', #2205, #2212, #2214, .T. );
#1733 = FILL_AREA_STYLE( '', ( #2215 ) );
#1734 = EDGE_CURVE( '', #2216, #2217, #2218, .T. );
#1735 = EDGE_CURVE( '', #2219, #2217, #2220, .T. );
#1736 = EDGE_CURVE( '', #2221, #2219, #2222, .T. );
#1737 = EDGE_CURVE( '', #2221, #2216, #2223, .T. );
#1738 = FILL_AREA_STYLE( '', ( #2224 ) );
#1739 = EDGE_CURVE( '', #2225, #2226, #2227, .T. );
#1740 = EDGE_CURVE( '', #2225, #2187, #2228, .T. );
#1741 = EDGE_CURVE( '', #2226, #2192, #2229, .T. );
#1742 = FILL_AREA_STYLE( '', ( #2230 ) );
#1743 = EDGE_CURVE( '', #2231, #2179, #2232, .T. );
#1744 = EDGE_CURVE( '', #2177, #2233, #2234, .T. );
#1745 = EDGE_CURVE( '', #2231, #2233, #2235, .T. );
#1746 = FILL_AREA_STYLE( '', ( #2236 ) );
#1747 = EDGE_CURVE( '', #2237, #2238, #2239, .T. );
#1748 = EDGE_CURVE( '', #2238, #2240, #2241, .T. );
#1749 = EDGE_CURVE( '', #2240, #2242, #2243, .T. );
#1750 = EDGE_CURVE( '', #2242, #2237, #2244, .F. );
#1751 = FILL_AREA_STYLE( '', ( #2245 ) );
#1752 = EDGE_CURVE( '', #2216, #2225, #2246, .T. );
#1753 = EDGE_CURVE( '', #2225, #2247, #2248, .T. );
#1754 = EDGE_CURVE( '', #2217, #2247, #2249, .T. );
#1755 = FILL_AREA_STYLE( '', ( #2250 ) );
#1756 = EDGE_CURVE( '', #2251, #2190, #2252, .T. );
#1757 = EDGE_CURVE( '', #2226, #2251, #2253, .T. );
#1758 = FILL_AREA_STYLE( '', ( #2254 ) );
#1759 = EDGE_CURVE( '', #2255, #2256, #2257, .T. );
#1760 = EDGE_CURVE( '', #2255, #2258, #2259, .T. );
#1761 = EDGE_CURVE( '', #2258, #2260, #2261, .F. );
#1762 = EDGE_CURVE( '', #2260, #2256, #2262, .T. );
#1763 = FILL_AREA_STYLE( '', ( #2263 ) );
#1764 = EDGE_CURVE( '', #2151, #2264, #2265, .T. );
#1765 = EDGE_CURVE( '', #2264, #2207, #2266, .T. );
#1766 = FILL_AREA_STYLE( '', ( #2267 ) );
#1767 = EDGE_CURVE( '', #2268, #2269, #2270, .T. );
#1768 = EDGE_CURVE( '', #2268, #2142, #2271, .T. );
#1769 = EDGE_CURVE( '', #2269, #2143, #2272, .T. );
#1770 = FILL_AREA_STYLE( '', ( #2273 ) );
#1771 = EDGE_CURVE( '', #2274, #2260, #2275, .T. );
#1772 = EDGE_CURVE( '', #2274, #2276, #2277, .T. );
#1773 = EDGE_CURVE( '', #2276, #2278, #2279, .T. );
#1774 = EDGE_CURVE( '', #2278, #2280, #2281, .T. );
#1775 = EDGE_CURVE( '', #2280, #2256, #2282, .T. );
#1776 = FILL_AREA_STYLE( '', ( #2283 ) );
#1777 = EDGE_CURVE( '', #2284, #2285, #2286, .T. );
#1778 = EDGE_CURVE( '', #2284, #2268, #2287, .T. );
#1779 = EDGE_CURVE( '', #2269, #2205, #2288, .F. );
#1780 = EDGE_CURVE( '', #2289, #2212, #2290, .T. );
#1781 = EDGE_CURVE( '', #2291, #2289, #2292, .T. );
#1782 = EDGE_CURVE( '', #2285, #2291, #2293, .F. );
#1783 = FILL_AREA_STYLE( '', ( #2294 ) );
#1784 = EDGE_CURVE( '', #2278, #2295, #2296, .T. );
#1785 = EDGE_CURVE( '', #2295, #2297, #2298, .T. );
#1786 = EDGE_CURVE( '', #2297, #2280, #2299, .T. );
#1787 = FILL_AREA_STYLE( '', ( #2300 ) );
#1788 = EDGE_CURVE( '', #2301, #2302, #2303, .T. );
#1789 = EDGE_CURVE( '', #2302, #2304, #2305, .T. );
#1790 = EDGE_CURVE( '', #2306, #2304, #2307, .T. );
#1791 = EDGE_CURVE( '', #2308, #2306, #2309, .F. );
#1792 = EDGE_CURVE( '', #2308, #2310, #2311, .T. );
#1793 = EDGE_CURVE( '', #2310, #2301, #2312, .T. );
#1794 = FILL_AREA_STYLE( '', ( #2313 ) );
#1795 = EDGE_CURVE( '', #2314, #2210, #2315, .T. );
#1796 = EDGE_CURVE( '', #2289, #2314, #2316, .T. );
#1797 = FILL_AREA_STYLE( '', ( #2317 ) );
#1798 = EDGE_CURVE( '', #2318, #2319, #2320, .T. );
#1799 = EDGE_CURVE( '', #2319, #2197, #2321, .T. );
#1800 = EDGE_CURVE( '', #2318, #2196, #2322, .T. );
#1801 = FILL_AREA_STYLE( '', ( #2323 ) );
#1802 = EDGE_CURVE( '', #2183, #2306, #2324, .T. );
#1803 = EDGE_CURVE( '', #2169, #2304, #2325, .T. );
#1804 = FILL_AREA_STYLE( '', ( #2326 ) );
#1805 = EDGE_CURVE( '', #2168, #2258, #2327, .T. );
#1806 = EDGE_CURVE( '', #2255, #2221, #2328, .T. );
#1807 = EDGE_CURVE( '', #2329, #2219, #2330, .T. );
#1808 = EDGE_CURVE( '', #2329, #2331, #2332, .F. );
#1809 = EDGE_CURVE( '', #2333, #2331, #2334, .T. );
#1810 = EDGE_CURVE( '', #2333, #2335, #2336, .T. );
#1811 = EDGE_CURVE( '', #2337, #2335, #2338, .T. );
#1812 = EDGE_CURVE( '', #2339, #2337, #2340, .T. );
#1813 = EDGE_CURVE( '', #2339, #2171, #2341, .T. );
#1814 = FILL_AREA_STYLE( '', ( #2342 ) );
#1815 = EDGE_CURVE( '', #2343, #2187, #2344, .T. );
#1816 = EDGE_CURVE( '', #2216, #2343, #2345, .T. );
#1817 = FILL_AREA_STYLE( '', ( #2346 ) );
#1818 = EDGE_CURVE( '', #2343, #2347, #2348, .T. );
#1819 = EDGE_CURVE( '', #2347, #2188, #2349, .T. );
#1820 = FILL_AREA_STYLE( '', ( #2350 ) );
#1821 = EDGE_CURVE( '', #2351, #2297, #2352, .T. );
#1822 = EDGE_CURVE( '', #2353, #2351, #2354, .T. );
#1823 = EDGE_CURVE( '', #2355, #2353, #2356, .T. );
#1824 = EDGE_CURVE( '', #2355, #2357, #2358, .T. );
#1825 = EDGE_CURVE( '', #2357, #2359, #2360, .T. );
#1826 = EDGE_CURVE( '', #2359, #2343, #2361, .T. );
#1827 = FILL_AREA_STYLE( '', ( #2362 ) );
#1828 = EDGE_CURVE( '', #2363, #2347, #2364, .T. );
#1829 = EDGE_CURVE( '', #2359, #2363, #2365, .T. );
#1830 = FILL_AREA_STYLE( '', ( #2366 ) );
#1831 = EDGE_CURVE( '', #2217, #2347, #2367, .T. );
#1832 = EDGE_CURVE( '', #2247, #2188, #2368, .T. );
#1833 = FILL_AREA_STYLE( '', ( #2369 ) );
#1834 = EDGE_CURVE( '', #2329, #2276, #2370, .T. );
#1835 = EDGE_CURVE( '', #2331, #2274, #2371, .T. );
#1836 = FILL_AREA_STYLE( '', ( #2372 ) );
#1837 = EDGE_CURVE( '', #2319, #2373, #2374, .T. );
#1838 = EDGE_CURVE( '', #2373, #2199, #2375, .T. );
#1839 = FILL_AREA_STYLE( '', ( #2376 ) );
#1840 = EDGE_CURVE( '', #2247, #2251, #2377, .T. );
#1841 = FILL_AREA_STYLE( '', ( #2378 ) );
#1842 = EDGE_CURVE( '', #2379, #2380, #2381, .T. );
#1843 = EDGE_CURVE( '', #2380, #2237, #2382, .T. );
#1844 = EDGE_CURVE( '', #2242, #2363, #2383, .T. );
#1845 = EDGE_CURVE( '', #2357, #2384, #2385, .T. );
#1846 = EDGE_CURVE( '', #2379, #2384, #2386, .T. );
#1847 = FILL_AREA_STYLE( '', ( #2387 ) );
#1848 = EDGE_CURVE( '', #2380, #2162, #2388, .F. );
#1849 = EDGE_CURVE( '', #2379, #2389, #2390, .T. );
#1850 = EDGE_CURVE( '', #2389, #2391, #2392, .T. );
#1851 = EDGE_CURVE( '', #2391, #2314, #2393, .T. );
#1852 = FILL_AREA_STYLE( '', ( #2394 ) );
#1853 = EDGE_CURVE( '', #2145, #2284, #2395, .F. );
#1854 = FILL_AREA_STYLE( '', ( #2396 ) );
#1855 = EDGE_CURVE( '', #2397, #2318, #2398, .T. );
#1856 = EDGE_CURVE( '', #2397, #2399, #2400, .T. );
#1857 = EDGE_CURVE( '', #2399, #2319, #2401, .T. );
#1858 = FILL_AREA_STYLE( '', ( #2402 ) );
#1859 = EDGE_CURVE( '', #2337, #2399, #2403, .T. );
#1860 = EDGE_CURVE( '', #2339, #2397, #2404, .T. );
#1861 = FILL_AREA_STYLE( '', ( #2405 ) );
#1862 = EDGE_CURVE( '', #2308, #2406, #2407, .T. );
#1863 = EDGE_CURVE( '', #2306, #2408, #2409, .T. );
#1864 = EDGE_CURVE( '', #2408, #2406, #2410, .T. );
#1865 = FILL_AREA_STYLE( '', ( #2411 ) );
#1866 = EDGE_CURVE( '', #2310, #2412, #2413, .T. );
#1867 = EDGE_CURVE( '', #2412, #2414, #2415, .T. );
#1868 = EDGE_CURVE( '', #2414, #2301, #2416, .T. );
#1869 = FILL_AREA_STYLE( '', ( #2417 ) );
#1870 = EDGE_CURVE( '', #2291, #2149, #2418, .T. );
#1871 = EDGE_CURVE( '', #2391, #2419, #2420, .T. );
#1872 = EDGE_CURVE( '', #2419, #2264, #2421, .T. );
#1873 = FILL_AREA_STYLE( '', ( #2422 ) );
#1874 = EDGE_CURVE( '', #2285, #2147, #2423, .T. );
#1875 = FILL_AREA_STYLE( '', ( #2424 ) );
#1876 = EDGE_CURVE( '', #2295, #2425, #2426, .T. );
#1877 = EDGE_CURVE( '', #2425, #2351, #2427, .T. );
#1878 = FILL_AREA_STYLE( '', ( #2428 ) );
#1879 = EDGE_CURVE( '', #2302, #2429, #2430, .T. );
#1880 = EDGE_CURVE( '', #2431, #2429, #2432, .T. );
#1881 = EDGE_CURVE( '', #2304, #2431, #2433, .T. );
#1882 = FILL_AREA_STYLE( '', ( #2434 ) );
#1883 = EDGE_CURVE( '', #2335, #2181, #2435, .T. );
#1884 = EDGE_CURVE( '', #2412, #2231, #2436, .T. );
#1885 = EDGE_CURVE( '', #2437, #2406, #2438, .T. );
#1886 = EDGE_CURVE( '', #2437, #2439, #2440, .T. );
#1887 = EDGE_CURVE( '', #2399, #2439, #2441, .T. );
#1888 = FILL_AREA_STYLE( '', ( #2442 ) );
#1889 = EDGE_CURVE( '', #2443, #2444, #2445, .T. );
#1890 = EDGE_CURVE( '', #2431, #2443, #2446, .T. );
#1891 = EDGE_CURVE( '', #2447, #2429, #2448, .T. );
#1892 = EDGE_CURVE( '', #2447, #2437, #2449, .T. );
#1893 = EDGE_CURVE( '', #2408, #2444, #2450, .T. );
#1894 = FILL_AREA_STYLE( '', ( #2451 ) );
#1895 = EDGE_CURVE( '', #2452, #2452, #2453, .T. );
#1896 = EDGE_CURVE( '', #2454, #2454, #2455, .T. );
#1897 = FILL_AREA_STYLE( '', ( #2456 ) );
#1898 = EDGE_CURVE( '', #2439, #2373, #2457, .T. );
#1899 = FILL_AREA_STYLE( '', ( #2458 ) );
#1900 = EDGE_CURVE( '', #2459, #2240, #2460, .T. );
#1901 = EDGE_CURVE( '', #2425, #2459, #2461, .T. );
#1902 = FILL_AREA_STYLE( '', ( #2462 ) );
#1903 = EDGE_CURVE( '', #2443, #2463, #2464, .T. );
#1904 = EDGE_CURVE( '', #2389, #2463, #2465, .T. );
#1905 = EDGE_CURVE( '', #2384, #2466, #2467, .T. );
#1906 = EDGE_CURVE( '', #2260, #2466, #2468, .F. );
#1907 = FILL_AREA_STYLE( '', ( #2469 ) );
#1908 = EDGE_CURVE( '', #2463, #2419, #2470, .T. );
#1909 = EDGE_CURVE( '', #2444, #2159, #2471, .F. );
#1910 = FILL_AREA_STYLE( '', ( #2472 ) );
#1911 = EDGE_CURVE( '', #2333, #2183, #2473, .T. );
#1912 = FILL_AREA_STYLE( '', ( #2474 ) );
#1913 = EDGE_CURVE( '', #2475, #2439, #2476, .T. );
#1914 = EDGE_CURVE( '', #2475, #2477, #2478, .T. );
#1915 = EDGE_CURVE( '', #2477, #2373, #2479, .T. );
#1916 = FILL_AREA_STYLE( '', ( #2480 ) );
#1917 = EDGE_CURVE( '', #2238, #2466, #2481, .T. );
#1918 = EDGE_CURVE( '', #2466, #2355, #2482, .T. );
#1919 = EDGE_CURVE( '', #2459, #2353, #2483, .T. );
#1920 = FILL_AREA_STYLE( '', ( #2484 ) );
#1921 = EDGE_CURVE( '', #2447, #2475, #2485, .T. );
#1922 = FILL_AREA_STYLE( '', ( #2486 ) );
#1923 = FILL_AREA_STYLE( '', ( #2487 ) );
#1924 = EDGE_CURVE( '', #2318, #2477, #2488, .T. );
#1925 = EDGE_CURVE( '', #2477, #2201, #2489, .T. );
#1926 = FILL_AREA_STYLE( '', ( #2490 ) );
#1927 = EDGE_CURVE( '', #2397, #2475, #2491, .T. );
#1928 = FILL_AREA_STYLE( '', ( #2492 ) );
#1929 = FILL_AREA_STYLE( '', ( #2493 ) );
#1930 = EDGE_CURVE( '', #2274, #2238, #2494, .T. );
#1931 = FILL_AREA_STYLE( '', ( #2495 ) );
#1932 = FILL_AREA_STYLE( '', ( #2496 ) );
#1933 = FILL_AREA_STYLE( '', ( #2497 ) );
#1934 = FILL_AREA_STYLE( '', ( #2498 ) );
#1935 = FILL_AREA_STYLE( '', ( #2499 ) );
#1936 = EDGE_CURVE( '', #2233, #2414, #2500, .T. );
#1937 = FILL_AREA_STYLE( '', ( #2501 ) );
#1938 = FILL_AREA_STYLE( '', ( #2502 ) );
#1939 = FILL_AREA_STYLE( '', ( #2503 ) );
#1940 = EDGE_LOOP( '', ( #2504, #2505, #2506, #2507 ) );
#1941 = AXIS2_PLACEMENT_3D( '', #2508, #2509, #2510 );
#1942 = EDGE_LOOP( '', ( #2511 ) );
#1943 = EDGE_LOOP( '', ( #2512 ) );
#1944 = AXIS2_PLACEMENT_3D( '', #2513, #2514, #2515 );
#1945 = EDGE_LOOP( '', ( #2516, #2517, #2518, #2519, #2520, #2521 ) );
#1946 = AXIS2_PLACEMENT_3D( '', #2522, #2523, #2524 );
#1947 = EDGE_LOOP( '', ( #2525, #2526, #2527, #2528, #2529, #2530 ) );
#1948 = AXIS2_PLACEMENT_3D( '', #2531, #2532, #2533 );
#1949 = EDGE_LOOP( '', ( #2534, #2535, #2536, #2537 ) );
#1950 = AXIS2_PLACEMENT_3D( '', #2538, #2539, #2540 );
#1951 = EDGE_LOOP( '', ( #2541, #2542, #2543, #2544 ) );
#1952 = AXIS2_PLACEMENT_3D( '', #2545, #2546, #2547 );
#1953 = EDGE_LOOP( '', ( #2548, #2549, #2550, #2551, #2552, #2553, #2554, #2555, #2556, #2557 ) );
#1954 = AXIS2_PLACEMENT_3D( '', #2558, #2559, #2560 );
#1955 = EDGE_LOOP( '', ( #2561, #2562, #2563, #2564, #2565 ) );
#1956 = AXIS2_PLACEMENT_3D( '', #2566, #2567, #2568 );
#1957 = EDGE_LOOP( '', ( #2569, #2570, #2571, #2572, #2573 ) );
#1958 = AXIS2_PLACEMENT_3D( '', #2574, #2575, #2576 );
#1959 = EDGE_LOOP( '', ( #2577, #2578, #2579, #2580, #2581, #2582, #2583, #2584, #2585, #2586, #2587, #2588 ) );
#1960 = AXIS2_PLACEMENT_3D( '', #2589, #2590, #2591 );
#1961 = EDGE_LOOP( '', ( #2592, #2593, #2594, #2595, #2596, #2597, #2598, #2599, #2600, #2601, #2602, #2603, #2604, #2605, #2606, #2607 ) );
#1962 = AXIS2_PLACEMENT_3D( '', #2608, #2609, #2610 );
#1963 = EDGE_LOOP( '', ( #2611, #2612, #2613, #2614, #2615, #2616, #2617, #2618, #2619, #2620, #2621, #2622, #2623, #2624, #2625, #2626, #2627, #2628, #2629, #2630 ) );
#1964 = AXIS2_PLACEMENT_3D( '', #2631, #2632, #2633 );
#1965 = EDGE_LOOP( '', ( #2634, #2635, #2636, #2637 ) );
#1966 = AXIS2_PLACEMENT_3D( '', #2638, #2639, #2640 );
#1967 = EDGE_LOOP( '', ( #2641, #2642, #2643, #2644 ) );
#1968 = EDGE_LOOP( '', ( #2645, #2646, #2647, #2648 ) );
#1969 = AXIS2_PLACEMENT_3D( '', #2649, #2650, #2651 );
#1970 = EDGE_LOOP( '', ( #2652, #2653, #2654, #2655 ) );
#1971 = AXIS2_PLACEMENT_3D( '', #2656, #2657, #2658 );
#1972 = EDGE_LOOP( '', ( #2659, #2660, #2661, #2662 ) );
#1973 = AXIS2_PLACEMENT_3D( '', #2663, #2664, #2665 );
#1974 = EDGE_LOOP( '', ( #2666, #2667, #2668, #2669, #2670, #2671, #2672, #2673, #2674, #2675, #2676, #2677 ) );
#1975 = AXIS2_PLACEMENT_3D( '', #2678, #2679, #2680 );
#1976 = EDGE_LOOP( '', ( #2681, #2682, #2683, #2684, #2685, #2686, #2687, #2688, #2689, #2690, #2691, #2692, #2693, #2694, #2695, #2696 ) );
#1977 = AXIS2_PLACEMENT_3D( '', #2697, #2698, #2699 );
#1978 = EDGE_LOOP( '', ( #2700, #2701, #2702, #2703, #2704 ) );
#1979 = AXIS2_PLACEMENT_3D( '', #2705, #2706, #2707 );
#1980 = EDGE_LOOP( '', ( #2708, #2709, #2710, #2711 ) );
#1981 = AXIS2_PLACEMENT_3D( '', #2712, #2713, #2714 );
#1982 = EDGE_LOOP( '', ( #2715, #2716, #2717, #2718 ) );
#1983 = AXIS2_PLACEMENT_3D( '', #2719, #2720, #2721 );
#1984 = EDGE_LOOP( '', ( #2722, #2723, #2724, #2725 ) );
#1985 = AXIS2_PLACEMENT_3D( '', #2726, #2727, #2728 );
#1986 = EDGE_LOOP( '', ( #2729, #2730, #2731, #2732 ) );
#1987 = AXIS2_PLACEMENT_3D( '', #2733, #2734, #2735 );
#1988 = EDGE_LOOP( '', ( #2736, #2737, #2738, #2739, #2740 ) );
#1989 = AXIS2_PLACEMENT_3D( '', #2741, #2742, #2743 );
#1990 = EDGE_LOOP( '', ( #2744, #2745, #2746, #2747, #2748 ) );
#1991 = AXIS2_PLACEMENT_3D( '', #2749, #2750, #2751 );
#1992 = EDGE_LOOP( '', ( #2752, #2753, #2754, #2755 ) );
#1993 = AXIS2_PLACEMENT_3D( '', #2756, #2757, #2758 );
#1994 = EDGE_LOOP( '', ( #2759, #2760, #2761, #2762 ) );
#1995 = EDGE_LOOP( '', ( #2763, #2764, #2765, #2766 ) );
#1996 = AXIS2_PLACEMENT_3D( '', #2767, #2768, #2769 );
#1997 = EDGE_LOOP( '', ( #2770, #2771, #2772, #2773 ) );
#1998 = AXIS2_PLACEMENT_3D( '', #2774, #2775, #2776 );
#1999 = EDGE_LOOP( '', ( #2777, #2778, #2779, #2780 ) );
#2000 = AXIS2_PLACEMENT_3D( '', #2781, #2782, #2783 );
#2001 = EDGE_LOOP( '', ( #2784, #2785, #2786, #2787 ) );
#2002 = AXIS2_PLACEMENT_3D( '', #2788, #2789, #2790 );
#2003 = EDGE_LOOP( '', ( #2791, #2792, #2793, #2794 ) );
#2004 = AXIS2_PLACEMENT_3D( '', #2795, #2796, #2797 );
#2005 = EDGE_LOOP( '', ( #2798, #2799, #2800, #2801 ) );
#2006 = AXIS2_PLACEMENT_3D( '', #2802, #2803, #2804 );
#2007 = EDGE_LOOP( '', ( #2805, #2806, #2807, #2808, #2809, #2810, #2811, #2812 ) );
#2008 = EDGE_LOOP( '', ( #2813 ) );
#2009 = AXIS2_PLACEMENT_3D( '', #2814, #2815, #2816 );
#2010 = EDGE_LOOP( '', ( #2817, #2818, #2819, #2820, #2821, #2822 ) );
#2011 = AXIS2_PLACEMENT_3D( '', #2823, #2824, #2825 );
#2012 = EDGE_LOOP( '', ( #2826, #2827, #2828, #2829 ) );
#2013 = AXIS2_PLACEMENT_3D( '', #2830, #2831, #2832 );
#2014 = EDGE_LOOP( '', ( #2833, #2834, #2835, #2836, #2837, #2838, #2839, #2840 ) );
#2015 = AXIS2_PLACEMENT_3D( '', #2841, #2842, #2843 );
#2016 = EDGE_LOOP( '', ( #2844, #2845, #2846, #2847 ) );
#2017 = AXIS2_PLACEMENT_3D( '', #2848, #2849, #2850 );
#2018 = EDGE_LOOP( '', ( #2851, #2852, #2853, #2854, #2855, #2856, #2857, #2858 ) );
#2019 = AXIS2_PLACEMENT_3D( '', #2859, #2860, #2861 );
#2020 = EDGE_LOOP( '', ( #2862, #2863, #2864, #2865, #2866, #2867, #2868, #2869 ) );
#2021 = AXIS2_PLACEMENT_3D( '', #2870, #2871, #2872 );
#2022 = EDGE_LOOP( '', ( #2873, #2874, #2875, #2876, #2877, #2878, #2879, #2880 ) );
#2023 = AXIS2_PLACEMENT_3D( '', #2881, #2882, #2883 );
#2024 = EDGE_LOOP( '', ( #2884, #2885, #2886, #2887 ) );
#2025 = AXIS2_PLACEMENT_3D( '', #2888, #2889, #2890 );
#2026 = EDGE_LOOP( '', ( #2891, #2892, #2893, #2894 ) );
#2027 = AXIS2_PLACEMENT_3D( '', #2895, #2896, #2897 );
#2028 = EDGE_LOOP( '', ( #2898, #2899, #2900, #2901 ) );
#2029 = AXIS2_PLACEMENT_3D( '', #2902, #2903, #2904 );
#2030 = EDGE_LOOP( '', ( #2905, #2906, #2907, #2908 ) );
#2031 = AXIS2_PLACEMENT_3D( '', #2909, #2910, #2911 );
#2032 = EDGE_LOOP( '', ( #2912, #2913, #2914, #2915 ) );
#2033 = AXIS2_PLACEMENT_3D( '', #2916, #2917, #2918 );
#2034 = EDGE_LOOP( '', ( #2919, #2920, #2921, #2922 ) );
#2035 = AXIS2_PLACEMENT_3D( '', #2923, #2924, #2925 );
#2036 = EDGE_LOOP( '', ( #2926, #2927, #2928, #2929 ) );
#2037 = AXIS2_PLACEMENT_3D( '', #2930, #2931, #2932 );
#2038 = EDGE_LOOP( '', ( #2933, #2934, #2935, #2936, #2937 ) );
#2039 = AXIS2_PLACEMENT_3D( '', #2938, #2939, #2940 );
#2040 = EDGE_LOOP( '', ( #2941, #2942, #2943, #2944, #2945 ) );
#2041 = AXIS2_PLACEMENT_3D( '', #2946, #2947, #2948 );
#2042 = EDGE_LOOP( '', ( #2949, #2950, #2951, #2952 ) );
#2043 = AXIS2_PLACEMENT_3D( '', #2953, #2954, #2955 );
#2044 = EDGE_LOOP( '', ( #2956, #2957, #2958, #2959, #2960 ) );
#2045 = AXIS2_PLACEMENT_3D( '', #2961, #2962, #2963 );
#2046 = EDGE_LOOP( '', ( #2964, #2965, #2966, #2967, #2968, #2969 ) );
#2047 = AXIS2_PLACEMENT_3D( '', #2970, #2971, #2972 );
#2048 = EDGE_LOOP( '', ( #2973, #2974, #2975, #2976, #2977, #2978 ) );
#2049 = AXIS2_PLACEMENT_3D( '', #2979, #2980, #2981 );
#2050 = EDGE_LOOP( '', ( #2982, #2983, #2984, #2985 ) );
#2051 = AXIS2_PLACEMENT_3D( '', #2986, #2987, #2988 );
#2052 = EDGE_LOOP( '', ( #2989, #2990, #2991, #2992 ) );
#2053 = AXIS2_PLACEMENT_3D( '', #2993, #2994, #2995 );
#2054 = EDGE_LOOP( '', ( #2996, #2997, #2998, #2999 ) );
#2055 = AXIS2_PLACEMENT_3D( '', #3000, #3001, #3002 );
#2056 = EDGE_LOOP( '', ( #3003, #3004, #3005, #3006 ) );
#2057 = AXIS2_PLACEMENT_3D( '', #3007, #3008, #3009 );
#2058 = EDGE_LOOP( '', ( #3010, #3011, #3012, #3013 ) );
#2059 = AXIS2_PLACEMENT_3D( '', #3014, #3015, #3016 );
#2060 = EDGE_LOOP( '', ( #3017, #3018, #3019, #3020, #3021, #3022 ) );
#2061 = AXIS2_PLACEMENT_3D( '', #3023, #3024, #3025 );
#2062 = EDGE_LOOP( '', ( #3026, #3027, #3028, #3029 ) );
#2063 = AXIS2_PLACEMENT_3D( '', #3030, #3031, #3032 );
#2064 = EDGE_LOOP( '', ( #3033, #3034, #3035, #3036, #3037, #3038 ) );
#2065 = AXIS2_PLACEMENT_3D( '', #3039, #3040, #3041 );
#2066 = EDGE_LOOP( '', ( #3042, #3043, #3044, #3045 ) );
#2067 = AXIS2_PLACEMENT_3D( '', #3046, #3047, #3048 );
#2068 = EDGE_LOOP( '', ( #3049, #3050, #3051, #3052 ) );
#2069 = AXIS2_PLACEMENT_3D( '', #3053, #3054, #3055 );
#2070 = EDGE_LOOP( '', ( #3056, #3057, #3058, #3059 ) );
#2071 = AXIS2_PLACEMENT_3D( '', #3060, #3061, #3062 );
#2072 = EDGE_LOOP( '', ( #3063, #3064, #3065, #3066 ) );
#2073 = AXIS2_PLACEMENT_3D( '', #3067, #3068, #3069 );
#2074 = EDGE_LOOP( '', ( #3070, #3071, #3072, #3073, #3074, #3075 ) );
#2075 = AXIS2_PLACEMENT_3D( '', #3076, #3077, #3078 );
#2076 = EDGE_LOOP( '', ( #3079, #3080, #3081, #3082 ) );
#2077 = AXIS2_PLACEMENT_3D( '', #3083, #3084, #3085 );
#2078 = EDGE_LOOP( '', ( #3086, #3087, #3088, #3089, #3090, #3091 ) );
#2079 = AXIS2_PLACEMENT_3D( '', #3092, #3093, #3094 );
#2080 = EDGE_LOOP( '', ( #3095, #3096, #3097, #3098 ) );
#2081 = AXIS2_PLACEMENT_3D( '', #3099, #3100, #3101 );
#2082 = EDGE_LOOP( '', ( #3102, #3103, #3104, #3105 ) );
#2083 = AXIS2_PLACEMENT_3D( '', #3106, #3107, #3108 );
#2084 = EDGE_LOOP( '', ( #3109, #3110, #3111, #3112 ) );
#2085 = AXIS2_PLACEMENT_3D( '', #3113, #3114, #3115 );
#2086 = EDGE_LOOP( '', ( #3116, #3117, #3118, #3119 ) );
#2087 = AXIS2_PLACEMENT_3D( '', #3120, #3121, #3122 );
#2088 = EDGE_LOOP( '', ( #3123, #3124, #3125, #3126, #3127, #3128 ) );
#2089 = AXIS2_PLACEMENT_3D( '', #3129, #3130, #3131 );
#2090 = EDGE_LOOP( '', ( #3132, #3133, #3134, #3135, #3136, #3137 ) );
#2091 = AXIS2_PLACEMENT_3D( '', #3138, #3139, #3140 );
#2092 = EDGE_LOOP( '', ( #3141, #3142, #3143, #3144 ) );
#2093 = EDGE_LOOP( '', ( #3145, #3146, #3147, #3148 ) );
#2094 = AXIS2_PLACEMENT_3D( '', #3149, #3150, #3151 );
#2095 = EDGE_LOOP( '', ( #3152, #3153, #3154, #3155 ) );
#2096 = AXIS2_PLACEMENT_3D( '', #3156, #3157, #3158 );
#2097 = EDGE_LOOP( '', ( #3159, #3160, #3161, #3162 ) );
#2098 = AXIS2_PLACEMENT_3D( '', #3163, #3164, #3165 );
#2099 = EDGE_LOOP( '', ( #3166, #3167, #3168, #3169 ) );
#2100 = AXIS2_PLACEMENT_3D( '', #3170, #3171, #3172 );
#2101 = EDGE_LOOP( '', ( #3173, #3174, #3175, #3176 ) );
#2102 = AXIS2_PLACEMENT_3D( '', #3177, #3178, #3179 );
#2103 = EDGE_LOOP( '', ( #3180, #3181, #3182, #3183 ) );
#2104 = AXIS2_PLACEMENT_3D( '', #3184, #3185, #3186 );
#2105 = EDGE_LOOP( '', ( #3187, #3188, #3189, #3190 ) );
#2106 = AXIS2_PLACEMENT_3D( '', #3191, #3192, #3193 );
#2107 = EDGE_LOOP( '', ( #3194, #3195, #3196, #3197 ) );
#2108 = EDGE_LOOP( '', ( #3198, #3199, #3200, #3201 ) );
#2109 = AXIS2_PLACEMENT_3D( '', #3202, #3203, #3204 );
#2110 = EDGE_LOOP( '', ( #3205, #3206, #3207, #3208 ) );
#2111 = AXIS2_PLACEMENT_3D( '', #3209, #3210, #3211 );
#2112 = EDGE_LOOP( '', ( #3212 ) );
#2113 = EDGE_LOOP( '', ( #3213 ) );
#2114 = AXIS2_PLACEMENT_3D( '', #3214, #3215, #3216 );
#2115 = EDGE_LOOP( '', ( #3217, #3218, #3219, #3220, #3221, #3222 ) );
#2116 = AXIS2_PLACEMENT_3D( '', #3223, #3224, #3225 );
#2117 = EDGE_LOOP( '', ( #3226, #3227, #3228, #3229, #3230, #3231 ) );
#2118 = AXIS2_PLACEMENT_3D( '', #3232, #3233, #3234 );
#2119 = EDGE_LOOP( '', ( #3235, #3236, #3237, #3238, #3239, #3240 ) );
#2120 = AXIS2_PLACEMENT_3D( '', #3241, #3242, #3243 );
#2121 = EDGE_LOOP( '', ( #3244, #3245, #3246, #3247 ) );
#2122 = AXIS2_PLACEMENT_3D( '', #3248, #3249, #3250 );
#2123 = EDGE_LOOP( '', ( #3251, #3252, #3253, #3254 ) );
#2124 = AXIS2_PLACEMENT_3D( '', #3255, #3256, #3257 );
#2125 = EDGE_LOOP( '', ( #3258, #3259, #3260, #3261, #3262, #3263 ) );
#2126 = AXIS2_PLACEMENT_3D( '', #3264, #3265, #3266 );
#2127 = EDGE_LOOP( '', ( #3267, #3268, #3269, #3270 ) );
#2128 = AXIS2_PLACEMENT_3D( '', #3271, #3272, #3273 );
#2129 = EDGE_LOOP( '', ( #3274, #3275, #3276, #3277 ) );
#2130 = AXIS2_PLACEMENT_3D( '', #3278, #3279, #3280 );
#2131 = EDGE_LOOP( '', ( #3281, #3282, #3283, #3284 ) );
#2132 = AXIS2_PLACEMENT_3D( '', #3285, #3286, #3287 );
#2133 = EDGE_LOOP( '', ( #3288, #3289, #3290, #3291 ) );
#2134 = AXIS2_PLACEMENT_3D( '', #3292, #3293, #3294 );
#2135 = EDGE_LOOP( '', ( #3295 ) );
#2136 = AXIS2_PLACEMENT_3D( '', #3296, #3297, #3298 );
#2137 = EDGE_LOOP( '', ( #3299, #3300, #3301, #3302, #3303, #3304 ) );
#2138 = AXIS2_PLACEMENT_3D( '', #3305, #3306, #3307 );
#2139 = EDGE_LOOP( '', ( #3308, #3309, #3310, #3311, #3312, #3313, #3314, #3315, #3316, #3317 ) );
#2140 = AXIS2_PLACEMENT_3D( '', #3318, #3319, #3320 );
#2141 = FILL_AREA_STYLE_COLOUR( '', #3321 );
#2142 = VERTEX_POINT( '', #3322 );
#2143 = VERTEX_POINT( '', #3323 );
#2144 = LINE( '', #3324, #3325 );
#2145 = VERTEX_POINT( '', #3326 );
#2146 = LINE( '', #3327, #3328 );
#2147 = VERTEX_POINT( '', #3329 );
#2148 = LINE( '', #3330, #3331 );
#2149 = VERTEX_POINT( '', #3332 );
#2150 = CIRCLE( '', #3333, 0.0500000000000000 );
#2151 = VERTEX_POINT( '', #3334 );
#2152 = LINE( '', #3335, #3336 );
#2153 = VERTEX_POINT( '', #3337 );
#2154 = LINE( '', #3338, #3339 );
#2155 = VERTEX_POINT( '', #3340 );
#2156 = LINE( '', #3341, #3342 );
#2157 = CIRCLE( '', #3343, 0.200000000000000 );
#2158 = FILL_AREA_STYLE_COLOUR( '', #3344 );
#2159 = VERTEX_POINT( '', #3345 );
#2160 = VERTEX_POINT( '', #3346 );
#2161 = CIRCLE( '', #3347, 0.0500000000000000 );
#2162 = VERTEX_POINT( '', #3348 );
#2163 = LINE( '', #3349, #3350 );
#2164 = VERTEX_POINT( '', #3351 );
#2165 = CIRCLE( '', #3352, 0.0500000000000000 );
#2166 = LINE( '', #3353, #3354 );
#2167 = FILL_AREA_STYLE_COLOUR( '', #3355 );
#2168 = VERTEX_POINT( '', #3356 );
#2169 = VERTEX_POINT( '', #3357 );
#2170 = LINE( '', #3358, #3359 );
#2171 = VERTEX_POINT( '', #3360 );
#2172 = CIRCLE( '', #3361, 0.200000000000000 );
#2173 = VERTEX_POINT( '', #3362 );
#2174 = LINE( '', #3363, #3364 );
#2175 = CIRCLE( '', #3365, 0.200000000000000 );
#2176 = FILL_AREA_STYLE_COLOUR( '', #3366 );
#2177 = VERTEX_POINT( '', #3367 );
#2178 = LINE( '', #3368, #3369 );
#2179 = VERTEX_POINT( '', #3370 );
#2180 = LINE( '', #3371, #3372 );
#2181 = VERTEX_POINT( '', #3373 );
#2182 = LINE( '', #3374, #3375 );
#2183 = VERTEX_POINT( '', #3376 );
#2184 = CIRCLE( '', #3377, 0.0500000000000000 );
#2185 = LINE( '', #3378, #3379 );
#2186 = FILL_AREA_STYLE_COLOUR( '', #3380 );
#2187 = VERTEX_POINT( '', #3381 );
#2188 = VERTEX_POINT( '', #3382 );
#2189 = LINE( '', #3383, #3384 );
#2190 = VERTEX_POINT( '', #3385 );
#2191 = LINE( '', #3386, #3387 );
#2192 = VERTEX_POINT( '', #3388 );
#2193 = LINE( '', #3389, #3390 );
#2194 = LINE( '', #3391, #3392 );
#2195 = FILL_AREA_STYLE_COLOUR( '', #3393 );
#2196 = VERTEX_POINT( '', #3394 );
#2197 = VERTEX_POINT( '', #3395 );
#2198 = LINE( '', #3396, #3397 );
#2199 = VERTEX_POINT( '', #3398 );
#2200 = LINE( '', #3399, #3400 );
#2201 = VERTEX_POINT( '', #3401 );
#2202 = LINE( '', #3402, #3403 );
#2203 = LINE( '', #3404, #3405 );
#2204 = FILL_AREA_STYLE_COLOUR( '', #3406 );
#2205 = VERTEX_POINT( '', #3407 );
#2206 = LINE( '', #3408, #3409 );
#2207 = VERTEX_POINT( '', #3410 );
#2208 = LINE( '', #3411, #3412 );
#2209 = LINE( '', #3413, #3414 );
#2210 = VERTEX_POINT( '', #3415 );
#2211 = LINE( '', #3416, #3417 );
#2212 = VERTEX_POINT( '', #3418 );
#2213 = LINE( '', #3419, #3420 );
#2214 = LINE( '', #3421, #3422 );
#2215 = FILL_AREA_STYLE_COLOUR( '', #3423 );
#2216 = VERTEX_POINT( '', #3424 );
#2217 = VERTEX_POINT( '', #3425 );
#2218 = LINE( '', #3426, #3427 );
#2219 = VERTEX_POINT( '', #3428 );
#2220 = LINE( '', #3429, #3430 );
#2221 = VERTEX_POINT( '', #3431 );
#2222 = LINE( '', #3432, #3433 );
#2223 = LINE( '', #3434, #3435 );
#2224 = FILL_AREA_STYLE_COLOUR( '', #3436 );
#2225 = VERTEX_POINT( '', #3437 );
#2226 = VERTEX_POINT( '', #3438 );
#2227 = LINE( '', #3439, #3440 );
#2228 = LINE( '', #3441, #3442 );
#2229 = LINE( '', #3443, #3444 );
#2230 = FILL_AREA_STYLE_COLOUR( '', #3445 );
#2231 = VERTEX_POINT( '', #3446 );
#2232 = CIRCLE( '', #3447, 0.100000000000000 );
#2233 = VERTEX_POINT( '', #3448 );
#2234 = CIRCLE( '', #3449, 0.100000000000000 );
#2235 = LINE( '', #3450, #3451 );
#2236 = FILL_AREA_STYLE_COLOUR( '', #3452 );
#2237 = VERTEX_POINT( '', #3453 );
#2238 = VERTEX_POINT( '', #3454 );
#2239 = LINE( '', #3455, #3456 );
#2240 = VERTEX_POINT( '', #3457 );
#2241 = CIRCLE( '', #3458, 0.0500000000000000 );
#2242 = VERTEX_POINT( '', #3459 );
#2243 = LINE( '', #3460, #3461 );
#2244 = CIRCLE( '', #3462, 0.0500000000000000 );
#2245 = FILL_AREA_STYLE_COLOUR( '', #3463 );
#2246 = B_SPLINE_CURVE_WITH_KNOTS( '', 3, ( #3464, #3465, #3466, #3467 ), .UNSPECIFIED., .F., .F., ( 4, 4 ), ( 0.000000000000000, 1.00000000000000 ), .UNSPECIFIED. );
#2247 = VERTEX_POINT( '', #3468 );
#2248 = LINE( '', #3469, #3470 );
#2249 = B_SPLINE_CURVE_WITH_KNOTS( '', 3, ( #3471, #3472, #3473, #3474 ), .UNSPECIFIED., .F., .F., ( 4, 4 ), ( 0.000000000000000, 1.00000000000000 ), .UNSPECIFIED. );
#2250 = FILL_AREA_STYLE_COLOUR( '', #3475 );
#2251 = VERTEX_POINT( '', #3476 );
#2252 = LINE( '', #3477, #3478 );
#2253 = LINE( '', #3479, #3480 );
#2254 = FILL_AREA_STYLE_COLOUR( '', #3481 );
#2255 = VERTEX_POINT( '', #3482 );
#2256 = VERTEX_POINT( '', #3483 );
#2257 = LINE( '', #3484, #3485 );
#2258 = VERTEX_POINT( '', #3486 );
#2259 = CIRCLE( '', #3487, 0.200000000000000 );
#2260 = VERTEX_POINT( '', #3488 );
#2261 = LINE( '', #3489, #3490 );
#2262 = CIRCLE( '', #3491, 0.200000000000000 );
#2263 = FILL_AREA_STYLE_COLOUR( '', #3492 );
#2264 = VERTEX_POINT( '', #3493 );
#2265 = LINE( '', #3494, #3495 );
#2266 = LINE( '', #3496, #3497 );
#2267 = FILL_AREA_STYLE_COLOUR( '', #3498 );
#2268 = VERTEX_POINT( '', #3499 );
#2269 = VERTEX_POINT( '', #3500 );
#2270 = LINE( '', #3501, #3502 );
#2271 = CIRCLE( '', #3503, 0.350000000000000 );
#2272 = LINE( '', #3504, #3505 );
#2273 = FILL_AREA_STYLE_COLOUR( '', #3506 );
#2274 = VERTEX_POINT( '', #3507 );
#2275 = LINE( '', #3508, #3509 );
#2276 = VERTEX_POINT( '', #3510 );
#2277 = CIRCLE( '', #3511, 0.0500000000000000 );
#2278 = VERTEX_POINT( '', #3512 );
#2279 = LINE( '', #3513, #3514 );
#2280 = VERTEX_POINT( '', #3515 );
#2281 = LINE( '', #3516, #3517 );
#2282 = LINE( '', #3518, #3519 );
#2283 = FILL_AREA_STYLE_COLOUR( '', #3520 );
#2284 = VERTEX_POINT( '', #3521 );
#2285 = VERTEX_POINT( '', #3522 );
#2286 = LINE( '', #3523, #3524 );
#2287 = LINE( '', #3525, #3526 );
#2288 = CIRCLE( '', #3527, 0.200000000000000 );
#2289 = VERTEX_POINT( '', #3528 );
#2290 = LINE( '', #3529, #3530 );
#2291 = VERTEX_POINT( '', #3531 );
#2292 = LINE( '', #3532, #3533 );
#2293 = CIRCLE( '', #3534, 0.0500000000000000 );
#2294 = FILL_AREA_STYLE_COLOUR( '', #3535 );
#2295 = VERTEX_POINT( '', #3536 );
#2296 = CIRCLE( '', #3537, 0.100000000000000 );
#2297 = VERTEX_POINT( '', #3538 );
#2298 = LINE( '', #3539, #3540 );
#2299 = CIRCLE( '', #3541, 0.100000000000000 );
#2300 = FILL_AREA_STYLE_COLOUR( '', #3542 );
#2301 = VERTEX_POINT( '', #3543 );
#2302 = VERTEX_POINT( '', #3544 );
#2303 = LINE( '', #3545, #3546 );
#2304 = VERTEX_POINT( '', #3547 );
#2305 = CIRCLE( '', #3548, 0.200000000000000 );
#2306 = VERTEX_POINT( '', #3549 );
#2307 = LINE( '', #3550, #3551 );
#2308 = VERTEX_POINT( '', #3552 );
#2309 = CIRCLE( '', #3553, 0.0500000000000000 );
#2310 = VERTEX_POINT( '', #3554 );
#2311 = LINE( '', #3555, #3556 );
#2312 = LINE( '', #3557, #3558 );
#2313 = FILL_AREA_STYLE_COLOUR( '', #3559 );
#2314 = VERTEX_POINT( '', #3560 );
#2315 = LINE( '', #3561, #3562 );
#2316 = LINE( '', #3563, #3564 );
#2317 = FILL_AREA_STYLE_COLOUR( '', #3565 );
#2318 = VERTEX_POINT( '', #3566 );
#2319 = VERTEX_POINT( '', #3567 );
#2320 = LINE( '', #3568, #3569 );
#2321 = LINE( '', #3570, #3571 );
#2322 = LINE( '', #3572, #3573 );
#2323 = FILL_AREA_STYLE_COLOUR( '', #3574 );
#2324 = LINE( '', #3575, #3576 );
#2325 = LINE( '', #3577, #3578 );
#2326 = FILL_AREA_STYLE_COLOUR( '', #3579 );
#2327 = LINE( '', #3580, #3581 );
#2328 = LINE( '', #3582, #3583 );
#2329 = VERTEX_POINT( '', #3584 );
#2330 = LINE( '', #3585, #3586 );
#2331 = VERTEX_POINT( '', #3587 );
#2332 = CIRCLE( '', #3588, 0.0500000000000000 );
#2333 = VERTEX_POINT( '', #3589 );
#2334 = LINE( '', #3590, #3591 );
#2335 = VERTEX_POINT( '', #3592 );
#2336 = CIRCLE( '', #3593, 0.0500000000000000 );
#2337 = VERTEX_POINT( '', #3594 );
#2338 = LINE( '', #3595, #3596 );
#2339 = VERTEX_POINT( '', #3597 );
#2340 = LINE( '', #3598, #3599 );
#2341 = LINE( '', #3600, #3601 );
#2342 = FILL_AREA_STYLE_COLOUR( '', #3602 );
#2343 = VERTEX_POINT( '', #3603 );
#2344 = B_SPLINE_CURVE_WITH_KNOTS( '', 3, ( #3604, #3605, #3606, #3607 ), .UNSPECIFIED., .F., .F., ( 4, 4 ), ( 0.000000000000000, 1.00000000000000 ), .UNSPECIFIED. );
#2345 = LINE( '', #3608, #3609 );
#2346 = FILL_AREA_STYLE_COLOUR( '', #3610 );
#2347 = VERTEX_POINT( '', #3611 );
#2348 = LINE( '', #3612, #3613 );
#2349 = B_SPLINE_CURVE_WITH_KNOTS( '', 3, ( #3614, #3615, #3616, #3617 ), .UNSPECIFIED., .F., .F., ( 4, 4 ), ( 0.000000000000000, 1.00000000000000 ), .UNSPECIFIED. );
#2350 = FILL_AREA_STYLE_COLOUR( '', #3618 );
#2351 = VERTEX_POINT( '', #3619 );
#2352 = LINE( '', #3620, #3621 );
#2353 = VERTEX_POINT( '', #3622 );
#2354 = CIRCLE( '', #3623, 0.100000000000000 );
#2355 = VERTEX_POINT( '', #3624 );
#2356 = LINE( '', #3625, #3626 );
#2357 = VERTEX_POINT( '', #3627 );
#2358 = LINE( '', #3628, #3629 );
#2359 = VERTEX_POINT( '', #3630 );
#2360 = LINE( '', #3631, #3632 );
#2361 = LINE( '', #3633, #3634 );
#2362 = FILL_AREA_STYLE_COLOUR( '', #3635 );
#2363 = VERTEX_POINT( '', #3636 );
#2364 = LINE( '', #3637, #3638 );
#2365 = LINE( '', #3639, #3640 );
#2366 = FILL_AREA_STYLE_COLOUR( '', #3641 );
#2367 = LINE( '', #3642, #3643 );
#2368 = LINE( '', #3644, #3645 );
#2369 = FILL_AREA_STYLE_COLOUR( '', #3646 );
#2370 = LINE( '', #3647, #3648 );
#2371 = LINE( '', #3649, #3650 );
#2372 = FILL_AREA_STYLE_COLOUR( '', #3651 );
#2373 = VERTEX_POINT( '', #3652 );
#2374 = LINE( '', #3653, #3654 );
#2375 = LINE( '', #3655, #3656 );
#2376 = FILL_AREA_STYLE_COLOUR( '', #3657 );
#2377 = LINE( '', #3658, #3659 );
#2378 = FILL_AREA_STYLE_COLOUR( '', #3660 );
#2379 = VERTEX_POINT( '', #3661 );
#2380 = VERTEX_POINT( '', #3662 );
#2381 = LINE( '', #3663, #3664 );
#2382 = LINE( '', #3665, #3666 );
#2383 = LINE( '', #3667, #3668 );
#2384 = VERTEX_POINT( '', #3669 );
#2385 = CIRCLE( '', #3670, 0.200000000000000 );
#2386 = LINE( '', #3671, #3672 );
#2387 = FILL_AREA_STYLE_COLOUR( '', #3673 );
#2388 = LINE( '', #3674, #3675 );
#2389 = VERTEX_POINT( '', #3676 );
#2390 = LINE( '', #3677, #3678 );
#2391 = VERTEX_POINT( '', #3679 );
#2392 = CIRCLE( '', #3680, 0.200000000000000 );
#2393 = LINE( '', #3681, #3682 );
#2394 = FILL_AREA_STYLE_COLOUR( '', #3683 );
#2395 = CIRCLE( '', #3684, 0.350000000000000 );
#2396 = FILL_AREA_STYLE_COLOUR( '', #3685 );
#2397 = VERTEX_POINT( '', #3686 );
#2398 = B_SPLINE_CURVE_WITH_KNOTS( '', 3, ( #3687, #3688, #3689, #3690 ), .UNSPECIFIED., .F., .F., ( 4, 4 ), ( 0.000000000000000, 1.00000000000000 ), .UNSPECIFIED. );
#2399 = VERTEX_POINT( '', #3691 );
#2400 = LINE( '', #3692, #3693 );
#2401 = B_SPLINE_CURVE_WITH_KNOTS( '', 3, ( #3694, #3695, #3696, #3697 ), .UNSPECIFIED., .F., .F., ( 4, 4 ), ( 0.000000000000000, 1.00000000000000 ), .UNSPECIFIED. );
#2402 = FILL_AREA_STYLE_COLOUR( '', #3698 );
#2403 = LINE( '', #3699, #3700 );
#2404 = LINE( '', #3701, #3702 );
#2405 = FILL_AREA_STYLE_COLOUR( '', #3703 );
#2406 = VERTEX_POINT( '', #3704 );
#2407 = LINE( '', #3705, #3706 );
#2408 = VERTEX_POINT( '', #3707 );
#2409 = LINE( '', #3708, #3709 );
#2410 = CIRCLE( '', #3710, 0.0500000000000000 );
#2411 = FILL_AREA_STYLE_COLOUR( '', #3711 );
#2412 = VERTEX_POINT( '', #3712 );
#2413 = CIRCLE( '', #3713, 0.100000000000000 );
#2414 = VERTEX_POINT( '', #3714 );
#2415 = LINE( '', #3715, #3716 );
#2416 = CIRCLE( '', #3717, 0.100000000000000 );
#2417 = FILL_AREA_STYLE_COLOUR( '', #3718 );
#2418 = LINE( '', #3719, #3720 );
#2419 = VERTEX_POINT( '', #3721 );
#2420 = LINE( '', #3722, #3723 );
#2421 = LINE( '', #3724, #3725 );
#2422 = FILL_AREA_STYLE_COLOUR( '', #3726 );
#2423 = LINE( '', #3727, #3728 );
#2424 = FILL_AREA_STYLE_COLOUR( '', #3729 );
#2425 = VERTEX_POINT( '', #3730 );
#2426 = LINE( '', #3731, #3732 );
#2427 = LINE( '', #3733, #3734 );
#2428 = FILL_AREA_STYLE_COLOUR( '', #3735 );
#2429 = VERTEX_POINT( '', #3736 );
#2430 = LINE( '', #3737, #3738 );
#2431 = VERTEX_POINT( '', #3739 );
#2432 = CIRCLE( '', #3740, 0.200000000000000 );
#2433 = LINE( '', #3741, #3742 );
#2434 = FILL_AREA_STYLE_COLOUR( '', #3743 );
#2435 = LINE( '', #3744, #3745 );
#2436 = LINE( '', #3746, #3747 );
#2437 = VERTEX_POINT( '', #3748 );
#2438 = LINE( '', #3749, #3750 );
#2439 = VERTEX_POINT( '', #3751 );
#2440 = LINE( '', #3752, #3753 );
#2441 = LINE( '', #3754, #3755 );
#2442 = FILL_AREA_STYLE_COLOUR( '', #3756 );
#2443 = VERTEX_POINT( '', #3757 );
#2444 = VERTEX_POINT( '', #3758 );
#2445 = LINE( '', #3759, #3760 );
#2446 = LINE( '', #3761, #3762 );
#2447 = VERTEX_POINT( '', #3763 );
#2448 = LINE( '', #3764, #3765 );
#2449 = LINE( '', #3766, #3767 );
#2450 = LINE( '', #3768, #3769 );
#2451 = FILL_AREA_STYLE_COLOUR( '', #3770 );
#2452 = VERTEX_POINT( '', #3771 );
#2453 = CIRCLE( '', #3772, 1.57500000000000 );
#2454 = VERTEX_POINT( '', #3773 );
#2455 = CIRCLE( '', #3774, 1.57500000000000 );
#2456 = FILL_AREA_STYLE_COLOUR( '', #3775 );
#2457 = B_SPLINE_CURVE_WITH_KNOTS( '', 3, ( #3776, #3777, #3778, #3779 ), .UNSPECIFIED., .F., .F., ( 4, 4 ), ( 0.000000000000000, 1.00000000000000 ), .UNSPECIFIED. );
#2458 = FILL_AREA_STYLE_COLOUR( '', #3780 );
#2459 = VERTEX_POINT( '', #3781 );
#2460 = LINE( '', #3782, #3783 );
#2461 = CIRCLE( '', #3784, 0.100000000000000 );
#2462 = FILL_AREA_STYLE_COLOUR( '', #3785 );
#2463 = VERTEX_POINT( '', #3786 );
#2464 = LINE( '', #3787, #3788 );
#2465 = LINE( '', #3789, #3790 );
#2466 = VERTEX_POINT( '', #3791 );
#2467 = LINE( '', #3792, #3793 );
#2468 = LINE( '', #3794, #3795 );
#2469 = FILL_AREA_STYLE_COLOUR( '', #3796 );
#2470 = CIRCLE( '', #3797, 0.200000000000000 );
#2471 = LINE( '', #3798, #3799 );
#2472 = FILL_AREA_STYLE_COLOUR( '', #3800 );
#2473 = LINE( '', #3801, #3802 );
#2474 = FILL_AREA_STYLE_COLOUR( '', #3803 );
#2475 = VERTEX_POINT( '', #3804 );
#2476 = LINE( '', #3805, #3806 );
#2477 = VERTEX_POINT( '', #3807 );
#2478 = B_SPLINE_CURVE_WITH_KNOTS( '', 3, ( #3808, #3809, #3810, #3811 ), .UNSPECIFIED., .F., .F., ( 4, 4 ), ( 0.000000000000000, 1.00000000000000 ), .UNSPECIFIED. );
#2479 = LINE( '', #3812, #3813 );
#2480 = FILL_AREA_STYLE_COLOUR( '', #3814 );
#2481 = LINE( '', #3815, #3816 );
#2482 = CIRCLE( '', #3817, 0.200000000000000 );
#2483 = LINE( '', #3818, #3819 );
#2484 = FILL_AREA_STYLE_COLOUR( '', #3820 );
#2485 = LINE( '', #3821, #3822 );
#2486 = FILL_AREA_STYLE_COLOUR( '', #3823 );
#2487 = FILL_AREA_STYLE_COLOUR( '', #3824 );
#2488 = LINE( '', #3825, #3826 );
#2489 = LINE( '', #3827, #3828 );
#2490 = FILL_AREA_STYLE_COLOUR( '', #3829 );
#2491 = LINE( '', #3830, #3831 );
#2492 = FILL_AREA_STYLE_COLOUR( '', #3832 );
#2493 = FILL_AREA_STYLE_COLOUR( '', #3833 );
#2494 = LINE( '', #3834, #3835 );
#2495 = FILL_AREA_STYLE_COLOUR( '', #3836 );
#2496 = FILL_AREA_STYLE_COLOUR( '', #3837 );
#2497 = FILL_AREA_STYLE_COLOUR( '', #3838 );
#2498 = FILL_AREA_STYLE_COLOUR( '', #3839 );
#2499 = FILL_AREA_STYLE_COLOUR( '', #3840 );
#2500 = LINE( '', #3841, #3842 );
#2501 = FILL_AREA_STYLE_COLOUR( '', #3843 );
#2502 = FILL_AREA_STYLE_COLOUR( '', #3844 );
#2503 = FILL_AREA_STYLE_COLOUR( '', #3845 );
#2504 = ORIENTED_EDGE( '', *, *, #3846, .F. );
#2505 = ORIENTED_EDGE( '', *, *, #3847, .T. );
#2506 = ORIENTED_EDGE( '', *, *, #3848, .T. );
#2507 = ORIENTED_EDGE( '', *, *, #3849, .T. );
#2508 = CARTESIAN_POINT( '', ( 1.17500000000000, 2.90000000000000, 1.85000000000000 ) );
#2509 = DIRECTION( '', ( 0.000000000000000, 0.991227900682634, 0.132163720091020 ) );
#2510 = DIRECTION( '', ( 0.000000000000000, -0.132163720091020, 0.991227900682634 ) );
#2511 = ORIENTED_EDGE( '', *, *, #3850, .F. );
#2512 = ORIENTED_EDGE( '', *, *, #3851, .F. );
#2513 = CARTESIAN_POINT( '', ( 0.000000000000000, 0.000000000000000, 3.00000000000000 ) );
#2514 = DIRECTION( '', ( 0.000000000000000, 0.000000000000000, -1.00000000000000 ) );
#2515 = DIRECTION( '', ( -1.00000000000000, 0.000000000000000, 0.000000000000000 ) );
#2516 = ORIENTED_EDGE( '', *, *, #3852, .T. );
#2517 = ORIENTED_EDGE( '', *, *, #3853, .T. );
#2518 = ORIENTED_EDGE( '', *, *, #3854, .F. );
#2519 = ORIENTED_EDGE( '', *, *, #3855, .T. );
#2520 = ORIENTED_EDGE( '', *, *, #3846, .T. );
#2521 = ORIENTED_EDGE( '', *, *, #3856, .T. );
#2522 = CARTESIAN_POINT( '', ( -1.07500000000000, 3.00000000000000, 10.4696675027910 ) );
#2523 = DIRECTION( '', ( 0.707106781186544, -0.707106781186551, 0.000000000000000 ) );
#2524 = DIRECTION( '', ( 0.707106781186551, 0.707106781186544, 0.000000000000000 ) );
#2525 = ORIENTED_EDGE( '', *, *, #3855, .F. );
#2526 = ORIENTED_EDGE( '', *, *, #3857, .F. );
#2527 = ORIENTED_EDGE( '', *, *, #3858, .F. );
#2528 = ORIENTED_EDGE( '', *, *, #3859, .F. );
#2529 = ORIENTED_EDGE( '', *, *, #3860, .T. );
#2530 = ORIENTED_EDGE( '', *, *, #3847, .F. );
#2531 = CARTESIAN_POINT( '', ( -3.10000000000000, 2.85622418016526, 1.80000000000000 ) );
#2532 = DIRECTION( '', ( 1.00000000000000, -0.000000000000000, -0.000000000000000 ) );
#2533 = DIRECTION( '', ( 0.000000000000000, 0.000000000000000, 1.00000000000000 ) );
#2534 = ORIENTED_EDGE( '', *, *, #3857, .T. );
#2535 = ORIENTED_EDGE( '', *, *, #3854, .T. );
#2536 = ORIENTED_EDGE( '', *, *, #3861, .T. );
#2537 = ORIENTED_EDGE( '', *, *, #3862, .F. );
#2538 = CARTESIAN_POINT( '', ( -1.17500000000000, 2.90000000000000, 1.00000000000000 ) );
#2539 = DIRECTION( '', ( 1.00000000000000, -6.12303176911189E-017, 0.000000000000000 ) );
#2540 = DIRECTION( '', ( 6.12303176911189E-017, 1.00000000000000, 0.000000000000000 ) );
#2541 = ORIENTED_EDGE( '', *, *, #3861, .F. );
#2542 = ORIENTED_EDGE( '', *, *, #3863, .F. );
#2543 = ORIENTED_EDGE( '', *, *, #3864, .F. );
#2544 = ORIENTED_EDGE( '', *, *, #3865, .F. );
#2545 = CARTESIAN_POINT( '', ( -3.10000000000000, 2.85000000000000, 1.80000000000000 ) );
#2546 = DIRECTION( '', ( -1.00000000000000, 6.99485272571293E-017, -0.000000000000000 ) );
#2547 = DIRECTION( '', ( 6.99485272571293E-017, 1.00000000000000, 0.000000000000000 ) );
#2548 = ORIENTED_EDGE( '', *, *, #3866, .T. );
#2549 = ORIENTED_EDGE( '', *, *, #3858, .T. );
#2550 = ORIENTED_EDGE( '', *, *, #3862, .T. );
#2551 = ORIENTED_EDGE( '', *, *, #3865, .T. );
#2552 = ORIENTED_EDGE( '', *, *, #3867, .F. );
#2553 = ORIENTED_EDGE( '', *, *, #3868, .T. );
#2554 = ORIENTED_EDGE( '', *, *, #3869, .T. );
#2555 = ORIENTED_EDGE( '', *, *, #3870, .T. );
#2556 = ORIENTED_EDGE( '', *, *, #3871, .T. );
#2557 = ORIENTED_EDGE( '', *, *, #3872, .T. );
#2558 = CARTESIAN_POINT( '', ( -3.10000000000000, -2.90000000000000, 1.85000000000000 ) );
#2559 = DIRECTION( '', ( 0.000000000000000, 0.000000000000000, 1.00000000000000 ) );
#2560 = DIRECTION( '', ( 1.00000000000000, 0.000000000000000, 0.000000000000000 ) );
#2561 = ORIENTED_EDGE( '', *, *, #3867, .T. );
#2562 = ORIENTED_EDGE( '', *, *, #3864, .T. );
#2563 = ORIENTED_EDGE( '', *, *, #3873, .T. );
#2564 = ORIENTED_EDGE( '', *, *, #3874, .T. );
#2565 = ORIENTED_EDGE( '', *, *, #3875, .F. );
#2566 = CARTESIAN_POINT( '', ( -2.10000000000000, 2.90000000000000, 11.7531676562612 ) );
#2567 = DIRECTION( '', ( 1.00000000000000, 0.000000000000000, 0.000000000000000 ) );
#2568 = DIRECTION( '', ( 0.000000000000000, 0.000000000000000, -1.00000000000000 ) );
#2569 = ORIENTED_EDGE( '', *, *, #3876, .F. );
#2570 = ORIENTED_EDGE( '', *, *, #3874, .F. );
#2571 = ORIENTED_EDGE( '', *, *, #3877, .F. );
#2572 = ORIENTED_EDGE( '', *, *, #3878, .F. );
#2573 = ORIENTED_EDGE( '', *, *, #3879, .F. );
#2574 = CARTESIAN_POINT( '', ( -3.10000000000000, 2.90000000000000, 1.70000000000000 ) );
#2575 = DIRECTION( '', ( 0.000000000000000, 0.000000000000000, -1.00000000000000 ) );
#2576 = DIRECTION( '', ( -1.00000000000000, 0.000000000000000, 0.000000000000000 ) );
#2577 = ORIENTED_EDGE( '', *, *, #3853, .F. );
#2578 = ORIENTED_EDGE( '', *, *, #3880, .F. );
#2579 = ORIENTED_EDGE( '', *, *, #3881, .T. );
#2580 = ORIENTED_EDGE( '', *, *, #3882, .T. );
#2581 = ORIENTED_EDGE( '', *, *, #3883, .F. );
#2582 = ORIENTED_EDGE( '', *, *, #3884, .F. );
#2583 = ORIENTED_EDGE( '', *, *, #3885, .T. );
#2584 = ORIENTED_EDGE( '', *, *, #3886, .T. );
#2585 = ORIENTED_EDGE( '', *, *, #3887, .F. );
#2586 = ORIENTED_EDGE( '', *, *, #3877, .T. );
#2587 = ORIENTED_EDGE( '', *, *, #3873, .F. );
#2588 = ORIENTED_EDGE( '', *, *, #3863, .T. );
#2589 = CARTESIAN_POINT( '', ( 3.10000000000000, 2.90000000000000, 1.85000000000000 ) );
#2590 = DIRECTION( '', ( -6.99485272571293E-017, -1.00000000000000, 0.000000000000000 ) );
#2591 = DIRECTION( '', ( 1.00000000000000, -6.99485272571293E-017, 0.000000000000000 ) );
#2592 = ORIENTED_EDGE( '', *, *, #3888, .F. );
#2593 = ORIENTED_EDGE( '', *, *, #3889, .T. );
#2594 = ORIENTED_EDGE( '', *, *, #3878, .T. );
#2595 = ORIENTED_EDGE( '', *, *, #3887, .T. );
#2596 = ORIENTED_EDGE( '', *, *, #3890, .T. );
#2597 = ORIENTED_EDGE( '', *, *, #3891, .F. );
#2598 = ORIENTED_EDGE( '', *, *, #3892, .T. );
#2599 = ORIENTED_EDGE( '', *, *, #3893, .T. );
#2600 = ORIENTED_EDGE( '', *, *, #3894, .T. );
#2601 = ORIENTED_EDGE( '', *, *, #3895, .F. );
#2602 = ORIENTED_EDGE( '', *, *, #3896, .F. );
#2603 = ORIENTED_EDGE( '', *, *, #3897, .T. );
#2604 = ORIENTED_EDGE( '', *, *, #3898, .T. );
#2605 = ORIENTED_EDGE( '', *, *, #3899, .F. );
#2606 = ORIENTED_EDGE( '', *, *, #3900, .F. );
#2607 = ORIENTED_EDGE( '', *, *, #3901, .F. );
#2608 = CARTESIAN_POINT( '', ( -3.10000000000000, 2.90000000000000, 1.85000000000000 ) );
#2609 = DIRECTION( '', ( 1.00000000000000, 0.000000000000000, 0.000000000000000 ) );
#2610 = DIRECTION( '', ( 0.000000000000000, 0.000000000000000, -1.00000000000000 ) );
#2611 = ORIENTED_EDGE( '', *, *, #3902, .F. );
#2612 = ORIENTED_EDGE( '', *, *, #3903, .F. );
#2613 = ORIENTED_EDGE( '', *, *, #3894, .F. );
#2614 = ORIENTED_EDGE( '', *, *, #3904, .T. );
#2615 = ORIENTED_EDGE( '', *, *, #3905, .T. );
#2616 = ORIENTED_EDGE( '', *, *, #3906, .T. );
#2617 = ORIENTED_EDGE( '', *, *, #3890, .F. );
#2618 = ORIENTED_EDGE( '', *, *, #3886, .F. );
#2619 = ORIENTED_EDGE( '', *, *, #3907, .F. );
#2620 = ORIENTED_EDGE( '', *, *, #3908, .F. );
#2621 = ORIENTED_EDGE( '', *, *, #3909, .F. );
#2622 = ORIENTED_EDGE( '', *, *, #3910, .F. );
#2623 = ORIENTED_EDGE( '', *, *, #3911, .F. );
#2624 = ORIENTED_EDGE( '', *, *, #3912, .T. );
#2625 = ORIENTED_EDGE( '', *, *, #3913, .T. );
#2626 = ORIENTED_EDGE( '', *, *, #3914, .T. );
#2627 = ORIENTED_EDGE( '', *, *, #3915, .F. );
#2628 = ORIENTED_EDGE( '', *, *, #3916, .F. );
#2629 = ORIENTED_EDGE( '', *, *, #3898, .F. );
#2630 = ORIENTED_EDGE( '', *, *, #3917, .F. );
#2631 = CARTESIAN_POINT( '', ( -3.10000000000000, -2.90000000000000, 0.000000000000000 ) );
#2632 = DIRECTION( '', ( 0.000000000000000, 0.000000000000000, 1.00000000000000 ) );
#2633 = DIRECTION( '', ( 1.00000000000000, 0.000000000000000, 0.000000000000000 ) );
#2634 = ORIENTED_EDGE( '', *, *, #3906, .F. );
#2635 = ORIENTED_EDGE( '', *, *, #3918, .F. );
#2636 = ORIENTED_EDGE( '', *, *, #3919, .T. );
#2637 = ORIENTED_EDGE( '', *, *, #3891, .T. );
#2638 = CARTESIAN_POINT( '', ( -2.40000000000000, 2.60050000000000, 0.151000000000000 ) );
#2639 = DIRECTION( '', ( 0.000000000000000, -1.00000000000000, 0.000000000000000 ) );
#2640 = DIRECTION( '', ( 0.000000000000000, 0.000000000000000, -1.00000000000000 ) );
#2641 = ORIENTED_EDGE( '', *, *, #3892, .F. );
#2642 = ORIENTED_EDGE( '', *, *, #3919, .F. );
#2643 = ORIENTED_EDGE( '', *, *, #3920, .F. );
#2644 = ORIENTED_EDGE( '', *, *, #3921, .F. );
#2645 = ORIENTED_EDGE( '', *, *, #3922, .F. );
#2646 = ORIENTED_EDGE( '', *, *, #3923, .F. );
#2647 = ORIENTED_EDGE( '', *, *, #3924, .F. );
#2648 = ORIENTED_EDGE( '', *, *, #3925, .F. );
#2649 = CARTESIAN_POINT( '', ( -3.10000000000000, 1.89950000000000, 0.151000000000000 ) );
#2650 = DIRECTION( '', ( 0.000000000000000, 0.000000000000000, 1.00000000000000 ) );
#2651 = DIRECTION( '', ( 1.00000000000000, 0.000000000000000, 0.000000000000000 ) );
#2652 = ORIENTED_EDGE( '', *, *, #3904, .F. );
#2653 = ORIENTED_EDGE( '', *, *, #3893, .F. );
#2654 = ORIENTED_EDGE( '', *, *, #3921, .T. );
#2655 = ORIENTED_EDGE( '', *, *, #3926, .T. );
#2656 = CARTESIAN_POINT( '', ( -3.10000000000000, 1.89950000000000, 0.151000000000000 ) );
#2657 = DIRECTION( '', ( 0.000000000000000, 1.00000000000000, 0.000000000000000 ) );
#2658 = DIRECTION( '', ( 0.000000000000000, 0.000000000000000, 1.00000000000000 ) );
#2659 = ORIENTED_EDGE( '', *, *, #3905, .F. );
#2660 = ORIENTED_EDGE( '', *, *, #3926, .F. );
#2661 = ORIENTED_EDGE( '', *, *, #3920, .T. );
#2662 = ORIENTED_EDGE( '', *, *, #3918, .T. );
#2663 = CARTESIAN_POINT( '', ( -2.40000000000000, 1.89950000000000, 0.151000000000000 ) );
#2664 = DIRECTION( '', ( -1.00000000000000, -1.54665074534308E-016, 0.000000000000000 ) );
#2665 = DIRECTION( '', ( 1.54665074534308E-016, -1.00000000000000, 0.000000000000000 ) );
#2666 = ORIENTED_EDGE( '', *, *, #3927, .F. );
#2667 = ORIENTED_EDGE( '', *, *, #3928, .T. );
#2668 = ORIENTED_EDGE( '', *, *, #3929, .T. );
#2669 = ORIENTED_EDGE( '', *, *, #3930, .T. );
#2670 = ORIENTED_EDGE( '', *, *, #3931, .T. );
#2671 = ORIENTED_EDGE( '', *, *, #3932, .F. );
#2672 = ORIENTED_EDGE( '', *, *, #3899, .T. );
#2673 = ORIENTED_EDGE( '', *, *, #3916, .T. );
#2674 = ORIENTED_EDGE( '', *, *, #3933, .F. );
#2675 = ORIENTED_EDGE( '', *, *, #3934, .T. );
#2676 = ORIENTED_EDGE( '', *, *, #3935, .F. );
#2677 = ORIENTED_EDGE( '', *, *, #3936, .T. );
#2678 = CARTESIAN_POINT( '', ( -3.10000000000000, -2.90000000000000, 1.85000000000000 ) );
#2679 = DIRECTION( '', ( -6.99485272571293E-017, 1.00000000000000, 0.000000000000000 ) );
#2680 = DIRECTION( '', ( -1.00000000000000, -6.99485272571293E-017, 0.000000000000000 ) );
#2681 = ORIENTED_EDGE( '', *, *, #3937, .F. );
#2682 = ORIENTED_EDGE( '', *, *, #3938, .F. );
#2683 = ORIENTED_EDGE( '', *, *, #3939, .T. );
#2684 = ORIENTED_EDGE( '', *, *, #3940, .T. );
#2685 = ORIENTED_EDGE( '', *, *, #3933, .T. );
#2686 = ORIENTED_EDGE( '', *, *, #3915, .T. );
#2687 = ORIENTED_EDGE( '', *, *, #3941, .F. );
#2688 = ORIENTED_EDGE( '', *, *, #3942, .T. );
#2689 = ORIENTED_EDGE( '', *, *, #3943, .T. );
#2690 = ORIENTED_EDGE( '', *, *, #3911, .T. );
#2691 = ORIENTED_EDGE( '', *, *, #3944, .F. );
#2692 = ORIENTED_EDGE( '', *, *, #3945, .F. );
#2693 = ORIENTED_EDGE( '', *, *, #3946, .T. );
#2694 = ORIENTED_EDGE( '', *, *, #3907, .T. );
#2695 = ORIENTED_EDGE( '', *, *, #3885, .F. );
#2696 = ORIENTED_EDGE( '', *, *, #3947, .F. );
#2697 = CARTESIAN_POINT( '', ( 3.10000000000000, -2.90000000000000, 1.85000000000000 ) );
#2698 = DIRECTION( '', ( -1.00000000000000, 0.000000000000000, 0.000000000000000 ) );
#2699 = DIRECTION( '', ( 0.000000000000000, 0.000000000000000, 1.00000000000000 ) );
#2700 = ORIENTED_EDGE( '', *, *, #3948, .F. );
#2701 = ORIENTED_EDGE( '', *, *, #3949, .F. );
#2702 = ORIENTED_EDGE( '', *, *, #3934, .F. );
#2703 = ORIENTED_EDGE( '', *, *, #3940, .F. );
#2704 = ORIENTED_EDGE( '', *, *, #3950, .F. );
#2705 = CARTESIAN_POINT( '', ( 3.10000000000000, -2.90000000000000, 1.70000000000000 ) );
#2706 = DIRECTION( '', ( 0.000000000000000, 0.000000000000000, -1.00000000000000 ) );
#2707 = DIRECTION( '', ( -1.00000000000000, 0.000000000000000, 0.000000000000000 ) );
#2708 = ORIENTED_EDGE( '', *, *, #3951, .F. );
#2709 = ORIENTED_EDGE( '', *, *, #3936, .F. );
#2710 = ORIENTED_EDGE( '', *, *, #3952, .F. );
#2711 = ORIENTED_EDGE( '', *, *, #3953, .F. );
#2712 = CARTESIAN_POINT( '', ( -3.10000000000000, -2.85000000000000, 1.80000000000000 ) );
#2713 = DIRECTION( '', ( 1.00000000000000, 6.99485272571293E-017, -0.000000000000000 ) );
#2714 = DIRECTION( '', ( 6.99485272571293E-017, -1.00000000000000, 0.000000000000000 ) );
#2715 = ORIENTED_EDGE( '', *, *, #3954, .T. );
#2716 = ORIENTED_EDGE( '', *, *, #3955, .T. );
#2717 = ORIENTED_EDGE( '', *, *, #3951, .T. );
#2718 = ORIENTED_EDGE( '', *, *, #3956, .F. );
#2719 = CARTESIAN_POINT( '', ( 1.17500000000000, -2.90000000000000, 1.00000000000000 ) );
#2720 = DIRECTION( '', ( -1.00000000000000, 6.12303176911189E-017, 0.000000000000000 ) );
#2721 = DIRECTION( '', ( -6.12303176911189E-017, -1.00000000000000, 0.000000000000000 ) );
#2722 = ORIENTED_EDGE( '', *, *, #3957, .T. );
#2723 = ORIENTED_EDGE( '', *, *, #3958, .F. );
#2724 = ORIENTED_EDGE( '', *, *, #3859, .T. );
#2725 = ORIENTED_EDGE( '', *, *, #3866, .F. );
#2726 = CARTESIAN_POINT( '', ( 1.17500000000000, 2.90000000000000, 1.00000000000000 ) );
#2727 = DIRECTION( '', ( 1.00000000000000, -6.12303176911189E-017, 0.000000000000000 ) );
#2728 = DIRECTION( '', ( 6.12303176911189E-017, 1.00000000000000, 0.000000000000000 ) );
#2729 = ORIENTED_EDGE( '', *, *, #3959, .F. );
#2730 = ORIENTED_EDGE( '', *, *, #3882, .F. );
#2731 = ORIENTED_EDGE( '', *, *, #3957, .F. );
#2732 = ORIENTED_EDGE( '', *, *, #3872, .F. );
#2733 = CARTESIAN_POINT( '', ( -3.10000000000000, 2.85000000000000, 1.80000000000000 ) );
#2734 = DIRECTION( '', ( -1.00000000000000, 6.99485272571293E-017, -0.000000000000000 ) );
#2735 = DIRECTION( '', ( 6.99485272571293E-017, 1.00000000000000, 0.000000000000000 ) );
#2736 = ORIENTED_EDGE( '', *, *, #3883, .T. );
#2737 = ORIENTED_EDGE( '', *, *, #3959, .T. );
#2738 = ORIENTED_EDGE( '', *, *, #3871, .F. );
#2739 = ORIENTED_EDGE( '', *, *, #3960, .T. );
#2740 = ORIENTED_EDGE( '', *, *, #3961, .F. );
#2741 = CARTESIAN_POINT( '', ( 2.10000000000000, 2.90000000000000, 11.7531676562612 ) );
#2742 = DIRECTION( '', ( 1.00000000000000, 0.000000000000000, 0.000000000000000 ) );
#2743 = DIRECTION( '', ( 0.000000000000000, 0.000000000000000, -1.00000000000000 ) );
#2744 = ORIENTED_EDGE( '', *, *, #3961, .T. );
#2745 = ORIENTED_EDGE( '', *, *, #3962, .T. );
#2746 = ORIENTED_EDGE( '', *, *, #3963, .T. );
#2747 = ORIENTED_EDGE( '', *, *, #3947, .T. );
#2748 = ORIENTED_EDGE( '', *, *, #3884, .T. );
#2749 = CARTESIAN_POINT( '', ( 3.10000000000000, 2.90000000000000, 1.70000000000000 ) );
#2750 = DIRECTION( '', ( 0.000000000000000, 0.000000000000000, 1.00000000000000 ) );
#2751 = DIRECTION( '', ( 1.00000000000000, 0.000000000000000, 0.000000000000000 ) );
#2752 = ORIENTED_EDGE( '', *, *, #3910, .T. );
#2753 = ORIENTED_EDGE( '', *, *, #3964, .F. );
#2754 = ORIENTED_EDGE( '', *, *, #3965, .F. );
#2755 = ORIENTED_EDGE( '', *, *, #3944, .T. );
#2756 = CARTESIAN_POINT( '', ( 3.10000000000000, 1.89950000000000, 0.151000000000000 ) );
#2757 = DIRECTION( '', ( 6.19544098563142E-016, -1.00000000000000, 0.000000000000000 ) );
#2758 = DIRECTION( '', ( 1.00000000000000, 6.19544098563142E-016, 0.000000000000000 ) );
#2759 = ORIENTED_EDGE( '', *, *, #3966, .F. );
#2760 = ORIENTED_EDGE( '', *, *, #3967, .F. );
#2761 = ORIENTED_EDGE( '', *, *, #3968, .F. );
#2762 = ORIENTED_EDGE( '', *, *, #3969, .F. );
#2763 = ORIENTED_EDGE( '', *, *, #3945, .T. );
#2764 = ORIENTED_EDGE( '', *, *, #3965, .T. );
#2765 = ORIENTED_EDGE( '', *, *, #3970, .T. );
#2766 = ORIENTED_EDGE( '', *, *, #3971, .T. );
#2767 = CARTESIAN_POINT( '', ( 3.10000000000000, 1.89950000000000, 0.151000000000000 ) );
#2768 = DIRECTION( '', ( 0.000000000000000, 0.000000000000000, -1.00000000000000 ) );
#2769 = DIRECTION( '', ( -1.00000000000000, 0.000000000000000, 0.000000000000000 ) );
#2770 = ORIENTED_EDGE( '', *, *, #3908, .T. );
#2771 = ORIENTED_EDGE( '', *, *, #3946, .F. );
#2772 = ORIENTED_EDGE( '', *, *, #3971, .F. );
#2773 = ORIENTED_EDGE( '', *, *, #3972, .T. );
#2774 = CARTESIAN_POINT( '', ( 2.40000000000000, 2.60050000000000, 0.151000000000000 ) );
#2775 = DIRECTION( '', ( 0.000000000000000, 1.00000000000000, 0.000000000000000 ) );
#2776 = DIRECTION( '', ( 0.000000000000000, 0.000000000000000, 1.00000000000000 ) );
#2777 = ORIENTED_EDGE( '', *, *, #3909, .T. );
#2778 = ORIENTED_EDGE( '', *, *, #3972, .F. );
#2779 = ORIENTED_EDGE( '', *, *, #3970, .F. );
#2780 = ORIENTED_EDGE( '', *, *, #3964, .T. );
#2781 = CARTESIAN_POINT( '', ( 2.40000000000000, 1.89950000000000, 0.151000000000000 ) );
#2782 = DIRECTION( '', ( -1.00000000000000, 0.000000000000000, 0.000000000000000 ) );
#2783 = DIRECTION( '', ( 0.000000000000000, 0.000000000000000, 1.00000000000000 ) );
#2784 = ORIENTED_EDGE( '', *, *, #3914, .F. );
#2785 = ORIENTED_EDGE( '', *, *, #3973, .F. );
#2786 = ORIENTED_EDGE( '', *, *, #3974, .T. );
#2787 = ORIENTED_EDGE( '', *, *, #3941, .T. );
#2788 = CARTESIAN_POINT( '', ( 2.40000000000000, -2.60050000000000, 0.151000000000000 ) );
#2789 = DIRECTION( '', ( 0.000000000000000, 1.00000000000000, 0.000000000000000 ) );
#2790 = DIRECTION( '', ( 0.000000000000000, 0.000000000000000, 1.00000000000000 ) );
#2791 = ORIENTED_EDGE( '', *, *, #3856, .F. );
#2792 = ORIENTED_EDGE( '', *, *, #3849, .F. );
#2793 = ORIENTED_EDGE( '', *, *, #3975, .T. );
#2794 = ORIENTED_EDGE( '', *, *, #3976, .T. );
#2795 = CARTESIAN_POINT( '', ( 1.17500000000000, 3.00000000000000, 1.10000000000000 ) );
#2796 = DIRECTION( '', ( 0.000000000000000, 1.00000000000000, 0.000000000000000 ) );
#2797 = DIRECTION( '', ( 0.000000000000000, 0.000000000000000, 1.00000000000000 ) );
#2798 = ORIENTED_EDGE( '', *, *, #3852, .F. );
#2799 = ORIENTED_EDGE( '', *, *, #3976, .F. );
#2800 = ORIENTED_EDGE( '', *, *, #3977, .T. );
#2801 = ORIENTED_EDGE( '', *, *, #3880, .T. );
#2802 = CARTESIAN_POINT( '', ( 1.17500000000000, 3.00000000000000, 1.00000000000000 ) );
#2803 = DIRECTION( '', ( 0.000000000000000, 0.000000000000000, -1.00000000000000 ) );
#2804 = DIRECTION( '', ( -1.00000000000000, 0.000000000000000, 0.000000000000000 ) );
#2805 = ORIENTED_EDGE( '', *, *, #3978, .T. );
#2806 = ORIENTED_EDGE( '', *, *, #3979, .T. );
#2807 = ORIENTED_EDGE( '', *, *, #3980, .T. );
#2808 = ORIENTED_EDGE( '', *, *, #3981, .T. );
#2809 = ORIENTED_EDGE( '', *, *, #3982, .T. );
#2810 = ORIENTED_EDGE( '', *, *, #3983, .T. );
#2811 = ORIENTED_EDGE( '', *, *, #3984, .T. );
#2812 = ORIENTED_EDGE( '', *, *, #3985, .T. );
#2813 = ORIENTED_EDGE( '', *, *, #3986, .T. );
#2814 = CARTESIAN_POINT( '', ( -4.50000000000000, -1.30104260698260E-015, 1.00000000000000 ) );
#2815 = DIRECTION( '', ( 0.000000000000000, 0.000000000000000, 1.00000000000000 ) );
#2816 = DIRECTION( '', ( 1.00000000000000, 0.000000000000000, 0.000000000000000 ) );
#2817 = ORIENTED_EDGE( '', *, *, #3987, .F. );
#2818 = ORIENTED_EDGE( '', *, *, #3954, .F. );
#2819 = ORIENTED_EDGE( '', *, *, #3988, .F. );
#2820 = ORIENTED_EDGE( '', *, *, #3989, .F. );
#2821 = ORIENTED_EDGE( '', *, *, #3990, .T. );
#2822 = ORIENTED_EDGE( '', *, *, #3991, .F. );
#2823 = CARTESIAN_POINT( '', ( 1.17500000000000, -2.85622418016526, 1.80000000000000 ) );
#2824 = DIRECTION( '', ( -1.00000000000000, -0.000000000000000, -0.000000000000000 ) );
#2825 = DIRECTION( '', ( 0.000000000000000, 0.000000000000000, -1.00000000000000 ) );
#2826 = ORIENTED_EDGE( '', *, *, #3992, .T. );
#2827 = ORIENTED_EDGE( '', *, *, #3985, .F. );
#2828 = ORIENTED_EDGE( '', *, *, #3993, .F. );
#2829 = ORIENTED_EDGE( '', *, *, #3869, .F. );
#2830 = CARTESIAN_POINT( '', ( 1.85000000000000, 2.65000000000000, 11.0531676562612 ) );
#2831 = DIRECTION( '', ( -1.17211045674108E-016, -1.00000000000000, 0.000000000000000 ) );
#2832 = DIRECTION( '', ( 1.00000000000000, -1.17211045674108E-016, 0.000000000000000 ) );
#2833 = ORIENTED_EDGE( '', *, *, #3994, .T. );
#2834 = ORIENTED_EDGE( '', *, *, #3980, .F. );
#2835 = ORIENTED_EDGE( '', *, *, #3995, .F. );
#2836 = ORIENTED_EDGE( '', *, *, #3996, .F. );
#2837 = ORIENTED_EDGE( '', *, *, #3997, .F. );
#2838 = ORIENTED_EDGE( '', *, *, #3998, .F. );
#2839 = ORIENTED_EDGE( '', *, *, #3999, .F. );
#2840 = ORIENTED_EDGE( '', *, *, #4000, .F. );
#2841 = CARTESIAN_POINT( '', ( -2.85000000000000, -1.65000000000000, 11.0531676562612 ) );
#2842 = DIRECTION( '', ( 0.707106781186547, 0.707106781186548, 0.000000000000000 ) );
#2843 = DIRECTION( '', ( -0.707106781186548, 0.707106781186547, 0.000000000000000 ) );
#2844 = ORIENTED_EDGE( '', *, *, #4001, .T. );
#2845 = ORIENTED_EDGE( '', *, *, #3983, .F. );
#2846 = ORIENTED_EDGE( '', *, *, #4002, .F. );
#2847 = ORIENTED_EDGE( '', *, *, #4003, .F. );
#2848 = CARTESIAN_POINT( '', ( 2.85000000000000, -1.65000000000000, 11.0531676562612 ) );
#2849 = DIRECTION( '', ( -1.00000000000000, 0.000000000000000, 0.000000000000000 ) );
#2850 = DIRECTION( '', ( 0.000000000000000, 0.000000000000000, 1.00000000000000 ) );
#2851 = ORIENTED_EDGE( '', *, *, #3993, .T. );
#2852 = ORIENTED_EDGE( '', *, *, #3984, .F. );
#2853 = ORIENTED_EDGE( '', *, *, #4001, .F. );
#2854 = ORIENTED_EDGE( '', *, *, #4004, .F. );
#2855 = ORIENTED_EDGE( '', *, *, #4005, .F. );
#2856 = ORIENTED_EDGE( '', *, *, #3962, .F. );
#2857 = ORIENTED_EDGE( '', *, *, #3960, .F. );
#2858 = ORIENTED_EDGE( '', *, *, #3870, .F. );
#2859 = CARTESIAN_POINT( '', ( 2.85000000000000, 1.65000000000000, 11.0531676562612 ) );
#2860 = DIRECTION( '', ( -0.707106781186547, -0.707106781186548, 0.000000000000000 ) );
#2861 = DIRECTION( '', ( 0.707106781186548, -0.707106781186547, 0.000000000000000 ) );
#2862 = ORIENTED_EDGE( '', *, *, #4006, .T. );
#2863 = ORIENTED_EDGE( '', *, *, #3978, .F. );
#2864 = ORIENTED_EDGE( '', *, *, #3992, .F. );
#2865 = ORIENTED_EDGE( '', *, *, #3868, .F. );
#2866 = ORIENTED_EDGE( '', *, *, #3875, .T. );
#2867 = ORIENTED_EDGE( '', *, *, #3876, .T. );
#2868 = ORIENTED_EDGE( '', *, *, #4007, .T. );
#2869 = ORIENTED_EDGE( '', *, *, #4008, .F. );
#2870 = CARTESIAN_POINT( '', ( -1.85000000000000, 2.65000000000000, 11.0531676562612 ) );
#2871 = DIRECTION( '', ( 0.707106781186548, -0.707106781186547, 0.000000000000000 ) );
#2872 = DIRECTION( '', ( 0.707106781186547, 0.707106781186548, 0.000000000000000 ) );
#2873 = ORIENTED_EDGE( '', *, *, #4002, .T. );
#2874 = ORIENTED_EDGE( '', *, *, #3982, .F. );
#2875 = ORIENTED_EDGE( '', *, *, #4009, .F. );
#2876 = ORIENTED_EDGE( '', *, *, #4010, .F. );
#2877 = ORIENTED_EDGE( '', *, *, #4011, .T. );
#2878 = ORIENTED_EDGE( '', *, *, #3948, .T. );
#2879 = ORIENTED_EDGE( '', *, *, #4012, .T. );
#2880 = ORIENTED_EDGE( '', *, *, #4013, .F. );
#2881 = CARTESIAN_POINT( '', ( 1.85000000000000, -2.65000000000000, 11.0531676562612 ) );
#2882 = DIRECTION( '', ( -0.707106781186548, 0.707106781186547, 0.000000000000000 ) );
#2883 = DIRECTION( '', ( -0.707106781186547, -0.707106781186548, 0.000000000000000 ) );
#2884 = ORIENTED_EDGE( '', *, *, #4009, .T. );
#2885 = ORIENTED_EDGE( '', *, *, #3981, .F. );
#2886 = ORIENTED_EDGE( '', *, *, #3994, .F. );
#2887 = ORIENTED_EDGE( '', *, *, #4014, .F. );
#2888 = CARTESIAN_POINT( '', ( -1.85000000000000, -2.65000000000000, 11.0531676562612 ) );
#2889 = DIRECTION( '', ( 0.000000000000000, 1.00000000000000, 0.000000000000000 ) );
#2890 = DIRECTION( '', ( 0.000000000000000, 0.000000000000000, 1.00000000000000 ) );
#2891 = ORIENTED_EDGE( '', *, *, #3995, .T. );
#2892 = ORIENTED_EDGE( '', *, *, #3979, .F. );
#2893 = ORIENTED_EDGE( '', *, *, #4006, .F. );
#2894 = ORIENTED_EDGE( '', *, *, #4015, .F. );
#2895 = CARTESIAN_POINT( '', ( -2.85000000000000, 1.65000000000000, 11.0531676562612 ) );
#2896 = DIRECTION( '', ( 1.00000000000000, 0.000000000000000, 0.000000000000000 ) );
#2897 = DIRECTION( '', ( 0.000000000000000, 0.000000000000000, -1.00000000000000 ) );
#2898 = ORIENTED_EDGE( '', *, *, #4016, .T. );
#2899 = ORIENTED_EDGE( '', *, *, #4017, .F. );
#2900 = ORIENTED_EDGE( '', *, *, #4018, .F. );
#2901 = ORIENTED_EDGE( '', *, *, #4019, .T. );
#2902 = CARTESIAN_POINT( '', ( 4.00000000000000, -1.90000000000000, 2.16840434497101E-015 ) );
#2903 = DIRECTION( '', ( -4.53393635766664E-016, 0.000000000000000, 1.00000000000000 ) );
#2904 = DIRECTION( '', ( 1.00000000000000, 0.000000000000000, 4.53393635766664E-016 ) );
#2905 = ORIENTED_EDGE( '', *, *, #4018, .T. );
#2906 = ORIENTED_EDGE( '', *, *, #4020, .T. );
#2907 = ORIENTED_EDGE( '', *, *, #4021, .T. );
#2908 = ORIENTED_EDGE( '', *, *, #4022, .T. );
#2909 = CARTESIAN_POINT( '', ( 4.00000000000000, -2.25000000000000, 0.0750000000000013 ) );
#2910 = DIRECTION( '', ( -1.00000000000000, 0.000000000000000, -4.53393635766664E-016 ) );
#2911 = DIRECTION( '', ( -4.53393635766664E-016, 0.000000000000000, 1.00000000000000 ) );
#2912 = ORIENTED_EDGE( '', *, *, #4007, .F. );
#2913 = ORIENTED_EDGE( '', *, *, #3879, .T. );
#2914 = ORIENTED_EDGE( '', *, *, #3889, .F. );
#2915 = ORIENTED_EDGE( '', *, *, #4023, .T. );
#2916 = CARTESIAN_POINT( '', ( -2.10000000000000, 1.90000000000000, 11.7531676562612 ) );
#2917 = DIRECTION( '', ( 0.000000000000000, -1.00000000000000, 0.000000000000000 ) );
#2918 = DIRECTION( '', ( 0.000000000000000, 0.000000000000000, -1.00000000000000 ) );
#2919 = ORIENTED_EDGE( '', *, *, #3963, .F. );
#2920 = ORIENTED_EDGE( '', *, *, #4005, .T. );
#2921 = ORIENTED_EDGE( '', *, *, #4024, .F. );
#2922 = ORIENTED_EDGE( '', *, *, #3937, .T. );
#2923 = CARTESIAN_POINT( '', ( 2.10000000000000, 1.90000000000000, 11.7531676562612 ) );
#2924 = DIRECTION( '', ( -2.16840434497101E-016, 1.00000000000000, 0.000000000000000 ) );
#2925 = DIRECTION( '', ( -1.00000000000000, -2.16840434497101E-016, 0.000000000000000 ) );
#2926 = ORIENTED_EDGE( '', *, *, #4012, .F. );
#2927 = ORIENTED_EDGE( '', *, *, #3950, .T. );
#2928 = ORIENTED_EDGE( '', *, *, #3939, .F. );
#2929 = ORIENTED_EDGE( '', *, *, #4025, .T. );
#2930 = CARTESIAN_POINT( '', ( 2.10000000000000, -1.90000000000000, 11.7531676562612 ) );
#2931 = DIRECTION( '', ( 2.16840434497101E-016, 1.00000000000000, 0.000000000000000 ) );
#2932 = DIRECTION( '', ( -1.00000000000000, 2.16840434497101E-016, 0.000000000000000 ) );
#2933 = ORIENTED_EDGE( '', *, *, #4026, .T. );
#2934 = ORIENTED_EDGE( '', *, *, #3952, .T. );
#2935 = ORIENTED_EDGE( '', *, *, #3935, .T. );
#2936 = ORIENTED_EDGE( '', *, *, #3949, .T. );
#2937 = ORIENTED_EDGE( '', *, *, #4011, .F. );
#2938 = CARTESIAN_POINT( '', ( 2.10000000000000, -2.90000000000000, 11.7531676562612 ) );
#2939 = DIRECTION( '', ( -1.00000000000000, 0.000000000000000, 0.000000000000000 ) );
#2940 = DIRECTION( '', ( 0.000000000000000, 0.000000000000000, 1.00000000000000 ) );
#2941 = ORIENTED_EDGE( '', *, *, #4027, .T. );
#2942 = ORIENTED_EDGE( '', *, *, #3998, .T. );
#2943 = ORIENTED_EDGE( '', *, *, #4028, .T. );
#2944 = ORIENTED_EDGE( '', *, *, #3900, .T. );
#2945 = ORIENTED_EDGE( '', *, *, #3932, .T. );
#2946 = CARTESIAN_POINT( '', ( -3.10000000000000, -2.90000000000000, 1.70000000000000 ) );
#2947 = DIRECTION( '', ( 0.000000000000000, 0.000000000000000, 1.00000000000000 ) );
#2948 = DIRECTION( '', ( 1.00000000000000, 0.000000000000000, 0.000000000000000 ) );
#2949 = ORIENTED_EDGE( '', *, *, #4028, .F. );
#2950 = ORIENTED_EDGE( '', *, *, #3997, .T. );
#2951 = ORIENTED_EDGE( '', *, *, #4029, .F. );
#2952 = ORIENTED_EDGE( '', *, *, #3901, .T. );
#2953 = CARTESIAN_POINT( '', ( -2.10000000000000, -1.90000000000000, 11.7531676562612 ) );
#2954 = DIRECTION( '', ( 0.000000000000000, -1.00000000000000, 0.000000000000000 ) );
#2955 = DIRECTION( '', ( 0.000000000000000, 0.000000000000000, -1.00000000000000 ) );
#2956 = ORIENTED_EDGE( '', *, *, #3931, .F. );
#2957 = ORIENTED_EDGE( '', *, *, #4030, .T. );
#2958 = ORIENTED_EDGE( '', *, *, #4031, .F. );
#2959 = ORIENTED_EDGE( '', *, *, #3999, .T. );
#2960 = ORIENTED_EDGE( '', *, *, #4027, .F. );
#2961 = CARTESIAN_POINT( '', ( -2.10000000000000, -2.90000000000000, 11.7531676562612 ) );
#2962 = DIRECTION( '', ( -1.00000000000000, 0.000000000000000, 0.000000000000000 ) );
#2963 = DIRECTION( '', ( 0.000000000000000, 0.000000000000000, 1.00000000000000 ) );
#2964 = ORIENTED_EDGE( '', *, *, #4032, .T. );
#2965 = ORIENTED_EDGE( '', *, *, #4033, .T. );
#2966 = ORIENTED_EDGE( '', *, *, #4034, .F. );
#2967 = ORIENTED_EDGE( '', *, *, #4035, .F. );
#2968 = ORIENTED_EDGE( '', *, *, #4020, .F. );
#2969 = ORIENTED_EDGE( '', *, *, #4017, .T. );
#2970 = CARTESIAN_POINT( '', ( 4.00000000000000, -1.90000000000000, 0.150000000000000 ) );
#2971 = DIRECTION( '', ( 0.000000000000000, -1.00000000000000, 0.000000000000000 ) );
#2972 = DIRECTION( '', ( 0.000000000000000, 0.000000000000000, -1.00000000000000 ) );
#2973 = ORIENTED_EDGE( '', *, *, #4036, .T. );
#2974 = ORIENTED_EDGE( '', *, *, #4037, .T. );
#2975 = ORIENTED_EDGE( '', *, *, #4038, .F. );
#2976 = ORIENTED_EDGE( '', *, *, #4019, .F. );
#2977 = ORIENTED_EDGE( '', *, *, #4022, .F. );
#2978 = ORIENTED_EDGE( '', *, *, #4039, .T. );
#2979 = CARTESIAN_POINT( '', ( 4.00000000000000, -2.60000000000000, 2.16840434497101E-015 ) );
#2980 = DIRECTION( '', ( 0.000000000000000, 1.00000000000000, 0.000000000000000 ) );
#2981 = DIRECTION( '', ( 0.000000000000000, 0.000000000000000, 1.00000000000000 ) );
#2982 = ORIENTED_EDGE( '', *, *, #4040, .T. );
#2983 = ORIENTED_EDGE( '', *, *, #3968, .T. );
#2984 = ORIENTED_EDGE( '', *, *, #4041, .F. );
#2985 = ORIENTED_EDGE( '', *, *, #4042, .T. );
#2986 = CARTESIAN_POINT( '', ( 2.62500000000000, 0.000000000000000, 0.225000000000000 ) );
#2987 = DIRECTION( '', ( -0.000000000000000, -1.00000000000000, -0.000000000000000 ) );
#2988 = DIRECTION( '', ( 0.000000000000000, 0.000000000000000, 1.00000000000000 ) );
#2989 = ORIENTED_EDGE( '', *, *, #4043, .F. );
#2990 = ORIENTED_EDGE( '', *, *, #4044, .F. );
#2991 = ORIENTED_EDGE( '', *, *, #4045, .F. );
#2992 = ORIENTED_EDGE( '', *, *, #4046, .F. );
#2993 = CARTESIAN_POINT( '', ( 4.00000000000000, 2.25000000000000, 0.0750000000000017 ) );
#2994 = DIRECTION( '', ( 1.00000000000000, 0.000000000000000, 4.53393635766664E-016 ) );
#2995 = DIRECTION( '', ( 4.53393635766664E-016, 0.000000000000000, -1.00000000000000 ) );
#2996 = ORIENTED_EDGE( '', *, *, #4039, .F. );
#2997 = ORIENTED_EDGE( '', *, *, #4021, .F. );
#2998 = ORIENTED_EDGE( '', *, *, #4035, .T. );
#2999 = ORIENTED_EDGE( '', *, *, #4047, .T. );
#3000 = CARTESIAN_POINT( '', ( 4.00000000000000, -2.60000000000000, 0.150000000000000 ) );
#3001 = DIRECTION( '', ( 4.53393635766664E-016, -3.09772049281573E-015, -1.00000000000000 ) );
#3002 = DIRECTION( '', ( 0.000000000000000, 1.00000000000000, -3.09772049281573E-015 ) );
#3003 = ORIENTED_EDGE( '', *, *, #4034, .T. );
#3004 = ORIENTED_EDGE( '', *, *, #4048, .T. );
#3005 = ORIENTED_EDGE( '', *, *, #4036, .F. );
#3006 = ORIENTED_EDGE( '', *, *, #4047, .F. );
#3007 = CARTESIAN_POINT( '', ( 2.62500000000000, 0.000000000000000, 0.225000000000000 ) );
#3008 = DIRECTION( '', ( -0.000000000000000, -1.00000000000000, -0.000000000000000 ) );
#3009 = DIRECTION( '', ( 0.000000000000000, 0.000000000000000, 1.00000000000000 ) );
#3010 = ORIENTED_EDGE( '', *, *, #4038, .T. );
#3011 = ORIENTED_EDGE( '', *, *, #4049, .T. );
#3012 = ORIENTED_EDGE( '', *, *, #4032, .F. );
#3013 = ORIENTED_EDGE( '', *, *, #4016, .F. );
#3014 = CARTESIAN_POINT( '', ( 2.62500000000000, 0.000000000000000, 0.225000000000000 ) );
#3015 = DIRECTION( '', ( -0.000000000000000, -1.00000000000000, -0.000000000000000 ) );
#3016 = DIRECTION( '', ( 0.000000000000000, 0.000000000000000, 1.00000000000000 ) );
#3017 = ORIENTED_EDGE( '', *, *, #4050, .T. );
#3018 = ORIENTED_EDGE( '', *, *, #3969, .T. );
#3019 = ORIENTED_EDGE( '', *, *, #4040, .F. );
#3020 = ORIENTED_EDGE( '', *, *, #4051, .F. );
#3021 = ORIENTED_EDGE( '', *, *, #4046, .T. );
#3022 = ORIENTED_EDGE( '', *, *, #4052, .T. );
#3023 = CARTESIAN_POINT( '', ( 4.00000000000000, 1.90000000000000, 0.150000000000000 ) );
#3024 = DIRECTION( '', ( 0.000000000000000, -1.00000000000000, 0.000000000000000 ) );
#3025 = DIRECTION( '', ( 0.000000000000000, 0.000000000000000, -1.00000000000000 ) );
#3026 = ORIENTED_EDGE( '', *, *, #4053, .T. );
#3027 = ORIENTED_EDGE( '', *, *, #4054, .F. );
#3028 = ORIENTED_EDGE( '', *, *, #4052, .F. );
#3029 = ORIENTED_EDGE( '', *, *, #4045, .T. );
#3030 = CARTESIAN_POINT( '', ( 4.00000000000000, 2.60000000000000, 0.150000000000000 ) );
#3031 = DIRECTION( '', ( -4.53393635766664E-016, 0.000000000000000, 1.00000000000000 ) );
#3032 = DIRECTION( '', ( 1.00000000000000, 0.000000000000000, 4.53393635766664E-016 ) );
#3033 = ORIENTED_EDGE( '', *, *, #4041, .T. );
#3034 = ORIENTED_EDGE( '', *, *, #3967, .T. );
#3035 = ORIENTED_EDGE( '', *, *, #4055, .F. );
#3036 = ORIENTED_EDGE( '', *, *, #4053, .F. );
#3037 = ORIENTED_EDGE( '', *, *, #4044, .T. );
#3038 = ORIENTED_EDGE( '', *, *, #4056, .T. );
#3039 = CARTESIAN_POINT( '', ( 4.00000000000000, 2.60000000000000, 2.16840434497101E-015 ) );
#3040 = DIRECTION( '', ( 0.000000000000000, 1.00000000000000, 0.000000000000000 ) );
#3041 = DIRECTION( '', ( 0.000000000000000, 0.000000000000000, 1.00000000000000 ) );
#3042 = ORIENTED_EDGE( '', *, *, #4055, .T. );
#3043 = ORIENTED_EDGE( '', *, *, #3966, .T. );
#3044 = ORIENTED_EDGE( '', *, *, #4050, .F. );
#3045 = ORIENTED_EDGE( '', *, *, #4054, .T. );
#3046 = CARTESIAN_POINT( '', ( 2.62500000000000, 0.000000000000000, 0.225000000000000 ) );
#3047 = DIRECTION( '', ( -0.000000000000000, -1.00000000000000, -0.000000000000000 ) );
#3048 = DIRECTION( '', ( 0.000000000000000, 0.000000000000000, 1.00000000000000 ) );
#3049 = ORIENTED_EDGE( '', *, *, #4042, .F. );
#3050 = ORIENTED_EDGE( '', *, *, #4056, .F. );
#3051 = ORIENTED_EDGE( '', *, *, #4043, .T. );
#3052 = ORIENTED_EDGE( '', *, *, #4051, .T. );
#3053 = CARTESIAN_POINT( '', ( 4.00000000000000, 1.90000000000000, 4.33680868994202E-016 ) );
#3054 = DIRECTION( '', ( 4.53393635766664E-016, 2.47817639425258E-015, -1.00000000000000 ) );
#3055 = DIRECTION( '', ( 2.32481934056019E-045, 1.00000000000000, 2.47817639425258E-015 ) );
#3056 = ORIENTED_EDGE( '', *, *, #4057, .F. );
#3057 = ORIENTED_EDGE( '', *, *, #4058, .F. );
#3058 = ORIENTED_EDGE( '', *, *, #4059, .F. );
#3059 = ORIENTED_EDGE( '', *, *, #4060, .F. );
#3060 = CARTESIAN_POINT( '', ( -4.00000000000000, -2.25000000000000, 0.0750000000000000 ) );
#3061 = DIRECTION( '', ( -1.00000000000000, 0.000000000000000, 4.53393635766664E-016 ) );
#3062 = DIRECTION( '', ( 4.53393635766664E-016, 0.000000000000000, 1.00000000000000 ) );
#3063 = ORIENTED_EDGE( '', *, *, #4061, .T. );
#3064 = ORIENTED_EDGE( '', *, *, #4062, .T. );
#3065 = ORIENTED_EDGE( '', *, *, #4063, .F. );
#3066 = ORIENTED_EDGE( '', *, *, #4064, .T. );
#3067 = CARTESIAN_POINT( '', ( -2.62500000000000, 0.000000000000000, 0.225000000000000 ) );
#3068 = DIRECTION( '', ( -0.000000000000000, 1.00000000000000, -0.000000000000000 ) );
#3069 = DIRECTION( '', ( 0.000000000000000, 0.000000000000000, -1.00000000000000 ) );
#3070 = ORIENTED_EDGE( '', *, *, #4065, .T. );
#3071 = ORIENTED_EDGE( '', *, *, #4066, .T. );
#3072 = ORIENTED_EDGE( '', *, *, #4061, .F. );
#3073 = ORIENTED_EDGE( '', *, *, #4067, .F. );
#3074 = ORIENTED_EDGE( '', *, *, #4060, .T. );
#3075 = ORIENTED_EDGE( '', *, *, #4068, .T. );
#3076 = CARTESIAN_POINT( '', ( -4.00000000000000, -1.90000000000000, 0.150000000000000 ) );
#3077 = DIRECTION( '', ( 0.000000000000000, 1.00000000000000, 0.000000000000000 ) );
#3078 = DIRECTION( '', ( 0.000000000000000, 0.000000000000000, 1.00000000000000 ) );
#3079 = ORIENTED_EDGE( '', *, *, #4069, .T. );
#3080 = ORIENTED_EDGE( '', *, *, #4070, .F. );
#3081 = ORIENTED_EDGE( '', *, *, #4068, .F. );
#3082 = ORIENTED_EDGE( '', *, *, #4059, .T. );
#3083 = CARTESIAN_POINT( '', ( -4.00000000000000, -2.60000000000000, 0.150000000000000 ) );
#3084 = DIRECTION( '', ( 4.53393635766664E-016, 2.47817639425259E-015, 1.00000000000000 ) );
#3085 = DIRECTION( '', ( 0.000000000000000, -1.00000000000000, 2.47817639425259E-015 ) );
#3086 = ORIENTED_EDGE( '', *, *, #4063, .T. );
#3087 = ORIENTED_EDGE( '', *, *, #4071, .T. );
#3088 = ORIENTED_EDGE( '', *, *, #4072, .F. );
#3089 = ORIENTED_EDGE( '', *, *, #4069, .F. );
#3090 = ORIENTED_EDGE( '', *, *, #4058, .T. );
#3091 = ORIENTED_EDGE( '', *, *, #4073, .T. );
#3092 = CARTESIAN_POINT( '', ( -4.00000000000000, -2.60000000000000, 1.30104260698260E-015 ) );
#3093 = DIRECTION( '', ( 0.000000000000000, -1.00000000000000, 0.000000000000000 ) );
#3094 = DIRECTION( '', ( 0.000000000000000, 0.000000000000000, -1.00000000000000 ) );
#3095 = ORIENTED_EDGE( '', *, *, #4072, .T. );
#3096 = ORIENTED_EDGE( '', *, *, #4074, .T. );
#3097 = ORIENTED_EDGE( '', *, *, #4065, .F. );
#3098 = ORIENTED_EDGE( '', *, *, #4070, .T. );
#3099 = CARTESIAN_POINT( '', ( -2.62500000000000, 0.000000000000000, 0.225000000000000 ) );
#3100 = DIRECTION( '', ( -0.000000000000000, 1.00000000000000, -0.000000000000000 ) );
#3101 = DIRECTION( '', ( 0.000000000000000, 0.000000000000000, -1.00000000000000 ) );
#3102 = ORIENTED_EDGE( '', *, *, #4064, .F. );
#3103 = ORIENTED_EDGE( '', *, *, #4073, .F. );
#3104 = ORIENTED_EDGE( '', *, *, #4057, .T. );
#3105 = ORIENTED_EDGE( '', *, *, #4067, .T. );
#3106 = CARTESIAN_POINT( '', ( -4.00000000000000, -1.90000000000000, 1.30104260698260E-015 ) );
#3107 = DIRECTION( '', ( -4.53393635766664E-016, 0.000000000000000, -1.00000000000000 ) );
#3108 = DIRECTION( '', ( -1.00000000000000, 0.000000000000000, 4.53393635766664E-016 ) );
#3109 = ORIENTED_EDGE( '', *, *, #4075, .T. );
#3110 = ORIENTED_EDGE( '', *, *, #4076, .T. );
#3111 = ORIENTED_EDGE( '', *, *, #4077, .T. );
#3112 = ORIENTED_EDGE( '', *, *, #4078, .T. );
#3113 = CARTESIAN_POINT( '', ( -4.00000000000000, 2.25000000000000, 0.0750000000000009 ) );
#3114 = DIRECTION( '', ( 1.00000000000000, 0.000000000000000, -4.53393635766664E-016 ) );
#3115 = DIRECTION( '', ( -4.53393635766664E-016, 0.000000000000000, -1.00000000000000 ) );
#3116 = ORIENTED_EDGE( '', *, *, #4079, .T. );
#3117 = ORIENTED_EDGE( '', *, *, #4080, .F. );
#3118 = ORIENTED_EDGE( '', *, *, #4075, .F. );
#3119 = ORIENTED_EDGE( '', *, *, #4081, .T. );
#3120 = CARTESIAN_POINT( '', ( -4.00000000000000, 1.90000000000000, -4.33680868994202E-016 ) );
#3121 = DIRECTION( '', ( 4.53393635766664E-016, -2.47817639425258E-015, 1.00000000000000 ) );
#3122 = DIRECTION( '', ( 0.000000000000000, -1.00000000000000, -2.47817639425258E-015 ) );
#3123 = ORIENTED_EDGE( '', *, *, #4082, .T. );
#3124 = ORIENTED_EDGE( '', *, *, #3923, .T. );
#3125 = ORIENTED_EDGE( '', *, *, #4083, .F. );
#3126 = ORIENTED_EDGE( '', *, *, #4084, .F. );
#3127 = ORIENTED_EDGE( '', *, *, #4076, .F. );
#3128 = ORIENTED_EDGE( '', *, *, #4080, .T. );
#3129 = CARTESIAN_POINT( '', ( -4.00000000000000, 1.90000000000000, 0.150000000000000 ) );
#3130 = DIRECTION( '', ( 0.000000000000000, 1.00000000000000, 0.000000000000000 ) );
#3131 = DIRECTION( '', ( 0.000000000000000, 0.000000000000000, 1.00000000000000 ) );
#3132 = ORIENTED_EDGE( '', *, *, #4085, .T. );
#3133 = ORIENTED_EDGE( '', *, *, #3925, .T. );
#3134 = ORIENTED_EDGE( '', *, *, #4086, .F. );
#3135 = ORIENTED_EDGE( '', *, *, #4081, .F. );
#3136 = ORIENTED_EDGE( '', *, *, #4078, .F. );
#3137 = ORIENTED_EDGE( '', *, *, #4087, .T. );
#3138 = CARTESIAN_POINT( '', ( -4.00000000000000, 2.60000000000000, 1.30104260698260E-015 ) );
#3139 = DIRECTION( '', ( 0.000000000000000, -1.00000000000000, 0.000000000000000 ) );
#3140 = DIRECTION( '', ( 0.000000000000000, 0.000000000000000, -1.00000000000000 ) );
#3141 = ORIENTED_EDGE( '', *, *, #4074, .F. );
#3142 = ORIENTED_EDGE( '', *, *, #4071, .F. );
#3143 = ORIENTED_EDGE( '', *, *, #4062, .F. );
#3144 = ORIENTED_EDGE( '', *, *, #4066, .F. );
#3145 = ORIENTED_EDGE( '', *, *, #3896, .T. );
#3146 = ORIENTED_EDGE( '', *, *, #4088, .T. );
#3147 = ORIENTED_EDGE( '', *, *, #4089, .T. );
#3148 = ORIENTED_EDGE( '', *, *, #4090, .T. );
#3149 = CARTESIAN_POINT( '', ( -3.10000000000000, -1.89950000000000, 0.151000000000000 ) );
#3150 = DIRECTION( '', ( 0.000000000000000, 0.000000000000000, -1.00000000000000 ) );
#3151 = DIRECTION( '', ( -1.00000000000000, 0.000000000000000, 0.000000000000000 ) );
#3152 = ORIENTED_EDGE( '', *, *, #4087, .F. );
#3153 = ORIENTED_EDGE( '', *, *, #4077, .F. );
#3154 = ORIENTED_EDGE( '', *, *, #4084, .T. );
#3155 = ORIENTED_EDGE( '', *, *, #4091, .T. );
#3156 = CARTESIAN_POINT( '', ( -4.00000000000000, 2.60000000000000, 0.150000000000000 ) );
#3157 = DIRECTION( '', ( -4.53393635766664E-016, -6.19544098563145E-016, -1.00000000000000 ) );
#3158 = DIRECTION( '', ( 0.000000000000000, 1.00000000000000, -6.19544098563145E-016 ) );
#3159 = ORIENTED_EDGE( '', *, *, #4083, .T. );
#3160 = ORIENTED_EDGE( '', *, *, #3922, .T. );
#3161 = ORIENTED_EDGE( '', *, *, #4085, .F. );
#3162 = ORIENTED_EDGE( '', *, *, #4091, .F. );
#3163 = CARTESIAN_POINT( '', ( -2.62500000000000, 0.000000000000000, 0.225000000000000 ) );
#3164 = DIRECTION( '', ( -0.000000000000000, 1.00000000000000, -0.000000000000000 ) );
#3165 = DIRECTION( '', ( 0.000000000000000, 0.000000000000000, -1.00000000000000 ) );
#3166 = ORIENTED_EDGE( '', *, *, #4086, .T. );
#3167 = ORIENTED_EDGE( '', *, *, #3924, .T. );
#3168 = ORIENTED_EDGE( '', *, *, #4082, .F. );
#3169 = ORIENTED_EDGE( '', *, *, #4079, .F. );
#3170 = CARTESIAN_POINT( '', ( -2.62500000000000, 0.000000000000000, 0.225000000000000 ) );
#3171 = DIRECTION( '', ( -0.000000000000000, 1.00000000000000, -0.000000000000000 ) );
#3172 = DIRECTION( '', ( 0.000000000000000, 0.000000000000000, -1.00000000000000 ) );
#3173 = ORIENTED_EDGE( '', *, *, #3917, .T. );
#3174 = ORIENTED_EDGE( '', *, *, #3897, .F. );
#3175 = ORIENTED_EDGE( '', *, *, #4090, .F. );
#3176 = ORIENTED_EDGE( '', *, *, #4092, .T. );
#3177 = CARTESIAN_POINT( '', ( -2.40000000000000, -2.60050000000000, 0.151000000000000 ) );
#3178 = DIRECTION( '', ( 0.000000000000000, -1.00000000000000, 0.000000000000000 ) );
#3179 = DIRECTION( '', ( 0.000000000000000, 0.000000000000000, -1.00000000000000 ) );
#3180 = ORIENTED_EDGE( '', *, *, #3902, .T. );
#3181 = ORIENTED_EDGE( '', *, *, #4092, .F. );
#3182 = ORIENTED_EDGE( '', *, *, #4089, .F. );
#3183 = ORIENTED_EDGE( '', *, *, #4093, .T. );
#3184 = CARTESIAN_POINT( '', ( -2.40000000000000, -1.89950000000000, 0.151000000000000 ) );
#3185 = DIRECTION( '', ( 1.00000000000000, -1.54665074534308E-016, 0.000000000000000 ) );
#3186 = DIRECTION( '', ( 1.54665074534308E-016, 1.00000000000000, 0.000000000000000 ) );
#3187 = ORIENTED_EDGE( '', *, *, #3903, .T. );
#3188 = ORIENTED_EDGE( '', *, *, #4093, .F. );
#3189 = ORIENTED_EDGE( '', *, *, #4088, .F. );
#3190 = ORIENTED_EDGE( '', *, *, #3895, .T. );
#3191 = CARTESIAN_POINT( '', ( -3.10000000000000, -1.89950000000000, 0.151000000000000 ) );
#3192 = DIRECTION( '', ( 0.000000000000000, 1.00000000000000, 0.000000000000000 ) );
#3193 = DIRECTION( '', ( 0.000000000000000, 0.000000000000000, 1.00000000000000 ) );
#3194 = ORIENTED_EDGE( '', *, *, #3942, .F. );
#3195 = ORIENTED_EDGE( '', *, *, #3974, .F. );
#3196 = ORIENTED_EDGE( '', *, *, #4094, .F. );
#3197 = ORIENTED_EDGE( '', *, *, #4095, .F. );
#3198 = ORIENTED_EDGE( '', *, *, #4048, .F. );
#3199 = ORIENTED_EDGE( '', *, *, #4033, .F. );
#3200 = ORIENTED_EDGE( '', *, *, #4049, .F. );
#3201 = ORIENTED_EDGE( '', *, *, #4037, .F. );
#3202 = CARTESIAN_POINT( '', ( 3.10000000000000, -1.89950000000000, 0.151000000000000 ) );
#3203 = DIRECTION( '', ( 0.000000000000000, 0.000000000000000, 1.00000000000000 ) );
#3204 = DIRECTION( '', ( 1.00000000000000, 0.000000000000000, 0.000000000000000 ) );
#3205 = ORIENTED_EDGE( '', *, *, #4030, .F. );
#3206 = ORIENTED_EDGE( '', *, *, #3930, .F. );
#3207 = ORIENTED_EDGE( '', *, *, #4096, .F. );
#3208 = ORIENTED_EDGE( '', *, *, #4097, .F. );
#3209 = CARTESIAN_POINT( '', ( -3.10000000000000, -2.85000000000000, 1.80000000000000 ) );
#3210 = DIRECTION( '', ( 1.00000000000000, 6.99485272571293E-017, -0.000000000000000 ) );
#3211 = DIRECTION( '', ( 6.99485272571293E-017, -1.00000000000000, 0.000000000000000 ) );
#3212 = ORIENTED_EDGE( '', *, *, #3851, .T. );
#3213 = ORIENTED_EDGE( '', *, *, #3986, .F. );
#3214 = CARTESIAN_POINT( '', ( 0.000000000000000, 0.000000000000000, -7.36966750279098 ) );
#3215 = DIRECTION( '', ( -0.000000000000000, -0.000000000000000, -1.00000000000000 ) );
#3216 = DIRECTION( '', ( 1.00000000000000, 0.000000000000000, 0.000000000000000 ) );
#3217 = ORIENTED_EDGE( '', *, *, #4098, .T. );
#3218 = ORIENTED_EDGE( '', *, *, #4099, .F. );
#3219 = ORIENTED_EDGE( '', *, *, #4100, .T. );
#3220 = ORIENTED_EDGE( '', *, *, #3990, .F. );
#3221 = ORIENTED_EDGE( '', *, *, #4101, .T. );
#3222 = ORIENTED_EDGE( '', *, *, #3929, .F. );
#3223 = CARTESIAN_POINT( '', ( -1.07500000000000, -3.00000000000000, 10.4696675027910 ) );
#3224 = DIRECTION( '', ( -0.707106781186548, -0.707106781186548, 0.000000000000000 ) );
#3225 = DIRECTION( '', ( 0.707106781186548, -0.707106781186548, 0.000000000000000 ) );
#3226 = ORIENTED_EDGE( '', *, *, #3927, .T. );
#3227 = ORIENTED_EDGE( '', *, *, #3955, .F. );
#3228 = ORIENTED_EDGE( '', *, *, #3987, .T. );
#3229 = ORIENTED_EDGE( '', *, *, #4102, .F. );
#3230 = ORIENTED_EDGE( '', *, *, #4103, .T. );
#3231 = ORIENTED_EDGE( '', *, *, #4104, .F. );
#3232 = CARTESIAN_POINT( '', ( 1.07500000000000, -3.00000000000000, 10.4696675027910 ) );
#3233 = DIRECTION( '', ( -0.707106781186544, 0.707106781186551, 0.000000000000000 ) );
#3234 = DIRECTION( '', ( -0.707106781186551, -0.707106781186544, 0.000000000000000 ) );
#3235 = ORIENTED_EDGE( '', *, *, #3975, .F. );
#3236 = ORIENTED_EDGE( '', *, *, #3848, .F. );
#3237 = ORIENTED_EDGE( '', *, *, #3860, .F. );
#3238 = ORIENTED_EDGE( '', *, *, #3958, .T. );
#3239 = ORIENTED_EDGE( '', *, *, #3881, .F. );
#3240 = ORIENTED_EDGE( '', *, *, #3977, .F. );
#3241 = CARTESIAN_POINT( '', ( 1.07500000000000, 3.00000000000000, 10.4696675027910 ) );
#3242 = DIRECTION( '', ( 0.707106781186544, 0.707106781186551, 0.000000000000000 ) );
#3243 = DIRECTION( '', ( -0.707106781186551, 0.707106781186544, 0.000000000000000 ) );
#3244 = ORIENTED_EDGE( '', *, *, #3913, .F. );
#3245 = ORIENTED_EDGE( '', *, *, #4105, .F. );
#3246 = ORIENTED_EDGE( '', *, *, #4094, .T. );
#3247 = ORIENTED_EDGE( '', *, *, #3973, .T. );
#3248 = CARTESIAN_POINT( '', ( 2.40000000000000, -1.89950000000000, 0.151000000000000 ) );
#3249 = DIRECTION( '', ( 1.00000000000000, 0.000000000000000, 0.000000000000000 ) );
#3250 = DIRECTION( '', ( 0.000000000000000, 0.000000000000000, -1.00000000000000 ) );
#3251 = ORIENTED_EDGE( '', *, *, #3912, .F. );
#3252 = ORIENTED_EDGE( '', *, *, #3943, .F. );
#3253 = ORIENTED_EDGE( '', *, *, #4095, .T. );
#3254 = ORIENTED_EDGE( '', *, *, #4105, .T. );
#3255 = CARTESIAN_POINT( '', ( 3.10000000000000, -1.89950000000000, 0.151000000000000 ) );
#3256 = DIRECTION( '', ( -6.19544098563142E-016, -1.00000000000000, 0.000000000000000 ) );
#3257 = DIRECTION( '', ( 1.00000000000000, -6.19544098563142E-016, 0.000000000000000 ) );
#3258 = ORIENTED_EDGE( '', *, *, #4015, .T. );
#3259 = ORIENTED_EDGE( '', *, *, #4008, .T. );
#3260 = ORIENTED_EDGE( '', *, *, #4023, .F. );
#3261 = ORIENTED_EDGE( '', *, *, #3888, .T. );
#3262 = ORIENTED_EDGE( '', *, *, #4029, .T. );
#3263 = ORIENTED_EDGE( '', *, *, #3996, .T. );
#3264 = CARTESIAN_POINT( '', ( -3.10000000000000, -2.90000000000000, 1.85000000000000 ) );
#3265 = DIRECTION( '', ( 0.000000000000000, 0.000000000000000, 1.00000000000000 ) );
#3266 = DIRECTION( '', ( 1.00000000000000, 0.000000000000000, 0.000000000000000 ) );
#3267 = ORIENTED_EDGE( '', *, *, #4096, .T. );
#3268 = ORIENTED_EDGE( '', *, *, #4101, .F. );
#3269 = ORIENTED_EDGE( '', *, *, #3989, .T. );
#3270 = ORIENTED_EDGE( '', *, *, #4106, .F. );
#3271 = CARTESIAN_POINT( '', ( -1.17500000000000, -2.90000000000000, 1.00000000000000 ) );
#3272 = DIRECTION( '', ( -1.00000000000000, 6.12303176911189E-017, 0.000000000000000 ) );
#3273 = DIRECTION( '', ( -6.12303176911189E-017, -1.00000000000000, 0.000000000000000 ) );
#3274 = ORIENTED_EDGE( '', *, *, #3928, .F. );
#3275 = ORIENTED_EDGE( '', *, *, #4104, .T. );
#3276 = ORIENTED_EDGE( '', *, *, #4107, .T. );
#3277 = ORIENTED_EDGE( '', *, *, #4098, .F. );
#3278 = CARTESIAN_POINT( '', ( 1.17500000000000, -3.00000000000000, 1.00000000000000 ) );
#3279 = DIRECTION( '', ( 0.000000000000000, 0.000000000000000, 1.00000000000000 ) );
#3280 = DIRECTION( '', ( 1.00000000000000, 0.000000000000000, 0.000000000000000 ) );
#3281 = ORIENTED_EDGE( '', *, *, #4107, .F. );
#3282 = ORIENTED_EDGE( '', *, *, #4103, .F. );
#3283 = ORIENTED_EDGE( '', *, *, #4108, .T. );
#3284 = ORIENTED_EDGE( '', *, *, #4099, .T. );
#3285 = CARTESIAN_POINT( '', ( 1.17500000000000, -3.00000000000000, 1.10000000000000 ) );
#3286 = DIRECTION( '', ( 0.000000000000000, 1.00000000000000, 0.000000000000000 ) );
#3287 = DIRECTION( '', ( 0.000000000000000, 0.000000000000000, 1.00000000000000 ) );
#3288 = ORIENTED_EDGE( '', *, *, #4108, .F. );
#3289 = ORIENTED_EDGE( '', *, *, #4102, .T. );
#3290 = ORIENTED_EDGE( '', *, *, #3991, .T. );
#3291 = ORIENTED_EDGE( '', *, *, #4100, .F. );
#3292 = CARTESIAN_POINT( '', ( 1.17500000000000, -2.90000000000000, 1.85000000000000 ) );
#3293 = DIRECTION( '', ( 0.000000000000000, 0.991227900682634, -0.132163720091020 ) );
#3294 = DIRECTION( '', ( 0.000000000000000, 0.132163720091020, 0.991227900682634 ) );
#3295 = ORIENTED_EDGE( '', *, *, #3850, .T. );
#3296 = CARTESIAN_POINT( '', ( 0.000000000000000, 0.000000000000000, 3.10000000000000 ) );
#3297 = DIRECTION( '', ( 0.000000000000000, 0.000000000000000, -1.00000000000000 ) );
#3298 = DIRECTION( '', ( -1.00000000000000, 0.000000000000000, 0.000000000000000 ) );
#3299 = ORIENTED_EDGE( '', *, *, #4003, .T. );
#3300 = ORIENTED_EDGE( '', *, *, #4013, .T. );
#3301 = ORIENTED_EDGE( '', *, *, #4025, .F. );
#3302 = ORIENTED_EDGE( '', *, *, #3938, .T. );
#3303 = ORIENTED_EDGE( '', *, *, #4024, .T. );
#3304 = ORIENTED_EDGE( '', *, *, #4004, .T. );
#3305 = CARTESIAN_POINT( '', ( -3.10000000000000, -2.90000000000000, 1.85000000000000 ) );
#3306 = DIRECTION( '', ( 0.000000000000000, 0.000000000000000, 1.00000000000000 ) );
#3307 = DIRECTION( '', ( 1.00000000000000, 0.000000000000000, 0.000000000000000 ) );
#3308 = ORIENTED_EDGE( '', *, *, #4106, .T. );
#3309 = ORIENTED_EDGE( '', *, *, #3988, .T. );
#3310 = ORIENTED_EDGE( '', *, *, #3956, .T. );
#3311 = ORIENTED_EDGE( '', *, *, #3953, .T. );
#3312 = ORIENTED_EDGE( '', *, *, #4026, .F. );
#3313 = ORIENTED_EDGE( '', *, *, #4010, .T. );
#3314 = ORIENTED_EDGE( '', *, *, #4014, .T. );
#3315 = ORIENTED_EDGE( '', *, *, #4000, .T. );
#3316 = ORIENTED_EDGE( '', *, *, #4031, .T. );
#3317 = ORIENTED_EDGE( '', *, *, #4097, .T. );
#3318 = CARTESIAN_POINT( '', ( -3.10000000000000, -2.90000000000000, 1.85000000000000 ) );
#3319 = DIRECTION( '', ( 0.000000000000000, 0.000000000000000, 1.00000000000000 ) );
#3320 = DIRECTION( '', ( 1.00000000000000, 0.000000000000000, 0.000000000000000 ) );
#3321 = COLOUR_RGB( '', 0.689999997615814, 0.769999980926514, 0.870000004768372 );
#3322 = CARTESIAN_POINT( '', ( 3.65000000000000, -0.350000000000000, 1.70761842166467E-015 ) );
#3323 = CARTESIAN_POINT( '', ( 3.55000000000000, -0.350000000000000, 1.70761842166467E-015 ) );
#3324 = CARTESIAN_POINT( '', ( 9.63592107704941, -0.350000000000000, 1.70761842166467E-015 ) );
#3325 = VECTOR( '', #4109, 1000.00000000000 );
#3326 = CARTESIAN_POINT( '', ( 3.65000000000000, -0.350000000000000, 0.150000000000000 ) );
#3327 = CARTESIAN_POINT( '', ( 3.65000000000000, -0.350000000000000, 1.70761842166467E-015 ) );
#3328 = VECTOR( '', #4110, 1000.00000000000 );
#3329 = CARTESIAN_POINT( '', ( 3.55000000000000, -0.350000000000000, 0.150000000000000 ) );
#3330 = CARTESIAN_POINT( '', ( 3.55000000000000, -0.350000000000000, 0.150000000000000 ) );
#3331 = VECTOR( '', #4111, 1000.00000000000 );
#3332 = CARTESIAN_POINT( '', ( 3.50000000000000, -0.350000000000000, 0.200000000000000 ) );
#3333 = AXIS2_PLACEMENT_3D( '', #4112, #4113, #4114 );
#3334 = CARTESIAN_POINT( '', ( 3.50000000000000, -0.350000000000000, 1.00000000000000 ) );
#3335 = CARTESIAN_POINT( '', ( 3.50000000000000, -0.350000000000000, 1.80000000000000 ) );
#3336 = VECTOR( '', #4115, 1000.00000000000 );
#3337 = CARTESIAN_POINT( '', ( 3.35000000000000, -0.350000000000000, 1.00000000000000 ) );
#3338 = CARTESIAN_POINT( '', ( 9.63592107704941, -0.350000000000000, 1.00000000000000 ) );
#3339 = VECTOR( '', #4116, 1000.00000000000 );
#3340 = CARTESIAN_POINT( '', ( 3.35000000000000, -0.350000000000000, 0.200000000000000 ) );
#3341 = CARTESIAN_POINT( '', ( 3.35000000000000, -0.350000000000000, 1.80000000000000 ) );
#3342 = VECTOR( '', #4117, 1000.00000000000 );
#3343 = AXIS2_PLACEMENT_3D( '', #4118, #4119, #4120 );
#3344 = COLOUR_RGB( '', 0.689999997615814, 0.769999980926514, 0.870000004768372 );
#3345 = CARTESIAN_POINT( '', ( 3.30000000000000, -0.750000000000000, 1.85000000000000 ) );
#3346 = CARTESIAN_POINT( '', ( 3.35000000000000, -0.750000000000000, 1.80000000000000 ) );
#3347 = AXIS2_PLACEMENT_3D( '', #4121, #4122, #4123 );
#3348 = CARTESIAN_POINT( '', ( 3.30000000000000, 0.750000000000000, 1.85000000000000 ) );
#3349 = CARTESIAN_POINT( '', ( 3.30000000000000, 0.750000000000000, 1.85000000000000 ) );
#3350 = VECTOR( '', #4124, 1000.00000000000 );
#3351 = CARTESIAN_POINT( '', ( 3.35000000000000, 0.750000000000000, 1.80000000000000 ) );
#3352 = AXIS2_PLACEMENT_3D( '', #4125, #4126, #4127 );
#3353 = CARTESIAN_POINT( '', ( 3.35000000000000, 0.750000000000000, 1.80000000000000 ) );
#3354 = VECTOR( '', #4128, 1000.00000000000 );
#3355 = COLOUR_RGB( '', 0.689999997615814, 0.769999980926514, 0.870000004768372 );
#3356 = CARTESIAN_POINT( '', ( -3.10000000000000, -2.85000000000000, 2.00000000000000 ) );
#3357 = CARTESIAN_POINT( '', ( -1.17500000000000, -2.85000000000000, 2.00000000000000 ) );
#3358 = CARTESIAN_POINT( '', ( -3.10000000000000, -2.85000000000000, 2.00000000000000 ) );
#3359 = VECTOR( '', #4129, 1000.00000000000 );
#3360 = CARTESIAN_POINT( '', ( -3.10000000000000, -3.05000000000000, 1.80000000000000 ) );
#3361 = AXIS2_PLACEMENT_3D( '', #4130, #4131, #4132 );
#3362 = CARTESIAN_POINT( '', ( -1.17500000000000, -3.05000000000000, 1.80000000000000 ) );
#3363 = CARTESIAN_POINT( '', ( -3.10000000000000, -3.05000000000000, 1.80000000000000 ) );
#3364 = VECTOR( '', #4133, 1000.00000000000 );
#3365 = AXIS2_PLACEMENT_3D( '', #4134, #4135, #4136 );
#3366 = COLOUR_RGB( '', 0.689999997615814, 0.769999980926514, 0.870000004768372 );
#3367 = CARTESIAN_POINT( '', ( -1.17500000000000, -3.04999999999993, 1.14999999999998 ) );
#3368 = CARTESIAN_POINT( '', ( -1.17500000000000, -3.05000000000000, 2.00000000000000 ) );
#3369 = VECTOR( '', #4137, 1000.00000000000 );
#3370 = CARTESIAN_POINT( '', ( -1.17500000000000, -2.89999999999994, 1.15000000000000 ) );
#3371 = CARTESIAN_POINT( '', ( -1.17500000000000, -2.84999999999992, 1.15000000000000 ) );
#3372 = VECTOR( '', #4138, 1000.00000000000 );
#3373 = CARTESIAN_POINT( '', ( -1.17500000000000, -2.90000000000000, 1.80000000000000 ) );
#3374 = CARTESIAN_POINT( '', ( -1.17500000000000, -2.89999999999991, 0.850000000000000 ) );
#3375 = VECTOR( '', #4139, 1000.00000000000 );
#3376 = CARTESIAN_POINT( '', ( -1.17500000000000, -2.85000000000000, 1.85000000000000 ) );
#3377 = AXIS2_PLACEMENT_3D( '', #4140, #4141, #4142 );
#3378 = CARTESIAN_POINT( '', ( -1.17500000000000, -2.85000000000000, 2.00000000000000 ) );
#3379 = VECTOR( '', #4143, 1000.00000000000 );
#3380 = COLOUR_RGB( '', 0.689999997615814, 0.769999980926514, 0.870000004768372 );
#3381 = CARTESIAN_POINT( '', ( 2.92322464655425, 3.05058770717484, 0.842356354419155 ) );
#3382 = CARTESIAN_POINT( '', ( 2.92322464655423, 2.90235120478979, 0.819425381330220 ) );
#3383 = CARTESIAN_POINT( '', ( 2.92322464655423, 2.90235082869947, 0.819425417676608 ) );
#3384 = VECTOR( '', #4144, 1000.00000000000 );
#3385 = CARTESIAN_POINT( '', ( 2.60000000000000, 2.95176312152466, 0.500000000000007 ) );
#3386 = CARTESIAN_POINT( '', ( -0.0883876767228788, 3.36274477322036, -2.15678798219295 ) );
#3387 = VECTOR( '', #4145, 1000.00000000000 );
#3388 = CARTESIAN_POINT( '', ( 2.60000000000000, 3.10000000000000, 0.522930936742547 ) );
#3389 = CARTESIAN_POINT( '', ( 2.60000000000000, 11.7773702528581, 1.86524352728323 ) );
#3390 = VECTOR( '', #4146, 1000.00000000000 );
#3391 = CARTESIAN_POINT( '', ( -0.0883876767228788, 3.51098165169568, -2.13385704545041 ) );
#3392 = VECTOR( '', #4147, 1000.00000000000 );
#3393 = COLOUR_RGB( '', 0.689999997615814, 0.769999980926514, 0.870000004768372 );
#3394 = CARTESIAN_POINT( '', ( -2.60000000000000, -3.10000000000000, 0.522930936742549 ) );
#3395 = CARTESIAN_POINT( '', ( -2.60000000000000, -2.95176312152469, 0.500000000000000 ) );
#3396 = CARTESIAN_POINT( '', ( -2.60000000000000, -11.7773702528581, 1.86524352728394 ) );
#3397 = VECTOR( '', #4148, 1000.00000000000 );
#3398 = CARTESIAN_POINT( '', ( 2.60000000000000, -2.95176312152469, 0.500000000000000 ) );
#3399 = CARTESIAN_POINT( '', ( -3.10000000000000, -2.95176312152468, 0.500000000000000 ) );
#3400 = VECTOR( '', #4149, 1000.00000000000 );
#3401 = CARTESIAN_POINT( '', ( 2.60000000000000, -3.10000000000000, 0.522930936742549 ) );
#3402 = CARTESIAN_POINT( '', ( 2.60000000000000, -11.7773702528581, 1.86524352728394 ) );
#3403 = VECTOR( '', #4150, 1000.00000000000 );
#3404 = CARTESIAN_POINT( '', ( -3.10000000000000, -3.10000000000000, 0.522930936742551 ) );
#3405 = VECTOR( '', #4151, 1000.00000000000 );
#3406 = COLOUR_RGB( '', 0.689999997615814, 0.769999980926514, 0.870000004768372 );
#3407 = CARTESIAN_POINT( '', ( 3.35000000000000, 0.350000000000000, 0.200000000000000 ) );
#3408 = CARTESIAN_POINT( '', ( 3.35000000000000, 0.750000000000000, 0.200000000000000 ) );
#3409 = VECTOR( '', #4152, 1000.00000000000 );
#3410 = CARTESIAN_POINT( '', ( 3.35000000000000, -0.750000000000000, 1.00000000000000 ) );
#3411 = CARTESIAN_POINT( '', ( 3.35000000000000, 0.750000000000000, 1.00000000000000 ) );
#3412 = VECTOR( '', #4153, 1000.00000000000 );
#3413 = CARTESIAN_POINT( '', ( 3.35000000000000, -0.750000000000000, 1.80000000000000 ) );
#3414 = VECTOR( '', #4154, 1000.00000000000 );
#3415 = CARTESIAN_POINT( '', ( 3.35000000000000, 0.750000000000000, 1.00000000000000 ) );
#3416 = CARTESIAN_POINT( '', ( 3.35000000000000, 0.750000000000000, 1.80000000000000 ) );
#3417 = VECTOR( '', #4155, 1000.00000000000 );
#3418 = CARTESIAN_POINT( '', ( 3.35000000000000, 0.350000000000000, 1.00000000000000 ) );
#3419 = CARTESIAN_POINT( '', ( 3.35000000000000, 0.750000000000000, 1.00000000000000 ) );
#3420 = VECTOR( '', #4156, 1000.00000000000 );
#3421 = CARTESIAN_POINT( '', ( 3.35000000000000, 0.350000000000000, 1.80000000000000 ) );
#3422 = VECTOR( '', #4157, 1000.00000000000 );
#3423 = COLOUR_RGB( '', 0.689999997615814, 0.769999980926514, 0.870000004768372 );
#3424 = CARTESIAN_POINT( '', ( -2.93849537973937, 3.04999999999991, 0.849999999999986 ) );
#3425 = CARTESIAN_POINT( '', ( -2.93849537973937, 2.89999999999991, 0.850000000000000 ) );
#3426 = CARTESIAN_POINT( '', ( -2.93849537973937, 2.89999999999991, 0.850000000000000 ) );
#3427 = VECTOR( '', #4158, 1000.00000000000 );
#3428 = CARTESIAN_POINT( '', ( -3.10000000000000, 2.89999999999992, 1.01150462026063 ) );
#3429 = CARTESIAN_POINT( '', ( -3.49424768986969, 2.89999999999996, 1.40575231013032 ) );
#3430 = VECTOR( '', #4159, 1000.00000000000 );
#3431 = CARTESIAN_POINT( '', ( -3.10000000000000, 3.04999999999996, 1.01150462026062 ) );
#3432 = CARTESIAN_POINT( '', ( -3.10000000000000, 2.90235082869957, 1.01150462026063 ) );
#3433 = VECTOR( '', #4160, 1000.00000000000 );
#3434 = CARTESIAN_POINT( '', ( -3.49424768986969, 3.04999999999996, 1.40575231013030 ) );
#3435 = VECTOR( '', #4161, 1000.00000000000 );
#3436 = COLOUR_RGB( '', 0.689999997615814, 0.769999980926514, 0.870000004768372 );
#3437 = CARTESIAN_POINT( '', ( -2.92322464655423, 3.05058770717480, 0.842356354419138 ) );
#3438 = CARTESIAN_POINT( '', ( -2.60000000000000, 3.10000000000000, 0.522930936742547 ) );
#3439 = CARTESIAN_POINT( '', ( -3.01161232327712, 3.03707562568321, 0.929705109706405 ) );
#3440 = VECTOR( '', #4162, 1000.00000000000 );
#3441 = CARTESIAN_POINT( '', ( -3.10000000000000, 3.05058770717484, 0.842356354419155 ) );
#3442 = VECTOR( '', #4163, 1000.00000000000 );
#3443 = CARTESIAN_POINT( '', ( -3.10000000000000, 3.10000000000000, 0.522930936742547 ) );
#3444 = VECTOR( '', #4164, 1000.00000000000 );
#3445 = COLOUR_RGB( '', 0.689999997615814, 0.769999980926514, 0.870000004768372 );
#3446 = CARTESIAN_POINT( '', ( -1.17500000000000, -2.89999999999992, 0.950000000000000 ) );
#3447 = AXIS2_PLACEMENT_3D( '', #4165, #4166, #4167 );
#3448 = CARTESIAN_POINT( '', ( -1.17500000000000, -3.04999999999992, 0.949999999999981 ) );
#3449 = AXIS2_PLACEMENT_3D( '', #4168, #4169, #4170 );
#3450 = CARTESIAN_POINT( '', ( -1.17500000000000, -2.84999999999990, 0.950000000000000 ) );
#3451 = VECTOR( '', #4171, 1000.00000000000 );
#3452 = COLOUR_RGB( '', 0.689999997615814, 0.769999980926514, 0.870000004768372 );
#3453 = CARTESIAN_POINT( '', ( 3.10000000000000, 2.85000000000000, 1.85000000000000 ) );
#3454 = CARTESIAN_POINT( '', ( 1.17500000000000, 2.85000000000000, 1.85000000000000 ) );
#3455 = CARTESIAN_POINT( '', ( -1.17500000000000, 2.85000000000000, 1.85000000000000 ) );
#3456 = VECTOR( '', #4172, 1000.00000000000 );
#3457 = CARTESIAN_POINT( '', ( 1.17500000000000, 2.90000000000000, 1.80000000000000 ) );
#3458 = AXIS2_PLACEMENT_3D( '', #4173, #4174, #4175 );
#3459 = CARTESIAN_POINT( '', ( 3.10000000000000, 2.90000000000000, 1.80000000000000 ) );
#3460 = CARTESIAN_POINT( '', ( -3.10000000000000, 2.90000000000000, 1.80000000000000 ) );
#3461 = VECTOR( '', #4176, 1000.00000000000 );
#3462 = AXIS2_PLACEMENT_3D( '', #4177, #4178, #4179 );
#3463 = COLOUR_RGB( '', 0.689999997615814, 0.769999980926514, 0.870000004768372 );
#3464 = CARTESIAN_POINT( '', ( -2.93849537973936, 3.04999999999991, 0.849999999999981 ) );
#3465 = CARTESIAN_POINT( '', ( -2.93340517444617, 3.04999999999991, 0.847442107892849 ) );
#3466 = CARTESIAN_POINT( '', ( -2.92831483474377, 3.05019765958830, 0.844884273234591 ) );
#3467 = CARTESIAN_POINT( '', ( -2.92322464655423, 3.05058807255483, 0.842356387309273 ) );
#3468 = CARTESIAN_POINT( '', ( -2.92322464655423, 2.90235082869947, 0.819425417676608 ) );
#3469 = CARTESIAN_POINT( '', ( -2.92322464655423, 2.90235082869947, 0.819425417676608 ) );
#3470 = VECTOR( '', #4180, 1000.00000000000 );
#3471 = CARTESIAN_POINT( '', ( -2.93849537973937, 2.89999999999991, 0.850000000000001 ) );
#3472 = CARTESIAN_POINT( '', ( -2.93340513534432, 2.89999999999991, 0.839768321836995 ) );
#3473 = CARTESIAN_POINT( '', ( -2.92831489094928, 2.90078669182565, 0.829536738180337 ) );
#3474 = CARTESIAN_POINT( '', ( -2.92322464655423, 2.90235084297986, 0.819425325361245 ) );
#3475 = COLOUR_RGB( '', 0.689999997615814, 0.769999980926514, 0.870000004768372 );
#3476 = CARTESIAN_POINT( '', ( -2.60000000000000, 2.95176312152466, 0.500000000000007 ) );
#3477 = CARTESIAN_POINT( '', ( -3.10000000000000, 2.95176312152466, 0.500000000000007 ) );
#3478 = VECTOR( '', #4181, 1000.00000000000 );
#3479 = CARTESIAN_POINT( '', ( -2.60000000000000, 11.7773702528581, 1.86524352728323 ) );
#3480 = VECTOR( '', #4182, 1000.00000000000 );
#3481 = COLOUR_RGB( '', 0.689999997615814, 0.769999980926514, 0.870000004768372 );
#3482 = CARTESIAN_POINT( '', ( -3.10000000000000, 3.05000000000000, 1.80000000000000 ) );
#3483 = CARTESIAN_POINT( '', ( -1.17500000000000, 3.05000000000000, 1.80000000000000 ) );
#3484 = CARTESIAN_POINT( '', ( -3.10000000000000, 3.05000000000000, 1.80000000000000 ) );
#3485 = VECTOR( '', #4183, 1000.00000000000 );
#3486 = CARTESIAN_POINT( '', ( -3.10000000000000, 2.85000000000000, 2.00000000000000 ) );
#3487 = AXIS2_PLACEMENT_3D( '', #4184, #4185, #4186 );
#3488 = CARTESIAN_POINT( '', ( -1.17500000000000, 2.85000000000000, 2.00000000000000 ) );
#3489 = CARTESIAN_POINT( '', ( -3.10000000000000, 2.85000000000000, 2.00000000000000 ) );
#3490 = VECTOR( '', #4187, 1000.00000000000 );
#3491 = AXIS2_PLACEMENT_3D( '', #4188, #4189, #4190 );
#3492 = COLOUR_RGB( '', 0.689999997615814, 0.769999980926514, 0.870000004768372 );
#3493 = CARTESIAN_POINT( '', ( 3.50000000000000, -0.750000000000000, 1.00000000000000 ) );
#3494 = CARTESIAN_POINT( '', ( 3.50000000000000, 0.750000000000000, 1.00000000000000 ) );
#3495 = VECTOR( '', #4191, 1000.00000000000 );
#3496 = CARTESIAN_POINT( '', ( 9.63592107704941, -0.750000000000000, 1.00000000000000 ) );
#3497 = VECTOR( '', #4192, 1000.00000000000 );
#3498 = COLOUR_RGB( '', 0.689999997615814, 0.769999980926514, 0.870000004768372 );
#3499 = CARTESIAN_POINT( '', ( 3.65000000000000, 0.350000000000000, 1.70761842166467E-015 ) );
#3500 = CARTESIAN_POINT( '', ( 3.55000000000000, 0.350000000000000, 1.70761842166467E-015 ) );
#3501 = CARTESIAN_POINT( '', ( 9.63592107704941, 0.350000000000000, 1.70761842166467E-015 ) );
#3502 = VECTOR( '', #4193, 1000.00000000000 );
#3503 = AXIS2_PLACEMENT_3D( '', #4194, #4195, #4196 );
#3504 = CARTESIAN_POINT( '', ( 3.55000000000000, 0.750000000000000, 1.62630325872825E-015 ) );
#3505 = VECTOR( '', #4197, 1000.00000000000 );
#3506 = COLOUR_RGB( '', 0.689999997615814, 0.769999980926514, 0.870000004768372 );
#3507 = CARTESIAN_POINT( '', ( -1.17500000000000, 2.85000000000000, 1.85000000000000 ) );
#3508 = CARTESIAN_POINT( '', ( -1.17500000000000, 2.85000000000000, 2.00000000000000 ) );
#3509 = VECTOR( '', #4198, 1000.00000000000 );
#3510 = CARTESIAN_POINT( '', ( -1.17500000000000, 2.90000000000000, 1.80000000000000 ) );
#3511 = AXIS2_PLACEMENT_3D( '', #4199, #4200, #4201 );
#3512 = CARTESIAN_POINT( '', ( -1.17500000000000, 2.90000000000000, 1.15000000000000 ) );
#3513 = CARTESIAN_POINT( '', ( -1.17500000000000, 2.90000000000000, 1.80000000000000 ) );
#3514 = VECTOR( '', #4202, 1000.00000000000 );
#3515 = CARTESIAN_POINT( '', ( -1.17500000000000, 3.04999999999994, 1.14999999999998 ) );
#3516 = CARTESIAN_POINT( '', ( -1.17500000000000, 2.84999999999992, 1.15000000000000 ) );
#3517 = VECTOR( '', #4203, 1000.00000000000 );
#3518 = CARTESIAN_POINT( '', ( -1.17500000000000, 3.04999999999994, 1.14999999999998 ) );
#3519 = VECTOR( '', #4204, 1000.00000000000 );
#3520 = COLOUR_RGB( '', 0.689999997615814, 0.769999980926514, 0.870000004768372 );
#3521 = CARTESIAN_POINT( '', ( 3.65000000000000, 0.350000000000000, 0.150000000000000 ) );
#3522 = CARTESIAN_POINT( '', ( 3.55000000000000, 0.350000000000000, 0.150000000000000 ) );
#3523 = CARTESIAN_POINT( '', ( 3.55000000000000, 0.350000000000000, 0.150000000000000 ) );
#3524 = VECTOR( '', #4205, 1000.00000000000 );
#3525 = CARTESIAN_POINT( '', ( 3.65000000000000, 0.350000000000000, 1.70761842166467E-015 ) );
#3526 = VECTOR( '', #4206, 1000.00000000000 );
#3527 = AXIS2_PLACEMENT_3D( '', #4207, #4208, #4209 );
#3528 = CARTESIAN_POINT( '', ( 3.50000000000000, 0.350000000000000, 1.00000000000000 ) );
#3529 = CARTESIAN_POINT( '', ( 9.63592107704941, 0.350000000000000, 1.00000000000000 ) );
#3530 = VECTOR( '', #4210, 1000.00000000000 );
#3531 = CARTESIAN_POINT( '', ( 3.50000000000000, 0.350000000000000, 0.200000000000000 ) );
#3532 = CARTESIAN_POINT( '', ( 3.50000000000000, 0.350000000000000, 1.80000000000000 ) );
#3533 = VECTOR( '', #4211, 1000.00000000000 );
#3534 = AXIS2_PLACEMENT_3D( '', #4212, #4213, #4214 );
#3535 = COLOUR_RGB( '', 0.689999997615814, 0.769999980926514, 0.870000004768372 );
#3536 = CARTESIAN_POINT( '', ( -1.17500000000000, 2.89999999999992, 0.950000000000000 ) );
#3537 = AXIS2_PLACEMENT_3D( '', #4215, #4216, #4217 );
#3538 = CARTESIAN_POINT( '', ( -1.17500000000000, 3.04999999999992, 0.949999999999980 ) );
#3539 = CARTESIAN_POINT( '', ( -1.17500000000000, 2.84999999999990, 0.950000000000000 ) );
#3540 = VECTOR( '', #4218, 1000.00000000000 );
#3541 = AXIS2_PLACEMENT_3D( '', #4219, #4220, #4221 );
#3542 = COLOUR_RGB( '', 0.689999997615814, 0.769999980926514, 0.870000004768372 );
#3543 = CARTESIAN_POINT( '', ( 1.17500000000000, -3.04999999999993, 1.14999999999998 ) );
#3544 = CARTESIAN_POINT( '', ( 1.17500000000000, -3.05000000000000, 1.80000000000000 ) );
#3545 = CARTESIAN_POINT( '', ( 1.17500000000000, -3.04999999999993, 1.14999999999998 ) );
#3546 = VECTOR( '', #4222, 1000.00000000000 );
#3547 = CARTESIAN_POINT( '', ( 1.17500000000000, -2.85000000000000, 2.00000000000000 ) );
#3548 = AXIS2_PLACEMENT_3D( '', #4223, #4224, #4225 );
#3549 = CARTESIAN_POINT( '', ( 1.17500000000000, -2.85000000000000, 1.85000000000000 ) );
#3550 = CARTESIAN_POINT( '', ( 1.17500000000000, -2.85000000000000, 2.00000000000000 ) );
#3551 = VECTOR( '', #4226, 1000.00000000000 );
#3552 = CARTESIAN_POINT( '', ( 1.17500000000000, -2.90000000000000, 1.80000000000000 ) );
#3553 = AXIS2_PLACEMENT_3D( '', #4227, #4228, #4229 );
#3554 = CARTESIAN_POINT( '', ( 1.17500000000000, -2.90000000000000, 1.15000000000000 ) );
#3555 = CARTESIAN_POINT( '', ( 1.17500000000000, -2.89999999999991, 0.850000000000000 ) );
#3556 = VECTOR( '', #4230, 1000.00000000000 );
#3557 = CARTESIAN_POINT( '', ( 1.17500000000000, -2.84999999999992, 1.15000000000000 ) );
#3558 = VECTOR( '', #4231, 1000.00000000000 );
#3559 = COLOUR_RGB( '', 0.689999997615814, 0.769999980926514, 0.870000004768372 );
#3560 = CARTESIAN_POINT( '', ( 3.50000000000000, 0.750000000000000, 1.00000000000000 ) );
#3561 = CARTESIAN_POINT( '', ( 9.63592107704941, 0.750000000000000, 1.00000000000000 ) );
#3562 = VECTOR( '', #4232, 1000.00000000000 );
#3563 = CARTESIAN_POINT( '', ( 3.50000000000000, 0.750000000000000, 1.00000000000000 ) );
#3564 = VECTOR( '', #4233, 1000.00000000000 );
#3565 = COLOUR_RGB( '', 0.689999997615814, 0.769999980926514, 0.870000004768372 );
#3566 = CARTESIAN_POINT( '', ( -2.92322464655423, -3.05058770717480, 0.842356354419136 ) );
#3567 = CARTESIAN_POINT( '', ( -2.92322464655423, -2.90235082869947, 0.819425417676599 ) );
#3568 = CARTESIAN_POINT( '', ( -2.92322464655423, -2.90235082869947, 0.819425417676599 ) );
#3569 = VECTOR( '', #4234, 1000.00000000000 );
#3570 = CARTESIAN_POINT( '', ( -2.85000000000000, -2.91354489362044, 0.747061464125546 ) );
#3571 = VECTOR( '', #4235, 1000.00000000000 );
#3572 = CARTESIAN_POINT( '', ( -2.85000000000000, -3.06178177209576, 0.769992400868097 ) );
#3573 = VECTOR( '', #4236, 1000.00000000000 );
#3574 = COLOUR_RGB( '', 0.689999997615814, 0.769999980926514, 0.870000004768372 );
#3575 = CARTESIAN_POINT( '', ( -3.10000000000000, -2.85000000000000, 1.85000000000000 ) );
#3576 = VECTOR( '', #4237, 1000.00000000000 );
#3577 = CARTESIAN_POINT( '', ( -3.10000000000000, -2.85000000000000, 2.00000000000000 ) );
#3578 = VECTOR( '', #4238, 1000.00000000000 );
#3579 = COLOUR_RGB( '', 0.689999997615814, 0.769999980926514, 0.870000004768372 );
#3580 = CARTESIAN_POINT( '', ( -3.10000000000000, -2.85000000000000, 2.00000000000000 ) );
#3581 = VECTOR( '', #4239, 1000.00000000000 );
#3582 = CARTESIAN_POINT( '', ( -3.10000000000000, 3.05000000000000, 1.80000000000000 ) );
#3583 = VECTOR( '', #4240, 1000.00000000000 );
#3584 = CARTESIAN_POINT( '', ( -3.10000000000000, 2.90000000000000, 1.80000000000000 ) );
#3585 = CARTESIAN_POINT( '', ( -3.10000000000000, 2.90000000000000, 1.80000000000000 ) );
#3586 = VECTOR( '', #4241, 1000.00000000000 );
#3587 = CARTESIAN_POINT( '', ( -3.10000000000000, 2.85000000000000, 1.85000000000000 ) );
#3588 = AXIS2_PLACEMENT_3D( '', #4242, #4243, #4244 );
#3589 = CARTESIAN_POINT( '', ( -3.10000000000000, -2.85000000000000, 1.85000000000000 ) );
#3590 = CARTESIAN_POINT( '', ( -3.10000000000000, -2.85000000000000, 1.85000000000000 ) );
#3591 = VECTOR( '', #4245, 1000.00000000000 );
#3592 = CARTESIAN_POINT( '', ( -3.10000000000000, -2.90000000000000, 1.80000000000000 ) );
#3593 = AXIS2_PLACEMENT_3D( '', #4246, #4247, #4248 );
#3594 = CARTESIAN_POINT( '', ( -3.10000000000000, -2.89999999999992, 1.01150462026063 ) );
#3595 = CARTESIAN_POINT( '', ( -3.10000000000000, -2.89999999999991, 0.850000000000000 ) );
#3596 = VECTOR( '', #4249, 1000.00000000000 );
#3597 = CARTESIAN_POINT( '', ( -3.10000000000000, -3.04999999999992, 1.01150462026062 ) );
#3598 = CARTESIAN_POINT( '', ( -3.10000000000000, 2.90235082869954, 1.01150462026118 ) );
#3599 = VECTOR( '', #4250, 1000.00000000000 );
#3600 = CARTESIAN_POINT( '', ( -3.10000000000000, -3.04999999999991, 0.849999999999986 ) );
#3601 = VECTOR( '', #4251, 1000.00000000000 );
#3602 = COLOUR_RGB( '', 0.689999997615814, 0.769999980926514, 0.870000004768372 );
#3603 = CARTESIAN_POINT( '', ( 2.93849537973937, 3.04999999999991, 0.849999999999986 ) );
#3604 = CARTESIAN_POINT( '', ( 2.93849537973937, 3.04999999999991, 0.849999999999987 ) );
#3605 = CARTESIAN_POINT( '', ( 2.93340513534432, 3.04999999999991, 0.847442080459235 ) );
#3606 = CARTESIAN_POINT( '', ( 2.92831489094928, 3.05019667295635, 0.844884184545071 ) );
#3607 = CARTESIAN_POINT( '', ( 2.92322464655423, 3.05058771074490, 0.842356331340298 ) );
#3608 = CARTESIAN_POINT( '', ( -3.10000000000000, 3.04999999999991, 0.849999999999986 ) );
#3609 = VECTOR( '', #4252, 1000.00000000000 );
#3610 = COLOUR_RGB( '', 0.689999997615814, 0.769999980926514, 0.870000004768372 );
#3611 = CARTESIAN_POINT( '', ( 2.93849537973937, 2.89999999999991, 0.850000000000000 ) );
#3612 = CARTESIAN_POINT( '', ( 2.93849537973937, 2.89999999999991, 0.850000000000000 ) );
#3613 = VECTOR( '', #4253, 1000.00000000000 );
#3614 = CARTESIAN_POINT( '', ( 2.93849537973937, 2.89999999999991, 0.850000000000001 ) );
#3615 = CARTESIAN_POINT( '', ( 2.93340513534433, 2.89999999999991, 0.839768352974781 ) );
#3616 = CARTESIAN_POINT( '', ( 2.92831489094928, 2.90078768158064, 0.829536806726024 ) );
#3617 = CARTESIAN_POINT( '', ( 2.92322464655424, 2.90235120478979, 0.819425381330221 ) );
#3618 = COLOUR_RGB( '', 0.689999997615814, 0.769999980926514, 0.870000004768372 );
#3619 = CARTESIAN_POINT( '', ( 1.17500000000000, 3.04999999999992, 0.949999999999980 ) );
#3620 = CARTESIAN_POINT( '', ( 1.17500000000000, 3.04999999999992, 0.949999999999980 ) );
#3621 = VECTOR( '', #4254, 1000.00000000000 );
#3622 = CARTESIAN_POINT( '', ( 1.17500000000000, 3.04999999999994, 1.14999999999998 ) );
#3623 = AXIS2_PLACEMENT_3D( '', #4255, #4256, #4257 );
#3624 = CARTESIAN_POINT( '', ( 1.17500000000000, 3.05000000000000, 1.80000000000000 ) );
#3625 = CARTESIAN_POINT( '', ( 1.17500000000000, 3.05000000000000, 2.00000000000000 ) );
#3626 = VECTOR( '', #4258, 1000.00000000000 );
#3627 = CARTESIAN_POINT( '', ( 3.10000000000000, 3.05000000000000, 1.80000000000000 ) );
#3628 = CARTESIAN_POINT( '', ( -3.10000000000000, 3.05000000000000, 1.80000000000000 ) );
#3629 = VECTOR( '', #4259, 1000.00000000000 );
#3630 = CARTESIAN_POINT( '', ( 3.10000000000000, 3.04999999999992, 1.01150462026062 ) );
#3631 = CARTESIAN_POINT( '', ( 3.10000000000000, 3.05000000000000, 1.80000000000000 ) );
#3632 = VECTOR( '', #4260, 1000.00000000000 );
#3633 = CARTESIAN_POINT( '', ( 0.394247689869685, 3.04999999999967, -1.69424768986970 ) );
#3634 = VECTOR( '', #4261, 1000.00000000000 );
#3635 = COLOUR_RGB( '', 0.689999997615814, 0.769999980926514, 0.870000004768372 );
#3636 = CARTESIAN_POINT( '', ( 3.10000000000000, 2.89999999999992, 1.01150462026063 ) );
#3637 = CARTESIAN_POINT( '', ( 0.394247689869685, 2.89999999999967, -1.69424768986969 ) );
#3638 = VECTOR( '', #4262, 1000.00000000000 );
#3639 = CARTESIAN_POINT( '', ( 3.10000000000000, 11.8305784317385, 1.01150462025978 ) );
#3640 = VECTOR( '', #4263, 1000.00000000000 );
#3641 = COLOUR_RGB( '', 0.689999997615814, 0.769999980926514, 0.870000004768372 );
#3642 = CARTESIAN_POINT( '', ( -3.10000000000000, 2.89999999999991, 0.850000000000000 ) );
#3643 = VECTOR( '', #4264, 1000.00000000000 );
#3644 = CARTESIAN_POINT( '', ( -3.10000000000000, 2.90235082869951, 0.819425417676616 ) );
#3645 = VECTOR( '', #4265, 1000.00000000000 );
#3646 = COLOUR_RGB( '', 0.689999997615814, 0.769999980926514, 0.870000004768372 );
#3647 = CARTESIAN_POINT( '', ( -3.10000000000000, 2.90000000000000, 1.80000000000000 ) );
#3648 = VECTOR( '', #4266, 1000.00000000000 );
#3649 = CARTESIAN_POINT( '', ( -3.10000000000000, 2.85000000000000, 1.85000000000000 ) );
#3650 = VECTOR( '', #4267, 1000.00000000000 );
#3651 = COLOUR_RGB( '', 0.689999997615814, 0.769999980926514, 0.870000004768372 );
#3652 = CARTESIAN_POINT( '', ( 2.92322464655423, -2.90235082869956, 0.819425417676596 ) );
#3653 = CARTESIAN_POINT( '', ( -3.10000000000000, -2.90235082869956, 0.819425417676612 ) );
#3654 = VECTOR( '', #4268, 1000.00000000000 );
#3655 = CARTESIAN_POINT( '', ( -0.250000000000000, -3.38745091963317, -2.31650069103123 ) );
#3656 = VECTOR( '', #4269, 1000.00000000000 );
#3657 = COLOUR_RGB( '', 0.689999997615814, 0.769999980926514, 0.870000004768372 );
#3658 = CARTESIAN_POINT( '', ( -3.01161232327712, 2.88883874720787, 0.906774172963864 ) );
#3659 = VECTOR( '', #4270, 1000.00000000000 );
#3660 = COLOUR_RGB( '', 0.689999997615814, 0.769999980926514, 0.870000004768372 );
#3661 = CARTESIAN_POINT( '', ( 3.10000000000000, 0.750000000000000, 2.00000000000000 ) );
#3662 = CARTESIAN_POINT( '', ( 3.10000000000000, 0.750000000000000, 1.85000000000000 ) );
#3663 = CARTESIAN_POINT( '', ( 3.10000000000000, 0.750000000000000, 2.00000000000000 ) );
#3664 = VECTOR( '', #4271, 1000.00000000000 );
#3665 = CARTESIAN_POINT( '', ( 3.10000000000000, -2.85000000000000, 1.85000000000000 ) );
#3666 = VECTOR( '', #4272, 1000.00000000000 );
#3667 = CARTESIAN_POINT( '', ( 3.10000000000000, 2.90000000000000, 1.80000000000000 ) );
#3668 = VECTOR( '', #4273, 1000.00000000000 );
#3669 = CARTESIAN_POINT( '', ( 3.10000000000000, 2.85000000000000, 2.00000000000000 ) );
#3670 = AXIS2_PLACEMENT_3D( '', #4274, #4275, #4276 );
#3671 = CARTESIAN_POINT( '', ( 3.10000000000000, -2.85000000000000, 2.00000000000000 ) );
#3672 = VECTOR( '', #4277, 1000.00000000000 );
#3673 = COLOUR_RGB( '', 0.689999997615814, 0.769999980926514, 0.870000004768372 );
#3674 = CARTESIAN_POINT( '', ( 3.10000000000000, 0.750000000000000, 1.85000000000000 ) );
#3675 = VECTOR( '', #4278, 1000.00000000000 );
#3676 = CARTESIAN_POINT( '', ( 3.30000000000000, 0.750000000000000, 2.00000000000000 ) );
#3677 = CARTESIAN_POINT( '', ( 3.10000000000000, 0.750000000000000, 2.00000000000000 ) );
#3678 = VECTOR( '', #4279, 1000.00000000000 );
#3679 = CARTESIAN_POINT( '', ( 3.50000000000000, 0.750000000000000, 1.80000000000000 ) );
#3680 = AXIS2_PLACEMENT_3D( '', #4280, #4281, #4282 );
#3681 = CARTESIAN_POINT( '', ( 3.50000000000000, 0.750000000000000, 1.80000000000000 ) );
#3682 = VECTOR( '', #4283, 1000.00000000000 );
#3683 = COLOUR_RGB( '', 0.689999997615814, 0.769999980926514, 0.870000004768372 );
#3684 = AXIS2_PLACEMENT_3D( '', #4284, #4285, #4286 );
#3685 = COLOUR_RGB( '', 0.689999997615814, 0.769999980926514, 0.870000004768372 );
#3686 = CARTESIAN_POINT( '', ( -2.93849537973937, -3.04999999999991, 0.849999999999986 ) );
#3687 = CARTESIAN_POINT( '', ( -2.93849537973937, -3.04999999999991, 0.849999999999987 ) );
#3688 = CARTESIAN_POINT( '', ( -2.93340513534432, -3.04999999999991, 0.847442080459235 ) );
#3689 = CARTESIAN_POINT( '', ( -2.92831489094928, -3.05019667295635, 0.844884184545070 ) );
#3690 = CARTESIAN_POINT( '', ( -2.92322464655423, -3.05058771074490, 0.842356331340296 ) );
#3691 = CARTESIAN_POINT( '', ( -2.93849537973937, -2.89999999999991, 0.850000000000000 ) );
#3692 = CARTESIAN_POINT( '', ( -2.93849537973937, -2.89999999999991, 0.850000000000000 ) );
#3693 = VECTOR( '', #4287, 1000.00000000000 );
#3694 = CARTESIAN_POINT( '', ( -2.93849537973937, -2.89999999999991, 0.850000000000008 ) );
#3695 = CARTESIAN_POINT( '', ( -2.93340513534432, -2.89999999999991, 0.839768352974785 ) );
#3696 = CARTESIAN_POINT( '', ( -2.92831489094928, -2.90078768158064, 0.829536806726022 ) );
#3697 = CARTESIAN_POINT( '', ( -2.92322464655423, -2.90235120478979, 0.819425381330213 ) );
#3698 = COLOUR_RGB( '', 0.689999997615814, 0.769999980926514, 0.870000004768372 );
#3699 = CARTESIAN_POINT( '', ( -3.01924768986968, -2.89999999999992, 0.930752310130316 ) );
#3700 = VECTOR( '', #4288, 1000.00000000000 );
#3701 = CARTESIAN_POINT( '', ( -3.01924768986968, -3.04999999999991, 0.930752310130302 ) );
#3702 = VECTOR( '', #4289, 1000.00000000000 );
#3703 = COLOUR_RGB( '', 0.689999997615814, 0.769999980926514, 0.870000004768372 );
#3704 = CARTESIAN_POINT( '', ( 3.10000000000000, -2.90000000000000, 1.80000000000000 ) );
#3705 = CARTESIAN_POINT( '', ( -3.10000000000000, -2.90000000000000, 1.80000000000000 ) );
#3706 = VECTOR( '', #4290, 1000.00000000000 );
#3707 = CARTESIAN_POINT( '', ( 3.10000000000000, -2.85000000000000, 1.85000000000000 ) );
#3708 = CARTESIAN_POINT( '', ( -3.10000000000000, -2.85000000000000, 1.85000000000000 ) );
#3709 = VECTOR( '', #4291, 1000.00000000000 );
#3710 = AXIS2_PLACEMENT_3D( '', #4292, #4293, #4294 );
#3711 = COLOUR_RGB( '', 0.689999997615814, 0.769999980926514, 0.870000004768372 );
#3712 = CARTESIAN_POINT( '', ( 1.17500000000000, -2.89999999999992, 0.950000000000000 ) );
#3713 = AXIS2_PLACEMENT_3D( '', #4295, #4296, #4297 );
#3714 = CARTESIAN_POINT( '', ( 1.17500000000000, -3.04999999999992, 0.949999999999981 ) );
#3715 = CARTESIAN_POINT( '', ( 1.17500000000000, -2.84999999999990, 0.950000000000000 ) );
#3716 = VECTOR( '', #4298, 1000.00000000000 );
#3717 = AXIS2_PLACEMENT_3D( '', #4299, #4300, #4301 );
#3718 = COLOUR_RGB( '', 0.689999997615814, 0.769999980926514, 0.870000004768372 );
#3719 = CARTESIAN_POINT( '', ( 3.50000000000000, 0.750000000000000, 0.200000000000000 ) );
#3720 = VECTOR( '', #4302, 1000.00000000000 );
#3721 = CARTESIAN_POINT( '', ( 3.50000000000000, -0.750000000000000, 1.80000000000000 ) );
#3722 = CARTESIAN_POINT( '', ( 3.50000000000000, 0.750000000000000, 1.80000000000000 ) );
#3723 = VECTOR( '', #4303, 1000.00000000000 );
#3724 = CARTESIAN_POINT( '', ( 3.50000000000000, -0.750000000000000, 1.80000000000000 ) );
#3725 = VECTOR( '', #4304, 1000.00000000000 );
#3726 = COLOUR_RGB( '', 0.689999997615814, 0.769999980926514, 0.870000004768372 );
#3727 = CARTESIAN_POINT( '', ( 3.55000000000000, 0.750000000000000, 0.150000000000000 ) );
#3728 = VECTOR( '', #4305, 1000.00000000000 );
#3729 = COLOUR_RGB( '', 0.689999997615814, 0.769999980926514, 0.870000004768372 );
#3730 = CARTESIAN_POINT( '', ( 1.17500000000000, 2.89999999999992, 0.950000000000000 ) );
#3731 = CARTESIAN_POINT( '', ( -3.10000000000000, 2.89999999999992, 0.950000000000000 ) );
#3732 = VECTOR( '', #4306, 1000.00000000000 );
#3733 = CARTESIAN_POINT( '', ( 1.17500000000000, 2.84999999999990, 0.950000000000000 ) );
#3734 = VECTOR( '', #4307, 1000.00000000000 );
#3735 = COLOUR_RGB( '', 0.689999997615814, 0.769999980926514, 0.870000004768372 );
#3736 = CARTESIAN_POINT( '', ( 3.10000000000000, -3.05000000000000, 1.80000000000000 ) );
#3737 = CARTESIAN_POINT( '', ( -3.10000000000000, -3.05000000000000, 1.80000000000000 ) );
#3738 = VECTOR( '', #4308, 1000.00000000000 );
#3739 = CARTESIAN_POINT( '', ( 3.10000000000000, -2.85000000000000, 2.00000000000000 ) );
#3740 = AXIS2_PLACEMENT_3D( '', #4309, #4310, #4311 );
#3741 = CARTESIAN_POINT( '', ( 1.17500000000000, -2.85000000000000, 2.00000000000000 ) );
#3742 = VECTOR( '', #4312, 1000.00000000000 );
#3743 = COLOUR_RGB( '', 0.689999997615814, 0.769999980926514, 0.870000004768372 );
#3744 = CARTESIAN_POINT( '', ( -3.10000000000000, -2.90000000000000, 1.80000000000000 ) );
#3745 = VECTOR( '', #4313, 1000.00000000000 );
#3746 = CARTESIAN_POINT( '', ( -3.10000000000000, -2.89999999999992, 0.950000000000000 ) );
#3747 = VECTOR( '', #4314, 1000.00000000000 );
#3748 = CARTESIAN_POINT( '', ( 3.10000000000000, -2.89999999999992, 1.01150462026063 ) );
#3749 = CARTESIAN_POINT( '', ( 3.10000000000000, -2.89999999999991, 0.850000000000000 ) );
#3750 = VECTOR( '', #4315, 1000.00000000000 );
#3751 = CARTESIAN_POINT( '', ( 2.93849537973937, -2.89999999999991, 0.850000000000000 ) );
#3752 = CARTESIAN_POINT( '', ( -0.0807523101303142, -2.89999999999962, -2.16924768986968 ) );
#3753 = VECTOR( '', #4316, 1000.00000000000 );
#3754 = CARTESIAN_POINT( '', ( -3.10000000000000, -2.89999999999991, 0.850000000000000 ) );
#3755 = VECTOR( '', #4317, 1000.00000000000 );
#3756 = COLOUR_RGB( '', 0.689999997615814, 0.769999980926514, 0.870000004768372 );
#3757 = CARTESIAN_POINT( '', ( 3.10000000000000, -0.750000000000000, 2.00000000000000 ) );
#3758 = CARTESIAN_POINT( '', ( 3.10000000000000, -0.750000000000000, 1.85000000000000 ) );
#3759 = CARTESIAN_POINT( '', ( 3.10000000000000, -0.750000000000000, 2.00000000000000 ) );
#3760 = VECTOR( '', #4318, 1000.00000000000 );
#3761 = CARTESIAN_POINT( '', ( 3.10000000000000, -2.85000000000000, 2.00000000000000 ) );
#3762 = VECTOR( '', #4319, 1000.00000000000 );
#3763 = CARTESIAN_POINT( '', ( 3.10000000000000, -3.04999999999992, 1.01150462026062 ) );
#3764 = CARTESIAN_POINT( '', ( 3.10000000000000, -3.04999999999991, 0.849999999999986 ) );
#3765 = VECTOR( '', #4320, 1000.00000000000 );
#3766 = CARTESIAN_POINT( '', ( 3.10000000000000, -11.8305784317385, 1.01150462025978 ) );
#3767 = VECTOR( '', #4321, 1000.00000000000 );
#3768 = CARTESIAN_POINT( '', ( 3.10000000000000, -2.85000000000000, 1.85000000000000 ) );
#3769 = VECTOR( '', #4322, 1000.00000000000 );
#3770 = COLOUR_RGB( '', 0.689999997615814, 0.769999980926514, 0.870000004768372 );
#3771 = CARTESIAN_POINT( '', ( -1.57500000000000, 0.000000000000000, 2.00000000000000 ) );
#3772 = AXIS2_PLACEMENT_3D( '', #4323, #4324, #4325 );
#3773 = CARTESIAN_POINT( '', ( -1.57500000000000, 0.000000000000000, 1.85000000000000 ) );
#3774 = AXIS2_PLACEMENT_3D( '', #4326, #4327, #4328 );
#3775 = COLOUR_RGB( '', 0.689999997615814, 0.769999980926514, 0.870000004768372 );
#3776 = CARTESIAN_POINT( '', ( 2.93849537973937, -2.89999999999991, 0.850000000000001 ) );
#3777 = CARTESIAN_POINT( '', ( 2.93340513534432, -2.89999999999991, 0.839768321836992 ) );
#3778 = CARTESIAN_POINT( '', ( 2.92831489094928, -2.90078669182565, 0.829536738180332 ) );
#3779 = CARTESIAN_POINT( '', ( 2.92322464655423, -2.90235084297986, 0.819425325361237 ) );
#3780 = COLOUR_RGB( '', 0.689999997615814, 0.769999980926514, 0.870000004768372 );
#3781 = CARTESIAN_POINT( '', ( 1.17500000000000, 2.89999999999992, 1.15000000000000 ) );
#3782 = CARTESIAN_POINT( '', ( 1.17500000000000, 2.90000000000000, 1.80000000000000 ) );
#3783 = VECTOR( '', #4329, 1000.00000000000 );
#3784 = AXIS2_PLACEMENT_3D( '', #4330, #4331, #4332 );
#3785 = COLOUR_RGB( '', 0.689999997615814, 0.769999980926514, 0.870000004768372 );
#3786 = CARTESIAN_POINT( '', ( 3.30000000000000, -0.750000000000000, 2.00000000000000 ) );
#3787 = CARTESIAN_POINT( '', ( 3.10000000000000, -0.750000000000000, 2.00000000000000 ) );
#3788 = VECTOR( '', #4333, 1000.00000000000 );
#3789 = CARTESIAN_POINT( '', ( 3.30000000000000, 0.750000000000000, 2.00000000000000 ) );
#3790 = VECTOR( '', #4334, 1000.00000000000 );
#3791 = CARTESIAN_POINT( '', ( 1.17500000000000, 2.85000000000000, 2.00000000000000 ) );
#3792 = CARTESIAN_POINT( '', ( 3.10000000000000, 2.85000000000000, 2.00000000000000 ) );
#3793 = VECTOR( '', #4335, 1000.00000000000 );
#3794 = CARTESIAN_POINT( '', ( -3.10000000000000, 2.85000000000000, 2.00000000000000 ) );
#3795 = VECTOR( '', #4336, 1000.00000000000 );
#3796 = COLOUR_RGB( '', 0.689999997615814, 0.769999980926514, 0.870000004768372 );
#3797 = AXIS2_PLACEMENT_3D( '', #4337, #4338, #4339 );
#3798 = CARTESIAN_POINT( '', ( 3.10000000000000, -0.750000000000000, 1.85000000000000 ) );
#3799 = VECTOR( '', #4340, 1000.00000000000 );
#3800 = COLOUR_RGB( '', 0.689999997615814, 0.769999980926514, 0.870000004768372 );
#3801 = CARTESIAN_POINT( '', ( -3.10000000000000, -2.85000000000000, 1.85000000000000 ) );
#3802 = VECTOR( '', #4341, 1000.00000000000 );
#3803 = COLOUR_RGB( '', 0.689999997615814, 0.769999980926514, 0.870000004768372 );
#3804 = CARTESIAN_POINT( '', ( 2.93849537973937, -3.04999999999991, 0.849999999999986 ) );
#3805 = CARTESIAN_POINT( '', ( 2.93849537973937, -2.89999999999991, 0.850000000000000 ) );
#3806 = VECTOR( '', #4342, 1000.00000000000 );
#3807 = CARTESIAN_POINT( '', ( 2.92322464655423, -3.05058770717480, 0.842356354419136 ) );
#3808 = CARTESIAN_POINT( '', ( 2.93849537973937, -3.04999999999991, 0.849999999999986 ) );
#3809 = CARTESIAN_POINT( '', ( 2.93340517444617, -3.04999999999991, 0.847442107892850 ) );
#3810 = CARTESIAN_POINT( '', ( 2.92831483474378, -3.05019765958830, 0.844884273234590 ) );
#3811 = CARTESIAN_POINT( '', ( 2.92322464655422, -3.05058807255483, 0.842356387309265 ) );
#3812 = CARTESIAN_POINT( '', ( 2.92322464655423, -2.90235082869947, 0.819425417676599 ) );
#3813 = VECTOR( '', #4343, 1000.00000000000 );
#3814 = COLOUR_RGB( '', 0.689999997615814, 0.769999980926514, 0.870000004768372 );
#3815 = CARTESIAN_POINT( '', ( 1.17500000000000, 2.85000000000000, 2.00000000000000 ) );
#3816 = VECTOR( '', #4344, 1000.00000000000 );
#3817 = AXIS2_PLACEMENT_3D( '', #4345, #4346, #4347 );
#3818 = CARTESIAN_POINT( '', ( 1.17500000000000, 2.84999999999992, 1.15000000000000 ) );
#3819 = VECTOR( '', #4348, 1000.00000000000 );
#3820 = COLOUR_RGB( '', 0.689999997615814, 0.769999980926514, 0.870000004768372 );
#3821 = CARTESIAN_POINT( '', ( -0.0807523101303142, -3.04999999999962, -2.16924768986970 ) );
#3822 = VECTOR( '', #4349, 1000.00000000000 );
#3823 = COLOUR_RGB( '', 0.689999997615814, 0.769999980926514, 0.870000004768372 );
#3824 = COLOUR_RGB( '', 0.689999997615814, 0.769999980926514, 0.870000004768372 );
#3825 = CARTESIAN_POINT( '', ( -3.10000000000000, -3.05058770717489, 0.842356354419163 ) );
#3826 = VECTOR( '', #4350, 1000.00000000000 );
#3827 = CARTESIAN_POINT( '', ( -0.250000000000000, -3.53568779810849, -2.29356975428868 ) );
#3828 = VECTOR( '', #4351, 1000.00000000000 );
#3829 = COLOUR_RGB( '', 0.689999997615814, 0.769999980926514, 0.870000004768372 );
#3830 = CARTESIAN_POINT( '', ( -3.10000000000000, -3.04999999999991, 0.850000000000000 ) );
#3831 = VECTOR( '', #4352, 1000.00000000000 );
#3832 = COLOUR_RGB( '', 0.689999997615814, 0.769999980926514, 0.870000004768372 );
#3833 = COLOUR_RGB( '', 0.689999997615814, 0.769999980926514, 0.870000004768372 );
#3834 = CARTESIAN_POINT( '', ( -3.10000000000000, 2.85000000000000, 1.85000000000000 ) );
#3835 = VECTOR( '', #4353, 1000.00000000000 );
#3836 = COLOUR_RGB( '', 0.689999997615814, 0.769999980926514, 0.870000004768372 );
#3837 = COLOUR_RGB( '', 0.689999997615814, 0.769999980926514, 0.870000004768372 );
#3838 = COLOUR_RGB( '', 0.689999997615814, 0.769999980926514, 0.870000004768372 );
#3839 = COLOUR_RGB( '', 0.689999997615814, 0.769999980926514, 0.870000004768372 );
#3840 = COLOUR_RGB( '', 0.689999997615814, 0.769999980926514, 0.870000004768372 );
#3841 = CARTESIAN_POINT( '', ( -1.17500000000000, -3.04999999999992, 0.949999999999981 ) );
#3842 = VECTOR( '', #4354, 1000.00000000000 );
#3843 = COLOUR_RGB( '', 0.689999997615814, 0.769999980926514, 0.870000004768372 );
#3844 = COLOUR_RGB( '', 0.689999997615814, 0.769999980926514, 0.870000004768372 );
#3845 = COLOUR_RGB( '', 0.689999997615814, 0.769999980926514, 0.870000004768372 );
#3846 = EDGE_CURVE( '', #4355, #4356, #4357, .T. );
#3847 = EDGE_CURVE( '', #4355, #4358, #4359, .F. );
#3848 = EDGE_CURVE( '', #4358, #4360, #4361, .T. );
#3849 = EDGE_CURVE( '', #4360, #4356, #4362, .T. );
#3850 = EDGE_CURVE( '', #4363, #4363, #4364, .F. );
#3851 = EDGE_CURVE( '', #4365, #4365, #4366, .T. );
#3852 = EDGE_CURVE( '', #4367, #4368, #4369, .T. );
#3853 = EDGE_CURVE( '', #4368, #4370, #4371, .T. );
#3854 = EDGE_CURVE( '', #4372, #4370, #4373, .T. );
#3855 = EDGE_CURVE( '', #4372, #4355, #4374, .F. );
#3856 = EDGE_CURVE( '', #4356, #4367, #4375, .T. );
#3857 = EDGE_CURVE( '', #4376, #4372, #4377, .F. );
#3858 = EDGE_CURVE( '', #4378, #4376, #4379, .T. );
#3859 = EDGE_CURVE( '', #4380, #4378, #4381, .T. );
#3860 = EDGE_CURVE( '', #4380, #4358, #4382, .F. );
#3861 = EDGE_CURVE( '', #4370, #4383, #4384, .T. );
#3862 = EDGE_CURVE( '', #4376, #4383, #4385, .T. );
#3863 = EDGE_CURVE( '', #4386, #4370, #4387, .F. );
#3864 = EDGE_CURVE( '', #4388, #4386, #4389, .F. );
#3865 = EDGE_CURVE( '', #4383, #4388, #4390, .T. );
#3866 = EDGE_CURVE( '', #4391, #4378, #4392, .T. );
#3867 = EDGE_CURVE( '', #4393, #4388, #4394, .T. );
#3868 = EDGE_CURVE( '', #4393, #4395, #4396, .T. );
#3869 = EDGE_CURVE( '', #4395, #4397, #4398, .T. );
#3870 = EDGE_CURVE( '', #4397, #4399, #4400, .T. );
#3871 = EDGE_CURVE( '', #4399, #4401, #4402, .T. );
#3872 = EDGE_CURVE( '', #4401, #4391, #4403, .T. );
#3873 = EDGE_CURVE( '', #4386, #4404, #4405, .T. );
#3874 = EDGE_CURVE( '', #4404, #4406, #4407, .T. );
#3875 = EDGE_CURVE( '', #4393, #4406, #4408, .T. );
#3876 = EDGE_CURVE( '', #4406, #4409, #4410, .T. );
#3877 = EDGE_CURVE( '', #4411, #4404, #4412, .T. );
#3878 = EDGE_CURVE( '', #4413, #4411, #4414, .T. );
#3879 = EDGE_CURVE( '', #4409, #4413, #4415, .T. );
#3880 = EDGE_CURVE( '', #4416, #4368, #4417, .T. );
#3881 = EDGE_CURVE( '', #4416, #4418, #4419, .T. );
#3882 = EDGE_CURVE( '', #4418, #4420, #4421, .F. );
#3883 = EDGE_CURVE( '', #4422, #4420, #4423, .T. );
#3884 = EDGE_CURVE( '', #4424, #4422, #4425, .T. );
#3885 = EDGE_CURVE( '', #4424, #4426, #4427, .T. );
#3886 = EDGE_CURVE( '', #4426, #4428, #4429, .T. );
#3887 = EDGE_CURVE( '', #4411, #4428, #4430, .T. );
#3888 = EDGE_CURVE( '', #4431, #4432, #4433, .T. );
#3889 = EDGE_CURVE( '', #4431, #4413, #4434, .T. );
#3890 = EDGE_CURVE( '', #4428, #4435, #4436, .T. );
#3891 = EDGE_CURVE( '', #4437, #4435, #4438, .T. );
#3892 = EDGE_CURVE( '', #4437, #4439, #4440, .T. );
#3893 = EDGE_CURVE( '', #4439, #4441, #4442, .T. );
#3894 = EDGE_CURVE( '', #4441, #4443, #4444, .T. );
#3895 = EDGE_CURVE( '', #4445, #4443, #4446, .T. );
#3896 = EDGE_CURVE( '', #4447, #4445, #4448, .T. );
#3897 = EDGE_CURVE( '', #4447, #4449, #4450, .T. );
#3898 = EDGE_CURVE( '', #4449, #4451, #4452, .T. );
#3899 = EDGE_CURVE( '', #4453, #4451, #4454, .T. );
#3900 = EDGE_CURVE( '', #4455, #4453, #4456, .T. );
#3901 = EDGE_CURVE( '', #4432, #4455, #4457, .T. );
#3902 = EDGE_CURVE( '', #4458, #4459, #4460, .T. );
#3903 = EDGE_CURVE( '', #4443, #4458, #4461, .T. );
#3904 = EDGE_CURVE( '', #4441, #4462, #4463, .T. );
#3905 = EDGE_CURVE( '', #4462, #4464, #4465, .T. );
#3906 = EDGE_CURVE( '', #4464, #4435, #4466, .T. );
#3907 = EDGE_CURVE( '', #4467, #4426, #4468, .T. );
#3908 = EDGE_CURVE( '', #4469, #4467, #4470, .T. );
#3909 = EDGE_CURVE( '', #4471, #4469, #4472, .T. );
#3910 = EDGE_CURVE( '', #4473, #4471, #4474, .T. );
#3911 = EDGE_CURVE( '', #4475, #4473, #4476, .T. );
#3912 = EDGE_CURVE( '', #4475, #4477, #4478, .T. );
#3913 = EDGE_CURVE( '', #4477, #4479, #4480, .T. );
#3914 = EDGE_CURVE( '', #4479, #4481, #4482, .T. );
#3915 = EDGE_CURVE( '', #4483, #4481, #4484, .T. );
#3916 = EDGE_CURVE( '', #4451, #4483, #4485, .T. );
#3917 = EDGE_CURVE( '', #4459, #4449, #4486, .T. );
#3918 = EDGE_CURVE( '', #4487, #4464, #4488, .T. );
#3919 = EDGE_CURVE( '', #4487, #4437, #4489, .T. );
#3920 = EDGE_CURVE( '', #4490, #4487, #4491, .T. );
#3921 = EDGE_CURVE( '', #4439, #4490, #4492, .T. );
#3922 = EDGE_CURVE( '', #4493, #4494, #4495, .F. );
#3923 = EDGE_CURVE( '', #4496, #4493, #4497, .T. );
#3924 = EDGE_CURVE( '', #4498, #4496, #4499, .T. );
#3925 = EDGE_CURVE( '', #4494, #4498, #4500, .T. );
#3926 = EDGE_CURVE( '', #4490, #4462, #4501, .T. );
#3927 = EDGE_CURVE( '', #4502, #4503, #4504, .T. );
#3928 = EDGE_CURVE( '', #4502, #4505, #4506, .T. );
#3929 = EDGE_CURVE( '', #4505, #4507, #4508, .T. );
#3930 = EDGE_CURVE( '', #4507, #4509, #4510, .F. );
#3931 = EDGE_CURVE( '', #4509, #4511, #4512, .T. );
#3932 = EDGE_CURVE( '', #4453, #4511, #4513, .T. );
#3933 = EDGE_CURVE( '', #4514, #4483, #4515, .T. );
#3934 = EDGE_CURVE( '', #4514, #4516, #4517, .T. );
#3935 = EDGE_CURVE( '', #4518, #4516, #4519, .T. );
#3936 = EDGE_CURVE( '', #4518, #4503, #4520, .F. );
#3937 = EDGE_CURVE( '', #4521, #4522, #4523, .T. );
#3938 = EDGE_CURVE( '', #4524, #4521, #4525, .T. );
#3939 = EDGE_CURVE( '', #4524, #4526, #4527, .T. );
#3940 = EDGE_CURVE( '', #4526, #4514, #4528, .T. );
#3941 = EDGE_CURVE( '', #4529, #4481, #4530, .T. );
#3942 = EDGE_CURVE( '', #4529, #4531, #4532, .T. );
#3943 = EDGE_CURVE( '', #4531, #4475, #4533, .T. );
#3944 = EDGE_CURVE( '', #4534, #4473, #4535, .T. );
#3945 = EDGE_CURVE( '', #4536, #4534, #4537, .T. );
#3946 = EDGE_CURVE( '', #4536, #4467, #4538, .T. );
#3947 = EDGE_CURVE( '', #4522, #4424, #4539, .T. );
#3948 = EDGE_CURVE( '', #4540, #4541, #4542, .T. );
#3949 = EDGE_CURVE( '', #4516, #4540, #4543, .T. );
#3950 = EDGE_CURVE( '', #4541, #4526, #4544, .T. );
#3951 = EDGE_CURVE( '', #4503, #4545, #4546, .T. );
#3952 = EDGE_CURVE( '', #4547, #4518, #4548, .F. );
#3953 = EDGE_CURVE( '', #4545, #4547, #4549, .T. );
#3954 = EDGE_CURVE( '', #4550, #4551, #4552, .F. );
#3955 = EDGE_CURVE( '', #4551, #4503, #4553, .T. );
#3956 = EDGE_CURVE( '', #4550, #4545, #4554, .T. );
#3957 = EDGE_CURVE( '', #4391, #4418, #4555, .F. );
#3958 = EDGE_CURVE( '', #4380, #4418, #4556, .T. );
#3959 = EDGE_CURVE( '', #4420, #4401, #4557, .T. );
#3960 = EDGE_CURVE( '', #4399, #4558, #4559, .T. );
#3961 = EDGE_CURVE( '', #4422, #4558, #4560, .T. );
#3962 = EDGE_CURVE( '', #4558, #4561, #4562, .T. );
#3963 = EDGE_CURVE( '', #4561, #4522, #4563, .T. );
#3964 = EDGE_CURVE( '', #4564, #4471, #4565, .T. );
#3965 = EDGE_CURVE( '', #4534, #4564, #4566, .T. );
#3966 = EDGE_CURVE( '', #4567, #4568, #4569, .F. );
#3967 = EDGE_CURVE( '', #4570, #4567, #4571, .T. );
#3968 = EDGE_CURVE( '', #4572, #4570, #4573, .T. );
#3969 = EDGE_CURVE( '', #4568, #4572, #4574, .T. );
#3970 = EDGE_CURVE( '', #4564, #4575, #4576, .T. );
#3971 = EDGE_CURVE( '', #4575, #4536, #4577, .T. );
#3972 = EDGE_CURVE( '', #4575, #4469, #4578, .T. );
#3973 = EDGE_CURVE( '', #4579, #4479, #4580, .T. );
#3974 = EDGE_CURVE( '', #4579, #4529, #4581, .T. );
#3975 = EDGE_CURVE( '', #4360, #4582, #4583, .T. );
#3976 = EDGE_CURVE( '', #4582, #4367, #4584, .T. );
#3977 = EDGE_CURVE( '', #4582, #4416, #4585, .T. );
#3978 = EDGE_CURVE( '', #4586, #4587, #4588, .T. );
#3979 = EDGE_CURVE( '', #4587, #4589, #4590, .T. );
#3980 = EDGE_CURVE( '', #4589, #4591, #4592, .T. );
#3981 = EDGE_CURVE( '', #4591, #4593, #4594, .T. );
#3982 = EDGE_CURVE( '', #4593, #4595, #4596, .T. );
#3983 = EDGE_CURVE( '', #4595, #4597, #4598, .T. );
#3984 = EDGE_CURVE( '', #4597, #4599, #4600, .T. );
#3985 = EDGE_CURVE( '', #4599, #4586, #4601, .T. );
#3986 = EDGE_CURVE( '', #4602, #4602, #4603, .F. );
#3987 = EDGE_CURVE( '', #4551, #4604, #4605, .F. );
#3988 = EDGE_CURVE( '', #4606, #4550, #4607, .F. );
#3989 = EDGE_CURVE( '', #4608, #4606, #4609, .T. );
#3990 = EDGE_CURVE( '', #4608, #4610, #4611, .F. );
#3991 = EDGE_CURVE( '', #4604, #4610, #4612, .T. );
#3992 = EDGE_CURVE( '', #4395, #4586, #4613, .T. );
#3993 = EDGE_CURVE( '', #4397, #4599, #4614, .T. );
#3994 = EDGE_CURVE( '', #4615, #4591, #4616, .T. );
#3995 = EDGE_CURVE( '', #4617, #4589, #4618, .T. );
#3996 = EDGE_CURVE( '', #4619, #4617, #4620, .T. );
#3997 = EDGE_CURVE( '', #4621, #4619, #4622, .T. );
#3998 = EDGE_CURVE( '', #4623, #4621, #4624, .T. );
#3999 = EDGE_CURVE( '', #4625, #4623, #4626, .T. );
#4000 = EDGE_CURVE( '', #4615, #4625, #4627, .T. );
#4001 = EDGE_CURVE( '', #4628, #4597, #4629, .T. );
#4002 = EDGE_CURVE( '', #4630, #4595, #4631, .T. );
#4003 = EDGE_CURVE( '', #4628, #4630, #4632, .T. );
#4004 = EDGE_CURVE( '', #4633, #4628, #4634, .T. );
#4005 = EDGE_CURVE( '', #4561, #4633, #4635, .T. );
#4006 = EDGE_CURVE( '', #4636, #4587, #4637, .T. );
#4007 = EDGE_CURVE( '', #4409, #4638, #4639, .T. );
#4008 = EDGE_CURVE( '', #4636, #4638, #4640, .T. );
#4009 = EDGE_CURVE( '', #4641, #4593, #4642, .T. );
#4010 = EDGE_CURVE( '', #4643, #4641, #4644, .T. );
#4011 = EDGE_CURVE( '', #4643, #4540, #4645, .T. );
#4012 = EDGE_CURVE( '', #4541, #4646, #4647, .T. );
#4013 = EDGE_CURVE( '', #4630, #4646, #4648, .T. );
#4014 = EDGE_CURVE( '', #4641, #4615, #4649, .T. );
#4015 = EDGE_CURVE( '', #4617, #4636, #4650, .T. );
#4016 = EDGE_CURVE( '', #4651, #4652, #4653, .F. );
#4017 = EDGE_CURVE( '', #4654, #4652, #4655, .T. );
#4018 = EDGE_CURVE( '', #4656, #4654, #4657, .F. );
#4019 = EDGE_CURVE( '', #4656, #4651, #4658, .T. );
#4020 = EDGE_CURVE( '', #4654, #4659, #4660, .F. );
#4021 = EDGE_CURVE( '', #4659, #4661, #4662, .F. );
#4022 = EDGE_CURVE( '', #4661, #4656, #4663, .F. );
#4023 = EDGE_CURVE( '', #4431, #4638, #4664, .T. );
#4024 = EDGE_CURVE( '', #4521, #4633, #4665, .T. );
#4025 = EDGE_CURVE( '', #4524, #4646, #4666, .T. );
#4026 = EDGE_CURVE( '', #4643, #4547, #4667, .T. );
#4027 = EDGE_CURVE( '', #4511, #4623, #4668, .T. );
#4028 = EDGE_CURVE( '', #4621, #4455, #4669, .T. );
#4029 = EDGE_CURVE( '', #4432, #4619, #4670, .T. );
#4030 = EDGE_CURVE( '', #4509, #4671, #4672, .T. );
#4031 = EDGE_CURVE( '', #4625, #4671, #4673, .T. );
#4032 = EDGE_CURVE( '', #4652, #4674, #4675, .T. );
#4033 = EDGE_CURVE( '', #4674, #4676, #4677, .T. );
#4034 = EDGE_CURVE( '', #4678, #4676, #4679, .T. );
#4035 = EDGE_CURVE( '', #4659, #4678, #4680, .T. );
#4036 = EDGE_CURVE( '', #4681, #4682, #4683, .T. );
#4037 = EDGE_CURVE( '', #4682, #4684, #4685, .T. );
#4038 = EDGE_CURVE( '', #4651, #4684, #4686, .T. );
#4039 = EDGE_CURVE( '', #4661, #4681, #4687, .T. );
#4040 = EDGE_CURVE( '', #4688, #4572, #4689, .T. );
#4041 = EDGE_CURVE( '', #4690, #4570, #4691, .T. );
#4042 = EDGE_CURVE( '', #4690, #4688, #4692, .F. );
#4043 = EDGE_CURVE( '', #4693, #4694, #4695, .F. );
#4044 = EDGE_CURVE( '', #4696, #4693, #4697, .F. );
#4045 = EDGE_CURVE( '', #4698, #4696, #4699, .F. );
#4046 = EDGE_CURVE( '', #4694, #4698, #4700, .F. );
#4047 = EDGE_CURVE( '', #4678, #4681, #4701, .F. );
#4048 = EDGE_CURVE( '', #4676, #4682, #4702, .F. );
#4049 = EDGE_CURVE( '', #4684, #4674, #4703, .T. );
#4050 = EDGE_CURVE( '', #4704, #4568, #4705, .T. );
#4051 = EDGE_CURVE( '', #4694, #4688, #4706, .T. );
#4052 = EDGE_CURVE( '', #4698, #4704, #4707, .T. );
#4053 = EDGE_CURVE( '', #4696, #4708, #4709, .T. );
#4054 = EDGE_CURVE( '', #4704, #4708, #4710, .F. );
#4055 = EDGE_CURVE( '', #4708, #4567, #4711, .T. );
#4056 = EDGE_CURVE( '', #4693, #4690, #4712, .T. );
#4057 = EDGE_CURVE( '', #4713, #4714, #4715, .F. );
#4058 = EDGE_CURVE( '', #4716, #4713, #4717, .F. );
#4059 = EDGE_CURVE( '', #4718, #4716, #4719, .F. );
#4060 = EDGE_CURVE( '', #4714, #4718, #4720, .F. );
#4061 = EDGE_CURVE( '', #4721, #4722, #4723, .T. );
#4062 = EDGE_CURVE( '', #4722, #4724, #4725, .T. );
#4063 = EDGE_CURVE( '', #4726, #4724, #4727, .T. );
#4064 = EDGE_CURVE( '', #4726, #4721, #4728, .F. );
#4065 = EDGE_CURVE( '', #4729, #4730, #4731, .T. );
#4066 = EDGE_CURVE( '', #4730, #4722, #4732, .T. );
#4067 = EDGE_CURVE( '', #4714, #4721, #4733, .T. );
#4068 = EDGE_CURVE( '', #4718, #4729, #4734, .T. );
#4069 = EDGE_CURVE( '', #4716, #4735, #4736, .T. );
#4070 = EDGE_CURVE( '', #4729, #4735, #4737, .F. );
#4071 = EDGE_CURVE( '', #4724, #4738, #4739, .T. );
#4072 = EDGE_CURVE( '', #4735, #4738, #4740, .T. );
#4073 = EDGE_CURVE( '', #4713, #4726, #4741, .T. );
#4074 = EDGE_CURVE( '', #4738, #4730, #4742, .F. );
#4075 = EDGE_CURVE( '', #4743, #4744, #4745, .F. );
#4076 = EDGE_CURVE( '', #4744, #4746, #4747, .F. );
#4077 = EDGE_CURVE( '', #4746, #4748, #4749, .F. );
#4078 = EDGE_CURVE( '', #4748, #4743, #4750, .F. );
#4079 = EDGE_CURVE( '', #4751, #4752, #4753, .F. );
#4080 = EDGE_CURVE( '', #4744, #4752, #4754, .T. );
#4081 = EDGE_CURVE( '', #4743, #4751, #4755, .T. );
#4082 = EDGE_CURVE( '', #4752, #4496, #4756, .T. );
#4083 = EDGE_CURVE( '', #4757, #4493, #4758, .T. );
#4084 = EDGE_CURVE( '', #4746, #4757, #4759, .T. );
#4085 = EDGE_CURVE( '', #4760, #4494, #4761, .T. );
#4086 = EDGE_CURVE( '', #4751, #4498, #4762, .T. );
#4087 = EDGE_CURVE( '', #4748, #4760, #4763, .T. );
#4088 = EDGE_CURVE( '', #4445, #4764, #4765, .T. );
#4089 = EDGE_CURVE( '', #4764, #4766, #4767, .T. );
#4090 = EDGE_CURVE( '', #4766, #4447, #4768, .T. );
#4091 = EDGE_CURVE( '', #4757, #4760, #4769, .F. );
#4092 = EDGE_CURVE( '', #4766, #4459, #4770, .T. );
#4093 = EDGE_CURVE( '', #4764, #4458, #4771, .T. );
#4094 = EDGE_CURVE( '', #4772, #4579, #4773, .T. );
#4095 = EDGE_CURVE( '', #4531, #4772, #4774, .T. );
#4096 = EDGE_CURVE( '', #4775, #4507, #4776, .F. );
#4097 = EDGE_CURVE( '', #4671, #4775, #4777, .T. );
#4098 = EDGE_CURVE( '', #4505, #4778, #4779, .T. );
#4099 = EDGE_CURVE( '', #4780, #4778, #4781, .T. );
#4100 = EDGE_CURVE( '', #4780, #4610, #4782, .T. );
#4101 = EDGE_CURVE( '', #4608, #4507, #4783, .T. );
#4102 = EDGE_CURVE( '', #4784, #4604, #4785, .T. );
#4103 = EDGE_CURVE( '', #4784, #4786, #4787, .T. );
#4104 = EDGE_CURVE( '', #4502, #4786, #4788, .T. );
#4105 = EDGE_CURVE( '', #4772, #4477, #4789, .T. );
#4106 = EDGE_CURVE( '', #4775, #4606, #4790, .T. );
#4107 = EDGE_CURVE( '', #4786, #4778, #4791, .T. );
#4108 = EDGE_CURVE( '', #4784, #4780, #4792, .T. );
#4109 = DIRECTION( '', ( -1.00000000000000, 0.000000000000000, 0.000000000000000 ) );
#4110 = DIRECTION( '', ( 0.000000000000000, 0.000000000000000, -1.00000000000000 ) );
#4111 = DIRECTION( '', ( -1.00000000000000, 0.000000000000000, 0.000000000000000 ) );
#4112 = CARTESIAN_POINT( '', ( 3.55000000000000, -0.350000000000000, 0.200000000000000 ) );
#4113 = DIRECTION( '', ( 0.000000000000000, -1.00000000000000, 0.000000000000000 ) );
#4114 = DIRECTION( '', ( 0.000000000000000, 0.000000000000000, -1.00000000000000 ) );
#4115 = DIRECTION( '', ( -1.35525271560688E-016, 0.000000000000000, 1.00000000000000 ) );
#4116 = DIRECTION( '', ( -1.00000000000000, 0.000000000000000, 0.000000000000000 ) );
#4117 = DIRECTION( '', ( -1.35525271560688E-016, 0.000000000000000, 1.00000000000000 ) );
#4118 = CARTESIAN_POINT( '', ( 3.55000000000000, -0.350000000000000, 0.200000000000000 ) );
#4119 = DIRECTION( '', ( 0.000000000000000, -1.00000000000000, 0.000000000000000 ) );
#4120 = DIRECTION( '', ( 0.000000000000000, 0.000000000000000, -1.00000000000000 ) );
#4121 = CARTESIAN_POINT( '', ( 3.30000000000000, -0.750000000000000, 1.80000000000000 ) );
#4122 = DIRECTION( '', ( 0.000000000000000, -1.00000000000000, 0.000000000000000 ) );
#4123 = DIRECTION( '', ( 0.000000000000000, 0.000000000000000, -1.00000000000000 ) );
#4124 = DIRECTION( '', ( 0.000000000000000, 1.00000000000000, 0.000000000000000 ) );
#4125 = CARTESIAN_POINT( '', ( 3.30000000000000, 0.750000000000000, 1.80000000000000 ) );
#4126 = DIRECTION( '', ( 0.000000000000000, -1.00000000000000, 0.000000000000000 ) );
#4127 = DIRECTION( '', ( 0.000000000000000, 0.000000000000000, -1.00000000000000 ) );
#4128 = DIRECTION( '', ( 0.000000000000000, -1.00000000000000, 0.000000000000000 ) );
#4129 = DIRECTION( '', ( 1.00000000000000, 0.000000000000000, 0.000000000000000 ) );
#4130 = CARTESIAN_POINT( '', ( -3.10000000000000, -2.85000000000000, 1.80000000000000 ) );
#4131 = DIRECTION( '', ( 1.00000000000000, -4.27930871610408E-029, 0.000000000000000 ) );
#4132 = DIRECTION( '', ( 0.000000000000000, 0.000000000000000, -1.00000000000000 ) );
#4133 = DIRECTION( '', ( 1.00000000000000, 0.000000000000000, 0.000000000000000 ) );
#4134 = CARTESIAN_POINT( '', ( -1.17500000000000, -2.85000000000000, 1.80000000000000 ) );
#4135 = DIRECTION( '', ( -1.00000000000000, 4.27930871610408E-029, 0.000000000000000 ) );
#4136 = DIRECTION( '', ( 0.000000000000000, 0.000000000000000, -1.00000000000000 ) );
#4137 = DIRECTION( '', ( 0.000000000000000, 9.49532850008359E-014, -1.00000000000000 ) );
#4138 = DIRECTION( '', ( 0.000000000000000, -1.00000000000000, -9.49532850008359E-014 ) );
#4139 = DIRECTION( '', ( 0.000000000000000, -9.49532850008359E-014, 1.00000000000000 ) );
#4140 = CARTESIAN_POINT( '', ( -1.17500000000000, -2.85000000000000, 1.80000000000000 ) );
#4141 = DIRECTION( '', ( 1.00000000000000, -4.27930871610408E-029, 4.97841222228891E-058 ) );
#4142 = DIRECTION( '', ( -4.27930871610408E-029, -1.00000000000000, 9.49738605902223E-014 ) );
#4143 = DIRECTION( '', ( 0.000000000000000, -4.35930588501655E-016, 1.00000000000000 ) );
#4144 = DIRECTION( '', ( 0.000000000000000, -0.988245856502208, -0.152872911616866 ) );
#4145 = DIRECTION( '', ( -0.707106781186548, 0.108097472464062, -0.698795346612212 ) );
#4146 = DIRECTION( '', ( 0.000000000000000, -0.988245856502198, -0.152872911616929 ) );
#4147 = DIRECTION( '', ( -0.707106781186548, 0.108097472464062, -0.698795346612212 ) );
#4148 = DIRECTION( '', ( 0.000000000000000, 0.988245856502185, -0.152872911617010 ) );
#4149 = DIRECTION( '', ( 1.00000000000000, 0.000000000000000, 0.000000000000000 ) );
#4150 = DIRECTION( '', ( 0.000000000000000, 0.988245856502185, -0.152872911617010 ) );
#4151 = DIRECTION( '', ( 1.00000000000000, 0.000000000000000, 0.000000000000000 ) );
#4152 = DIRECTION( '', ( 0.000000000000000, 1.00000000000000, 0.000000000000000 ) );
#4153 = DIRECTION( '', ( 0.000000000000000, -1.00000000000000, 0.000000000000000 ) );
#4154 = DIRECTION( '', ( -1.35525271560688E-016, 0.000000000000000, 1.00000000000000 ) );
#4155 = DIRECTION( '', ( -1.35525271560688E-016, 0.000000000000000, 1.00000000000000 ) );
#4156 = DIRECTION( '', ( 0.000000000000000, 1.00000000000000, 0.000000000000000 ) );
#4157 = DIRECTION( '', ( -1.35525271560688E-016, 0.000000000000000, 1.00000000000000 ) );
#4158 = DIRECTION( '', ( 0.000000000000000, -1.00000000000000, 9.49738605902223E-014 ) );
#4159 = DIRECTION( '', ( 0.707106781186547, -6.71421117200300E-014, -0.707106781186548 ) );
#4160 = DIRECTION( '', ( -1.43096030719763E-018, -1.00000000000000, 9.49752915505295E-014 ) );
#4161 = DIRECTION( '', ( 0.707106781186547, -6.71421117200300E-014, -0.707106781186548 ) );
#4162 = DIRECTION( '', ( 0.707106781186547, 0.108097472464063, -0.698795346612212 ) );
#4163 = DIRECTION( '', ( 1.00000000000000, 0.000000000000000, 0.000000000000000 ) );
#4164 = DIRECTION( '', ( 1.00000000000000, 0.000000000000000, 0.000000000000000 ) );
#4165 = CARTESIAN_POINT( '', ( -1.17500000000000, -2.89999999999993, 1.05000000000000 ) );
#4166 = DIRECTION( '', ( 0.000000000000000, 1.00000000000000, 9.49532850008359E-014 ) );
#4167 = DIRECTION( '', ( 0.000000000000000, -9.49532850008359E-014, 1.00000000000000 ) );
#4168 = CARTESIAN_POINT( '', ( -1.17500000000000, -3.04999999999993, 1.04999999999998 ) );
#4169 = DIRECTION( '', ( 0.000000000000000, -1.00000000000000, -9.49532850008359E-014 ) );
#4170 = DIRECTION( '', ( 1.00000000000000, 0.000000000000000, 0.000000000000000 ) );
#4171 = DIRECTION( '', ( 0.000000000000000, -1.00000000000000, -9.49532850008359E-014 ) );
#4172 = DIRECTION( '', ( -1.00000000000000, 0.000000000000000, 0.000000000000000 ) );
#4173 = CARTESIAN_POINT( '', ( 1.17500000000000, 2.85000000000000, 1.80000000000000 ) );
#4174 = DIRECTION( '', ( -1.00000000000000, -0.000000000000000, 0.000000000000000 ) );
#4175 = DIRECTION( '', ( 0.000000000000000, -1.00000000000000, -9.49738605902223E-014 ) );
#4176 = DIRECTION( '', ( 1.00000000000000, 0.000000000000000, 0.000000000000000 ) );
#4177 = CARTESIAN_POINT( '', ( 3.10000000000000, 2.85000000000000, 1.80000000000000 ) );
#4178 = DIRECTION( '', ( -1.00000000000000, -0.000000000000000, 0.000000000000000 ) );
#4179 = DIRECTION( '', ( 0.000000000000000, -1.00000000000000, -9.49738605902223E-014 ) );
#4180 = DIRECTION( '', ( 0.000000000000000, -0.988245856502208, -0.152872911616866 ) );
#4181 = DIRECTION( '', ( 1.00000000000000, 0.000000000000000, 0.000000000000000 ) );
#4182 = DIRECTION( '', ( 0.000000000000000, -0.988245856502198, -0.152872911616929 ) );
#4183 = DIRECTION( '', ( 1.00000000000000, 0.000000000000000, 0.000000000000000 ) );
#4184 = CARTESIAN_POINT( '', ( -3.10000000000000, 2.85000000000000, 1.80000000000000 ) );
#4185 = DIRECTION( '', ( 1.00000000000000, 0.000000000000000, 0.000000000000000 ) );
#4186 = DIRECTION( '', ( 0.000000000000000, 0.000000000000000, -1.00000000000000 ) );
#4187 = DIRECTION( '', ( -1.00000000000000, 0.000000000000000, 0.000000000000000 ) );
#4188 = CARTESIAN_POINT( '', ( -1.17500000000000, 2.85000000000000, 1.80000000000000 ) );
#4189 = DIRECTION( '', ( -1.00000000000000, 0.000000000000000, 0.000000000000000 ) );
#4190 = DIRECTION( '', ( 0.000000000000000, 0.000000000000000, -1.00000000000000 ) );
#4191 = DIRECTION( '', ( 0.000000000000000, -1.00000000000000, 0.000000000000000 ) );
#4192 = DIRECTION( '', ( -1.00000000000000, 0.000000000000000, 0.000000000000000 ) );
#4193 = DIRECTION( '', ( -1.00000000000000, 0.000000000000000, 0.000000000000000 ) );
#4194 = CARTESIAN_POINT( '', ( 3.65000000000000, 0.000000000000000, 1.70761842166467E-015 ) );
#4195 = DIRECTION( '', ( 0.000000000000000, 0.000000000000000, -1.00000000000000 ) );
#4196 = DIRECTION( '', ( -1.00000000000000, 0.000000000000000, 0.000000000000000 ) );
#4197 = DIRECTION( '', ( 0.000000000000000, -1.00000000000000, 0.000000000000000 ) );
#4198 = DIRECTION( '', ( 0.000000000000000, 4.35930588502072E-016, 1.00000000000000 ) );
#4199 = CARTESIAN_POINT( '', ( -1.17500000000000, 2.85000000000000, 1.80000000000000 ) );
#4200 = DIRECTION( '', ( -1.00000000000000, -0.000000000000000, 0.000000000000000 ) );
#4201 = DIRECTION( '', ( 0.000000000000000, -1.00000000000000, -9.49738605902223E-014 ) );
#4202 = DIRECTION( '', ( 0.000000000000000, -9.49532850008359E-014, -1.00000000000000 ) );
#4203 = DIRECTION( '', ( 0.000000000000000, 1.00000000000000, -9.49532850008359E-014 ) );
#4204 = DIRECTION( '', ( 0.000000000000000, 9.49532850008359E-014, 1.00000000000000 ) );
#4205 = DIRECTION( '', ( -1.00000000000000, 0.000000000000000, 0.000000000000000 ) );
#4206 = DIRECTION( '', ( 0.000000000000000, 0.000000000000000, -1.00000000000000 ) );
#4207 = CARTESIAN_POINT( '', ( 3.55000000000000, 0.350000000000000, 0.200000000000000 ) );
#4208 = DIRECTION( '', ( 0.000000000000000, -1.00000000000000, 0.000000000000000 ) );
#4209 = DIRECTION( '', ( 0.000000000000000, 0.000000000000000, -1.00000000000000 ) );
#4210 = DIRECTION( '', ( -1.00000000000000, 0.000000000000000, 0.000000000000000 ) );
#4211 = DIRECTION( '', ( -1.35525271560688E-016, 0.000000000000000, 1.00000000000000 ) );
#4212 = CARTESIAN_POINT( '', ( 3.55000000000000, 0.350000000000000, 0.200000000000000 ) );
#4213 = DIRECTION( '', ( 0.000000000000000, -1.00000000000000, 0.000000000000000 ) );
#4214 = DIRECTION( '', ( 0.000000000000000, 0.000000000000000, -1.00000000000000 ) );
#4215 = CARTESIAN_POINT( '', ( -1.17500000000000, 2.89999999999993, 1.05000000000000 ) );
#4216 = DIRECTION( '', ( 0.000000000000000, -1.00000000000000, 9.49532850008359E-014 ) );
#4217 = DIRECTION( '', ( 0.000000000000000, -9.49532850008359E-014, -1.00000000000000 ) );
#4218 = DIRECTION( '', ( 0.000000000000000, 1.00000000000000, -9.49532850008359E-014 ) );
#4219 = CARTESIAN_POINT( '', ( -1.17500000000000, 3.04999999999993, 1.04999999999998 ) );
#4220 = DIRECTION( '', ( 0.000000000000000, 1.00000000000000, -9.49532850008359E-014 ) );
#4221 = DIRECTION( '', ( 1.00000000000000, 0.000000000000000, 0.000000000000000 ) );
#4222 = DIRECTION( '', ( 0.000000000000000, -9.49532850008359E-014, 1.00000000000000 ) );
#4223 = CARTESIAN_POINT( '', ( 1.17500000000000, -2.85000000000000, 1.80000000000000 ) );
#4224 = DIRECTION( '', ( -1.00000000000000, 4.27930871610408E-029, 0.000000000000000 ) );
#4225 = DIRECTION( '', ( 0.000000000000000, 0.000000000000000, -1.00000000000000 ) );
#4226 = DIRECTION( '', ( 0.000000000000000, -4.35930588501163E-016, 1.00000000000000 ) );
#4227 = CARTESIAN_POINT( '', ( 1.17500000000000, -2.85000000000000, 1.80000000000000 ) );
#4228 = DIRECTION( '', ( 1.00000000000000, -4.27930871610408E-029, 4.97841222228891E-058 ) );
#4229 = DIRECTION( '', ( -4.27930871610408E-029, -1.00000000000000, 9.49738605902223E-014 ) );
#4230 = DIRECTION( '', ( 0.000000000000000, 9.49532850008359E-014, -1.00000000000000 ) );
#4231 = DIRECTION( '', ( 0.000000000000000, -1.00000000000000, -9.49532850008359E-014 ) );
#4232 = DIRECTION( '', ( -1.00000000000000, 0.000000000000000, 0.000000000000000 ) );
#4233 = DIRECTION( '', ( 0.000000000000000, 1.00000000000000, 0.000000000000000 ) );
#4234 = DIRECTION( '', ( 0.000000000000000, 0.988245856502201, -0.152872911616909 ) );
#4235 = DIRECTION( '', ( 0.707106781186547, -0.108097472464119, -0.698795346612203 ) );
#4236 = DIRECTION( '', ( 0.707106781186547, -0.108097472464119, -0.698795346612203 ) );
#4237 = DIRECTION( '', ( 1.00000000000000, 0.000000000000000, 0.000000000000000 ) );
#4238 = DIRECTION( '', ( 1.00000000000000, 0.000000000000000, 0.000000000000000 ) );
#4239 = DIRECTION( '', ( 0.000000000000000, 1.00000000000000, 0.000000000000000 ) );
#4240 = DIRECTION( '', ( 0.000000000000000, -9.49532850008359E-014, -1.00000000000000 ) );
#4241 = DIRECTION( '', ( -5.81401980641653E-030, -9.49532850008358E-014, -1.00000000000000 ) );
#4242 = CARTESIAN_POINT( '', ( -3.10000000000000, 2.85000000000000, 1.80000000000000 ) );
#4243 = DIRECTION( '', ( -1.00000000000000, -0.000000000000000, 0.000000000000000 ) );
#4244 = DIRECTION( '', ( 0.000000000000000, -1.00000000000000, -9.49738605902223E-014 ) );
#4245 = DIRECTION( '', ( 6.12303176911189E-017, 1.00000000000000, 0.000000000000000 ) );
#4246 = CARTESIAN_POINT( '', ( -3.10000000000000, -2.85000000000000, 1.80000000000000 ) );
#4247 = DIRECTION( '', ( 1.00000000000000, -4.27930871610408E-029, 4.97841222228891E-058 ) );
#4248 = DIRECTION( '', ( -4.27930871610408E-029, -1.00000000000000, 9.49738605902223E-014 ) );
#4249 = DIRECTION( '', ( -5.81401980641653E-030, -9.49532850008358E-014, 1.00000000000000 ) );
#4250 = DIRECTION( '', ( 1.43096030719587E-018, 1.00000000000000, 9.49724296299151E-014 ) );
#4251 = DIRECTION( '', ( 0.000000000000000, -9.49532850008359E-014, 1.00000000000000 ) );
#4252 = DIRECTION( '', ( 1.00000000000000, 0.000000000000000, 0.000000000000000 ) );
#4253 = DIRECTION( '', ( 0.000000000000000, -1.00000000000000, 9.49738605902223E-014 ) );
#4254 = DIRECTION( '', ( -1.00000000000000, 0.000000000000000, 0.000000000000000 ) );
#4255 = CARTESIAN_POINT( '', ( 1.17500000000000, 3.04999999999993, 1.04999999999998 ) );
#4256 = DIRECTION( '', ( 0.000000000000000, 1.00000000000000, -9.49532850008359E-014 ) );
#4257 = DIRECTION( '', ( -1.00000000000000, 0.000000000000000, 0.000000000000000 ) );
#4258 = DIRECTION( '', ( 0.000000000000000, -9.49532850008359E-014, -1.00000000000000 ) );
#4259 = DIRECTION( '', ( 1.00000000000000, 0.000000000000000, 0.000000000000000 ) );
#4260 = DIRECTION( '', ( 0.000000000000000, -9.49532850008359E-014, -1.00000000000000 ) );
#4261 = DIRECTION( '', ( -0.707106781186548, -6.71421117200298E-014, -0.707106781186548 ) );
#4262 = DIRECTION( '', ( -0.707106781186548, -6.71421117200298E-014, -0.707106781186548 ) );
#4263 = DIRECTION( '', ( 0.000000000000000, -1.00000000000000, 9.49738605902223E-014 ) );
#4264 = DIRECTION( '', ( 1.00000000000000, 0.000000000000000, 0.000000000000000 ) );
#4265 = DIRECTION( '', ( 1.00000000000000, 0.000000000000000, 0.000000000000000 ) );
#4266 = DIRECTION( '', ( 1.00000000000000, 0.000000000000000, 0.000000000000000 ) );
#4267 = DIRECTION( '', ( 1.00000000000000, 0.000000000000000, 0.000000000000000 ) );
#4268 = DIRECTION( '', ( 1.00000000000000, 0.000000000000000, 0.000000000000000 ) );
#4269 = DIRECTION( '', ( -0.707106781186548, -0.108097472464119, -0.698795346612203 ) );
#4270 = DIRECTION( '', ( 0.707106781186547, 0.108097472464063, -0.698795346612212 ) );
#4271 = DIRECTION( '', ( 0.000000000000000, 0.000000000000000, -1.00000000000000 ) );
#4272 = DIRECTION( '', ( 6.12303176911189E-017, 1.00000000000000, 0.000000000000000 ) );
#4273 = DIRECTION( '', ( -5.81401980641653E-030, -9.49532850008358E-014, -1.00000000000000 ) );
#4274 = CARTESIAN_POINT( '', ( 3.10000000000000, 2.85000000000000, 1.80000000000000 ) );
#4275 = DIRECTION( '', ( 1.00000000000000, 0.000000000000000, 0.000000000000000 ) );
#4276 = DIRECTION( '', ( 0.000000000000000, 0.000000000000000, -1.00000000000000 ) );
#4277 = DIRECTION( '', ( 0.000000000000000, 1.00000000000000, 0.000000000000000 ) );
#4278 = DIRECTION( '', ( -1.00000000000000, 0.000000000000000, 0.000000000000000 ) );
#4279 = DIRECTION( '', ( 1.00000000000000, -2.53411834787794E-032, 0.000000000000000 ) );
#4280 = CARTESIAN_POINT( '', ( 3.30000000000000, 0.750000000000000, 1.80000000000000 ) );
#4281 = DIRECTION( '', ( 2.53411834787794E-032, 1.00000000000000, 1.52168725962878E-016 ) );
#4282 = DIRECTION( '', ( -1.00000000000000, 2.53411834787794E-032, 0.000000000000000 ) );
#4283 = DIRECTION( '', ( 1.35525271560688E-016, 1.52168725962878E-016, -1.00000000000000 ) );
#4284 = CARTESIAN_POINT( '', ( 3.65000000000000, 0.000000000000000, 0.150000000000000 ) );
#4285 = DIRECTION( '', ( 0.000000000000000, 0.000000000000000, -1.00000000000000 ) );
#4286 = DIRECTION( '', ( -1.00000000000000, 0.000000000000000, 0.000000000000000 ) );
#4287 = DIRECTION( '', ( 0.000000000000000, 1.00000000000000, 9.49738605902223E-014 ) );
#4288 = DIRECTION( '', ( 0.707106781186547, 6.71421117200300E-014, -0.707106781186548 ) );
#4289 = DIRECTION( '', ( 0.707106781186547, 6.71421117200300E-014, -0.707106781186548 ) );
#4290 = DIRECTION( '', ( 1.00000000000000, 0.000000000000000, 0.000000000000000 ) );
#4291 = DIRECTION( '', ( 1.00000000000000, -4.27930871610408E-029, 0.000000000000000 ) );
#4292 = CARTESIAN_POINT( '', ( 3.10000000000000, -2.85000000000000, 1.80000000000000 ) );
#4293 = DIRECTION( '', ( 1.00000000000000, -4.27930871610408E-029, 4.97841222228891E-058 ) );
#4294 = DIRECTION( '', ( -4.27930871610408E-029, -1.00000000000000, 9.49738605902223E-014 ) );
#4295 = CARTESIAN_POINT( '', ( 1.17500000000000, -2.89999999999993, 1.05000000000000 ) );
#4296 = DIRECTION( '', ( 0.000000000000000, 1.00000000000000, 9.49532850008359E-014 ) );
#4297 = DIRECTION( '', ( 0.000000000000000, -9.49532850008359E-014, 1.00000000000000 ) );
#4298 = DIRECTION( '', ( 0.000000000000000, -1.00000000000000, -9.49532850008359E-014 ) );
#4299 = CARTESIAN_POINT( '', ( 1.17500000000000, -3.04999999999993, 1.04999999999998 ) );
#4300 = DIRECTION( '', ( -0.000000000000000, -1.00000000000000, -9.49532850008359E-014 ) );
#4301 = DIRECTION( '', ( -1.00000000000000, 0.000000000000000, 0.000000000000000 ) );
#4302 = DIRECTION( '', ( 0.000000000000000, -1.00000000000000, 0.000000000000000 ) );
#4303 = DIRECTION( '', ( 0.000000000000000, -1.00000000000000, 0.000000000000000 ) );
#4304 = DIRECTION( '', ( 1.35525271560688E-016, 1.52168725962878E-016, -1.00000000000000 ) );
#4305 = DIRECTION( '', ( 0.000000000000000, -1.00000000000000, 0.000000000000000 ) );
#4306 = DIRECTION( '', ( 1.00000000000000, 0.000000000000000, 0.000000000000000 ) );
#4307 = DIRECTION( '', ( 0.000000000000000, 1.00000000000000, -9.49532850008359E-014 ) );
#4308 = DIRECTION( '', ( 1.00000000000000, 0.000000000000000, 0.000000000000000 ) );
#4309 = CARTESIAN_POINT( '', ( 3.10000000000000, -2.85000000000000, 1.80000000000000 ) );
#4310 = DIRECTION( '', ( 1.00000000000000, -4.27930871610408E-029, 0.000000000000000 ) );
#4311 = DIRECTION( '', ( 0.000000000000000, 0.000000000000000, -1.00000000000000 ) );
#4312 = DIRECTION( '', ( 1.00000000000000, -4.27930871610408E-029, 0.000000000000000 ) );
#4313 = DIRECTION( '', ( 1.00000000000000, 0.000000000000000, 0.000000000000000 ) );
#4314 = DIRECTION( '', ( -1.00000000000000, 0.000000000000000, 0.000000000000000 ) );
#4315 = DIRECTION( '', ( -5.81401980641653E-030, -9.49532850008358E-014, 1.00000000000000 ) );
#4316 = DIRECTION( '', ( -0.707106781186548, 6.71421117200298E-014, -0.707106781186548 ) );
#4317 = DIRECTION( '', ( 1.00000000000000, 0.000000000000000, 0.000000000000000 ) );
#4318 = DIRECTION( '', ( 0.000000000000000, 0.000000000000000, -1.00000000000000 ) );
#4319 = DIRECTION( '', ( 0.000000000000000, 1.00000000000000, 0.000000000000000 ) );
#4320 = DIRECTION( '', ( 0.000000000000000, -9.49532850008359E-014, 1.00000000000000 ) );
#4321 = DIRECTION( '', ( 0.000000000000000, 1.00000000000000, 9.49738605902223E-014 ) );
#4322 = DIRECTION( '', ( 6.12303176911189E-017, 1.00000000000000, 0.000000000000000 ) );
#4323 = CARTESIAN_POINT( '', ( 0.000000000000000, 0.000000000000000, 2.00000000000000 ) );
#4324 = DIRECTION( '', ( 0.000000000000000, 0.000000000000000, -1.00000000000000 ) );
#4325 = DIRECTION( '', ( -1.00000000000000, 0.000000000000000, 0.000000000000000 ) );
#4326 = CARTESIAN_POINT( '', ( 0.000000000000000, 0.000000000000000, 1.85000000000000 ) );
#4327 = DIRECTION( '', ( 0.000000000000000, 0.000000000000000, -1.00000000000000 ) );
#4328 = DIRECTION( '', ( -1.00000000000000, 0.000000000000000, 0.000000000000000 ) );
#4329 = DIRECTION( '', ( 0.000000000000000, 9.49532850008359E-014, 1.00000000000000 ) );
#4330 = CARTESIAN_POINT( '', ( 1.17500000000000, 2.89999999999993, 1.05000000000000 ) );
#4331 = DIRECTION( '', ( 0.000000000000000, -1.00000000000000, 9.49532850008359E-014 ) );
#4332 = DIRECTION( '', ( 0.000000000000000, -9.49532850008359E-014, -1.00000000000000 ) );
#4333 = DIRECTION( '', ( 1.00000000000000, -2.53411834787794E-032, 0.000000000000000 ) );
#4334 = DIRECTION( '', ( 0.000000000000000, -1.00000000000000, 0.000000000000000 ) );
#4335 = DIRECTION( '', ( -1.00000000000000, 0.000000000000000, 0.000000000000000 ) );
#4336 = DIRECTION( '', ( -1.00000000000000, 0.000000000000000, 0.000000000000000 ) );
#4337 = CARTESIAN_POINT( '', ( 3.30000000000000, -0.750000000000000, 1.80000000000000 ) );
#4338 = DIRECTION( '', ( 2.53411834787794E-032, 1.00000000000000, 1.52168725962878E-016 ) );
#4339 = DIRECTION( '', ( -1.00000000000000, 2.53411834787794E-032, 0.000000000000000 ) );
#4340 = DIRECTION( '', ( -1.00000000000000, 0.000000000000000, 0.000000000000000 ) );
#4341 = DIRECTION( '', ( 1.00000000000000, 0.000000000000000, 0.000000000000000 ) );
#4342 = DIRECTION( '', ( 0.000000000000000, 1.00000000000000, 9.49738605902223E-014 ) );
#4343 = DIRECTION( '', ( 0.000000000000000, 0.988245856502201, -0.152872911616909 ) );
#4344 = DIRECTION( '', ( 0.000000000000000, 4.35930588502072E-016, 1.00000000000000 ) );
#4345 = CARTESIAN_POINT( '', ( 1.17500000000000, 2.85000000000000, 1.80000000000000 ) );
#4346 = DIRECTION( '', ( -1.00000000000000, 0.000000000000000, 0.000000000000000 ) );
#4347 = DIRECTION( '', ( 0.000000000000000, 0.000000000000000, -1.00000000000000 ) );
#4348 = DIRECTION( '', ( 0.000000000000000, 1.00000000000000, -9.49532850008359E-014 ) );
#4349 = DIRECTION( '', ( -0.707106781186548, 6.71421117200298E-014, -0.707106781186548 ) );
#4350 = DIRECTION( '', ( 1.00000000000000, 0.000000000000000, 0.000000000000000 ) );
#4351 = DIRECTION( '', ( -0.707106781186548, -0.108097472464119, -0.698795346612203 ) );
#4352 = DIRECTION( '', ( 1.00000000000000, 0.000000000000000, 0.000000000000000 ) );
#4353 = DIRECTION( '', ( 1.00000000000000, 0.000000000000000, 0.000000000000000 ) );
#4354 = DIRECTION( '', ( 1.00000000000000, 0.000000000000000, 0.000000000000000 ) );
#4355 = VERTEX_POINT( '', #4793 );
#4356 = VERTEX_POINT( '', #4794 );
#4357 = LINE( '', #4795, #4796 );
#4358 = VERTEX_POINT( '', #4797 );
#4359 = LINE( '', #4798, #4799 );
#4360 = VERTEX_POINT( '', #4800 );
#4361 = LINE( '', #4801, #4802 );
#4362 = LINE( '', #4803, #4804 );
#4363 = VERTEX_POINT( '', #4805 );
#4364 = CIRCLE( '', #4806, 1.40000000000000 );
#4365 = VERTEX_POINT( '', #4807 );
#4366 = CIRCLE( '', #4808, 1.50000000000000 );
#4367 = VERTEX_POINT( '', #4809 );
#4368 = VERTEX_POINT( '', #4810 );
#4369 = LINE( '', #4811, #4812 );
#4370 = VERTEX_POINT( '', #4813 );
#4371 = LINE( '', #4814, #4815 );
#4372 = VERTEX_POINT( '', #4816 );
#4373 = LINE( '', #4817, #4818 );
#4374 = ELLIPSE( '', #4819, 0.0707106781186551, 0.0500000000000000 );
#4375 = LINE( '', #4820, #4821 );
#4376 = VERTEX_POINT( '', #4822 );
#4377 = CIRCLE( '', #4823, 0.0500000000000000 );
#4378 = VERTEX_POINT( '', #4824 );
#4379 = LINE( '', #4825, #4826 );
#4380 = VERTEX_POINT( '', #4827 );
#4381 = CIRCLE( '', #4828, 0.0500000000000000 );
#4382 = ELLIPSE( '', #4829, 0.0707106781186551, 0.0500000000000000 );
#4383 = VERTEX_POINT( '', #4830 );
#4384 = CIRCLE( '', #4831, 0.0500000000000000 );
#4385 = LINE( '', #4832, #4833 );
#4386 = VERTEX_POINT( '', #4834 );
#4387 = LINE( '', #4835, #4836 );
#4388 = VERTEX_POINT( '', #4837 );
#4389 = CIRCLE( '', #4838, 0.0500000000000000 );
#4390 = LINE( '', #4839, #4840 );
#4391 = VERTEX_POINT( '', #4841 );
#4392 = LINE( '', #4842, #4843 );
#4393 = VERTEX_POINT( '', #4844 );
#4394 = LINE( '', #4845, #4846 );
#4395 = VERTEX_POINT( '', #4847 );
#4396 = LINE( '', #4848, #4849 );
#4397 = VERTEX_POINT( '', #4850 );
#4398 = LINE( '', #4851, #4852 );
#4399 = VERTEX_POINT( '', #4853 );
#4400 = LINE( '', #4854, #4855 );
#4401 = VERTEX_POINT( '', #4856 );
#4402 = LINE( '', #4857, #4858 );
#4403 = LINE( '', #4859, #4860 );
#4404 = VERTEX_POINT( '', #4861 );
#4405 = LINE( '', #4862, #4863 );
#4406 = VERTEX_POINT( '', #4864 );
#4407 = LINE( '', #4865, #4866 );
#4408 = LINE( '', #4867, #4868 );
#4409 = VERTEX_POINT( '', #4869 );
#4410 = LINE( '', #4870, #4871 );
#4411 = VERTEX_POINT( '', #4872 );
#4412 = LINE( '', #4873, #4874 );
#4413 = VERTEX_POINT( '', #4875 );
#4414 = LINE( '', #4876, #4877 );
#4415 = LINE( '', #4878, #4879 );
#4416 = VERTEX_POINT( '', #4880 );
#4417 = LINE( '', #4881, #4882 );
#4418 = VERTEX_POINT( '', #4883 );
#4419 = LINE( '', #4884, #4885 );
#4420 = VERTEX_POINT( '', #4886 );
#4421 = LINE( '', #4887, #4888 );
#4422 = VERTEX_POINT( '', #4889 );
#4423 = LINE( '', #4890, #4891 );
#4424 = VERTEX_POINT( '', #4892 );
#4425 = LINE( '', #4893, #4894 );
#4426 = VERTEX_POINT( '', #4895 );
#4427 = LINE( '', #4896, #4897 );
#4428 = VERTEX_POINT( '', #4898 );
#4429 = LINE( '', #4899, #4900 );
#4430 = LINE( '', #4901, #4902 );
#4431 = VERTEX_POINT( '', #4903 );
#4432 = VERTEX_POINT( '', #4904 );
#4433 = LINE( '', #4905, #4906 );
#4434 = LINE( '', #4907, #4908 );
#4435 = VERTEX_POINT( '', #4909 );
#4436 = LINE( '', #4910, #4911 );
#4437 = VERTEX_POINT( '', #4912 );
#4438 = LINE( '', #4913, #4914 );
#4439 = VERTEX_POINT( '', #4915 );
#4440 = LINE( '', #4916, #4917 );
#4441 = VERTEX_POINT( '', #4918 );
#4442 = LINE( '', #4919, #4920 );
#4443 = VERTEX_POINT( '', #4921 );
#4444 = LINE( '', #4922, #4923 );
#4445 = VERTEX_POINT( '', #4924 );
#4446 = LINE( '', #4925, #4926 );
#4447 = VERTEX_POINT( '', #4927 );
#4448 = LINE( '', #4928, #4929 );
#4449 = VERTEX_POINT( '', #4930 );
#4450 = LINE( '', #4931, #4932 );
#4451 = VERTEX_POINT( '', #4933 );
#4452 = LINE( '', #4934, #4935 );
#4453 = VERTEX_POINT( '', #4936 );
#4454 = LINE( '', #4937, #4938 );
#4455 = VERTEX_POINT( '', #4939 );
#4456 = LINE( '', #4940, #4941 );
#4457 = LINE( '', #4942, #4943 );
#4458 = VERTEX_POINT( '', #4944 );
#4459 = VERTEX_POINT( '', #4945 );
#4460 = LINE( '', #4946, #4947 );
#4461 = LINE( '', #4948, #4949 );
#4462 = VERTEX_POINT( '', #4950 );
#4463 = LINE( '', #4951, #4952 );
#4464 = VERTEX_POINT( '', #4953 );
#4465 = LINE( '', #4954, #4955 );
#4466 = LINE( '', #4956, #4957 );
#4467 = VERTEX_POINT( '', #4958 );
#4468 = LINE( '', #4959, #4960 );
#4469 = VERTEX_POINT( '', #4961 );
#4470 = LINE( '', #4962, #4963 );
#4471 = VERTEX_POINT( '', #4964 );
#4472 = LINE( '', #4965, #4966 );
#4473 = VERTEX_POINT( '', #4967 );
#4474 = LINE( '', #4968, #4969 );
#4475 = VERTEX_POINT( '', #4970 );
#4476 = LINE( '', #4971, #4972 );
#4477 = VERTEX_POINT( '', #4973 );
#4478 = LINE( '', #4974, #4975 );
#4479 = VERTEX_POINT( '', #4976 );
#4480 = LINE( '', #4977, #4978 );
#4481 = VERTEX_POINT( '', #4979 );
#4482 = LINE( '', #4980, #4981 );
#4483 = VERTEX_POINT( '', #4982 );
#4484 = LINE( '', #4983, #4984 );
#4485 = LINE( '', #4985, #4986 );
#4486 = LINE( '', #4987, #4988 );
#4487 = VERTEX_POINT( '', #4989 );
#4488 = LINE( '', #4990, #4991 );
#4489 = LINE( '', #4992, #4993 );
#4490 = VERTEX_POINT( '', #4994 );
#4491 = LINE( '', #4995, #4996 );
#4492 = LINE( '', #4997, #4998 );
#4493 = VERTEX_POINT( '', #4999 );
#4494 = VERTEX_POINT( '', #5000 );
#4495 = LINE( '', #5001, #5002 );
#4496 = VERTEX_POINT( '', #5003 );
#4497 = LINE( '', #5004, #5005 );
#4498 = VERTEX_POINT( '', #5006 );
#4499 = LINE( '', #5007, #5008 );
#4500 = LINE( '', #5009, #5010 );
#4501 = LINE( '', #5011, #5012 );
#4502 = VERTEX_POINT( '', #5013 );
#4503 = VERTEX_POINT( '', #5014 );
#4504 = LINE( '', #5015, #5016 );
#4505 = VERTEX_POINT( '', #5017 );
#4506 = LINE( '', #5018, #5019 );
#4507 = VERTEX_POINT( '', #5020 );
#4508 = LINE( '', #5021, #5022 );
#4509 = VERTEX_POINT( '', #5023 );
#4510 = LINE( '', #5024, #5025 );
#4511 = VERTEX_POINT( '', #5026 );
#4512 = LINE( '', #5027, #5028 );
#4513 = LINE( '', #5029, #5030 );
#4514 = VERTEX_POINT( '', #5031 );
#4515 = LINE( '', #5032, #5033 );
#4516 = VERTEX_POINT( '', #5034 );
#4517 = LINE( '', #5035, #5036 );
#4518 = VERTEX_POINT( '', #5037 );
#4519 = LINE( '', #5038, #5039 );
#4520 = LINE( '', #5040, #5041 );
#4521 = VERTEX_POINT( '', #5042 );
#4522 = VERTEX_POINT( '', #5043 );
#4523 = LINE( '', #5044, #5045 );
#4524 = VERTEX_POINT( '', #5046 );
#4525 = LINE( '', #5047, #5048 );
#4526 = VERTEX_POINT( '', #5049 );
#4527 = LINE( '', #5050, #5051 );
#4528 = LINE( '', #5052, #5053 );
#4529 = VERTEX_POINT( '', #5054 );
#4530 = LINE( '', #5055, #5056 );
#4531 = VERTEX_POINT( '', #5057 );
#4532 = LINE( '', #5058, #5059 );
#4533 = LINE( '', #5060, #5061 );
#4534 = VERTEX_POINT( '', #5062 );
#4535 = LINE( '', #5063, #5064 );
#4536 = VERTEX_POINT( '', #5065 );
#4537 = LINE( '', #5066, #5067 );
#4538 = LINE( '', #5068, #5069 );
#4539 = LINE( '', #5070, #5071 );
#4540 = VERTEX_POINT( '', #5072 );
#4541 = VERTEX_POINT( '', #5073 );
#4542 = LINE( '', #5074, #5075 );
#4543 = LINE( '', #5076, #5077 );
#4544 = LINE( '', #5078, #5079 );
#4545 = VERTEX_POINT( '', #5080 );
#4546 = CIRCLE( '', #5081, 0.0500000000000000 );
#4547 = VERTEX_POINT( '', #5082 );
#4548 = CIRCLE( '', #5083, 0.0500000000000000 );
#4549 = LINE( '', #5084, #5085 );
#4550 = VERTEX_POINT( '', #5086 );
#4551 = VERTEX_POINT( '', #5087 );
#4552 = CIRCLE( '', #5088, 0.0500000000000000 );
#4553 = LINE( '', #5089, #5090 );
#4554 = LINE( '', #5091, #5092 );
#4555 = CIRCLE( '', #5093, 0.0500000000000000 );
#4556 = LINE( '', #5094, #5095 );
#4557 = CIRCLE( '', #5096, 0.0500000000000000 );
#4558 = VERTEX_POINT( '', #5097 );
#4559 = LINE( '', #5098, #5099 );
#4560 = LINE( '', #5100, #5101 );
#4561 = VERTEX_POINT( '', #5102 );
#4562 = LINE( '', #5103, #5104 );
#4563 = LINE( '', #5105, #5106 );
#4564 = VERTEX_POINT( '', #5107 );
#4565 = LINE( '', #5108, #5109 );
#4566 = LINE( '', #5110, #5111 );
#4567 = VERTEX_POINT( '', #5112 );
#4568 = VERTEX_POINT( '', #5113 );
#4569 = LINE( '', #5114, #5115 );
#4570 = VERTEX_POINT( '', #5116 );
#4571 = LINE( '', #5117, #5118 );
#4572 = VERTEX_POINT( '', #5119 );
#4573 = LINE( '', #5120, #5121 );
#4574 = LINE( '', #5122, #5123 );
#4575 = VERTEX_POINT( '', #5124 );
#4576 = LINE( '', #5125, #5126 );
#4577 = LINE( '', #5127, #5128 );
#4578 = LINE( '', #5129, #5130 );
#4579 = VERTEX_POINT( '', #5131 );
#4580 = LINE( '', #5132, #5133 );
#4581 = LINE( '', #5134, #5135 );
#4582 = VERTEX_POINT( '', #5136 );
#4583 = LINE( '', #5137, #5138 );
#4584 = LINE( '', #5139, #5140 );
#4585 = LINE( '', #5141, #5142 );
#4586 = VERTEX_POINT( '', #5143 );
#4587 = VERTEX_POINT( '', #5144 );
#4588 = LINE( '', #5145, #5146 );
#4589 = VERTEX_POINT( '', #5147 );
#4590 = LINE( '', #5148, #5149 );
#4591 = VERTEX_POINT( '', #5150 );
#4592 = LINE( '', #5151, #5152 );
#4593 = VERTEX_POINT( '', #5153 );
#4594 = LINE( '', #5154, #5155 );
#4595 = VERTEX_POINT( '', #5156 );
#4596 = LINE( '', #5157, #5158 );
#4597 = VERTEX_POINT( '', #5159 );
#4598 = LINE( '', #5160, #5161 );
#4599 = VERTEX_POINT( '', #5162 );
#4600 = LINE( '', #5163, #5164 );
#4601 = LINE( '', #5165, #5166 );
#4602 = VERTEX_POINT( '', #5167 );
#4603 = CIRCLE( '', #5168, 1.50000000000000 );
#4604 = VERTEX_POINT( '', #5169 );
#4605 = ELLIPSE( '', #5170, 0.0707106781186551, 0.0500000000000000 );
#4606 = VERTEX_POINT( '', #5171 );
#4607 = LINE( '', #5172, #5173 );
#4608 = VERTEX_POINT( '', #5174 );
#4609 = CIRCLE( '', #5175, 0.0500000000000000 );
#4610 = VERTEX_POINT( '', #5176 );
#4611 = ELLIPSE( '', #5177, 0.0707106781186548, 0.0500000000000001 );
#4612 = LINE( '', #5178, #5179 );
#4613 = LINE( '', #5180, #5181 );
#4614 = LINE( '', #5182, #5183 );
#4615 = VERTEX_POINT( '', #5184 );
#4616 = LINE( '', #5185, #5186 );
#4617 = VERTEX_POINT( '', #5187 );
#4618 = LINE( '', #5188, #5189 );
#4619 = VERTEX_POINT( '', #5190 );
#4620 = LINE( '', #5191, #5192 );
#4621 = VERTEX_POINT( '', #5193 );
#4622 = LINE( '', #5194, #5195 );
#4623 = VERTEX_POINT( '', #5196 );
#4624 = LINE( '', #5197, #5198 );
#4625 = VERTEX_POINT( '', #5199 );
#4626 = LINE( '', #5200, #5201 );
#4627 = LINE( '', #5202, #5203 );
#4628 = VERTEX_POINT( '', #5204 );
#4629 = LINE( '', #5205, #5206 );
#4630 = VERTEX_POINT( '', #5207 );
#4631 = LINE( '', #5208, #5209 );
#4632 = LINE( '', #5210, #5211 );
#4633 = VERTEX_POINT( '', #5212 );
#4634 = LINE( '', #5213, #5214 );
#4635 = LINE( '', #5215, #5216 );
#4636 = VERTEX_POINT( '', #5217 );
#4637 = LINE( '', #5218, #5219 );
#4638 = VERTEX_POINT( '', #5220 );
#4639 = LINE( '', #5221, #5222 );
#4640 = LINE( '', #5223, #5224 );
#4641 = VERTEX_POINT( '', #5225 );
#4642 = LINE( '', #5226, #5227 );
#4643 = VERTEX_POINT( '', #5228 );
#4644 = LINE( '', #5229, #5230 );
#4645 = LINE( '', #5231, #5232 );
#4646 = VERTEX_POINT( '', #5233 );
#4647 = LINE( '', #5234, #5235 );
#4648 = LINE( '', #5236, #5237 );
#4649 = LINE( '', #5238, #5239 );
#4650 = LINE( '', #5240, #5241 );
#4651 = VERTEX_POINT( '', #5242 );
#4652 = VERTEX_POINT( '', #5243 );
#4653 = LINE( '', #5244, #5245 );
#4654 = VERTEX_POINT( '', #5246 );
#4655 = LINE( '', #5247, #5248 );
#4656 = VERTEX_POINT( '', #5249 );
#4657 = LINE( '', #5250, #5251 );
#4658 = LINE( '', #5252, #5253 );
#4659 = VERTEX_POINT( '', #5254 );
#4660 = LINE( '', #5255, #5256 );
#4661 = VERTEX_POINT( '', #5257 );
#4662 = LINE( '', #5258, #5259 );
#4663 = LINE( '', #5260, #5261 );
#4664 = LINE( '', #5262, #5263 );
#4665 = LINE( '', #5264, #5265 );
#4666 = LINE( '', #5266, #5267 );
#4667 = LINE( '', #5268, #5269 );
#4668 = LINE( '', #5270, #5271 );
#4669 = LINE( '', #5272, #5273 );
#4670 = LINE( '', #5274, #5275 );
#4671 = VERTEX_POINT( '', #5276 );
#4672 = CIRCLE( '', #5277, 0.0500000000000000 );
#4673 = LINE( '', #5278, #5279 );
#4674 = VERTEX_POINT( '', #5280 );
#4675 = CIRCLE( '', #5281, 0.225000000000000 );
#4676 = VERTEX_POINT( '', #5282 );
#4677 = LINE( '', #5283, #5284 );
#4678 = VERTEX_POINT( '', #5285 );
#4679 = CIRCLE( '', #5286, 0.0750000000000000 );
#4680 = LINE( '', #5287, #5288 );
#4681 = VERTEX_POINT( '', #5289 );
#4682 = VERTEX_POINT( '', #5290 );
#4683 = CIRCLE( '', #5291, 0.0749999999999981 );
#4684 = VERTEX_POINT( '', #5292 );
#4685 = LINE( '', #5293, #5294 );
#4686 = CIRCLE( '', #5295, 0.225000000000000 );
#4687 = LINE( '', #5296, #5297 );
#4688 = VERTEX_POINT( '', #5298 );
#4689 = CIRCLE( '', #5299, 0.225000000000000 );
#4690 = VERTEX_POINT( '', #5300 );
#4691 = CIRCLE( '', #5301, 0.225000000000000 );
#4692 = LINE( '', #5302, #5303 );
#4693 = VERTEX_POINT( '', #5304 );
#4694 = VERTEX_POINT( '', #5305 );
#4695 = LINE( '', #5306, #5307 );
#4696 = VERTEX_POINT( '', #5308 );
#4697 = LINE( '', #5309, #5310 );
#4698 = VERTEX_POINT( '', #5311 );
#4699 = LINE( '', #5312, #5313 );
#4700 = LINE( '', #5314, #5315 );
#4701 = LINE( '', #5316, #5317 );
#4702 = LINE( '', #5318, #5319 );
#4703 = LINE( '', #5320, #5321 );
#4704 = VERTEX_POINT( '', #5322 );
#4705 = CIRCLE( '', #5323, 0.0749999999999981 );
#4706 = LINE( '', #5324, #5325 );
#4707 = LINE( '', #5326, #5327 );
#4708 = VERTEX_POINT( '', #5328 );
#4709 = LINE( '', #5329, #5330 );
#4710 = LINE( '', #5331, #5332 );
#4711 = CIRCLE( '', #5333, 0.0749999999999981 );
#4712 = LINE( '', #5334, #5335 );
#4713 = VERTEX_POINT( '', #5336 );
#4714 = VERTEX_POINT( '', #5337 );
#4715 = LINE( '', #5338, #5339 );
#4716 = VERTEX_POINT( '', #5340 );
#4717 = LINE( '', #5341, #5342 );
#4718 = VERTEX_POINT( '', #5343 );
#4719 = LINE( '', #5344, #5345 );
#4720 = LINE( '', #5346, #5347 );
#4721 = VERTEX_POINT( '', #5348 );
#4722 = VERTEX_POINT( '', #5349 );
#4723 = CIRCLE( '', #5350, 0.225000000000000 );
#4724 = VERTEX_POINT( '', #5351 );
#4725 = LINE( '', #5352, #5353 );
#4726 = VERTEX_POINT( '', #5354 );
#4727 = CIRCLE( '', #5355, 0.225000000000000 );
#4728 = LINE( '', #5356, #5357 );
#4729 = VERTEX_POINT( '', #5358 );
#4730 = VERTEX_POINT( '', #5359 );
#4731 = CIRCLE( '', #5360, 0.0750000000000012 );
#4732 = LINE( '', #5361, #5362 );
#4733 = LINE( '', #5363, #5364 );
#4734 = LINE( '', #5365, #5366 );
#4735 = VERTEX_POINT( '', #5367 );
#4736 = LINE( '', #5368, #5369 );
#4737 = LINE( '', #5370, #5371 );
#4738 = VERTEX_POINT( '', #5372 );
#4739 = LINE( '', #5373, #5374 );
#4740 = CIRCLE( '', #5375, 0.0750000000000000 );
#4741 = LINE( '', #5376, #5377 );
#4742 = LINE( '', #5378, #5379 );
#4743 = VERTEX_POINT( '', #5380 );
#4744 = VERTEX_POINT( '', #5381 );
#4745 = LINE( '', #5382, #5383 );
#4746 = VERTEX_POINT( '', #5384 );
#4747 = LINE( '', #5385, #5386 );
#4748 = VERTEX_POINT( '', #5387 );
#4749 = LINE( '', #5388, #5389 );
#4750 = LINE( '', #5390, #5391 );
#4751 = VERTEX_POINT( '', #5392 );
#4752 = VERTEX_POINT( '', #5393 );
#4753 = LINE( '', #5394, #5395 );
#4754 = LINE( '', #5396, #5397 );
#4755 = LINE( '', #5398, #5399 );
#4756 = CIRCLE( '', #5400, 0.225000000000000 );
#4757 = VERTEX_POINT( '', #5401 );
#4758 = CIRCLE( '', #5402, 0.0749999999999990 );
#4759 = LINE( '', #5403, #5404 );
#4760 = VERTEX_POINT( '', #5405 );
#4761 = CIRCLE( '', #5406, 0.0750000000000000 );
#4762 = CIRCLE( '', #5407, 0.225000000000000 );
#4763 = LINE( '', #5408, #5409 );
#4764 = VERTEX_POINT( '', #5410 );
#4765 = LINE( '', #5411, #5412 );
#4766 = VERTEX_POINT( '', #5413 );
#4767 = LINE( '', #5414, #5415 );
#4768 = LINE( '', #5416, #5417 );
#4769 = LINE( '', #5418, #5419 );
#4770 = LINE( '', #5420, #5421 );
#4771 = LINE( '', #5422, #5423 );
#4772 = VERTEX_POINT( '', #5424 );
#4773 = LINE( '', #5425, #5426 );
#4774 = LINE( '', #5427, #5428 );
#4775 = VERTEX_POINT( '', #5429 );
#4776 = CIRCLE( '', #5430, 0.0500000000000000 );
#4777 = LINE( '', #5431, #5432 );
#4778 = VERTEX_POINT( '', #5433 );
#4779 = LINE( '', #5434, #5435 );
#4780 = VERTEX_POINT( '', #5436 );
#4781 = LINE( '', #5437, #5438 );
#4782 = LINE( '', #5439, #5440 );
#4783 = LINE( '', #5441, #5442 );
#4784 = VERTEX_POINT( '', #5443 );
#4785 = LINE( '', #5444, #5445 );
#4786 = VERTEX_POINT( '', #5446 );
#4787 = LINE( '', #5447, #5448 );
#4788 = LINE( '', #5449, #5450 );
#4789 = LINE( '', #5451, #5452 );
#4790 = LINE( '', #5453, #5454 );
#4791 = LINE( '', #5455, #5456 );
#4792 = LINE( '', #5457, #5458 );
#4793 = CARTESIAN_POINT( '', ( -1.16921442480061, 2.90578557519940, 1.80660818600455 ) );
#4794 = CARTESIAN_POINT( '', ( -1.07500000000000, 3.00000000000000, 1.10000000000000 ) );
#4795 = CARTESIAN_POINT( '', ( -1.13465665236051, 2.94034334763949, 1.54742489270386 ) );
#4796 = VECTOR( '', #5459, 1000.00000000000 );
#4797 = CARTESIAN_POINT( '', ( 1.16921442480061, 2.90578557519940, 1.80660818600455 ) );
#4798 = CARTESIAN_POINT( '', ( 1.17500000000000, 2.90578557519940, 1.80660818600455 ) );
#4799 = VECTOR( '', #5460, 1000.00000000000 );
#4800 = CARTESIAN_POINT( '', ( 1.07500000000000, 3.00000000000000, 1.10000000000000 ) );
#4801 = CARTESIAN_POINT( '', ( 1.17500000000000, 2.90000000000000, 1.85000000000000 ) );
#4802 = VECTOR( '', #5461, 1000.00000000000 );
#4803 = CARTESIAN_POINT( '', ( 1.17500000000000, 3.00000000000000, 1.10000000000000 ) );
#4804 = VECTOR( '', #5462, 1000.00000000000 );
#4805 = CARTESIAN_POINT( '', ( -1.40000000000000, 0.000000000000000, 3.10000000000000 ) );
#4806 = AXIS2_PLACEMENT_3D( '', #5463, #5464, #5465 );
#4807 = CARTESIAN_POINT( '', ( -1.50000000000000, 0.000000000000000, 3.00000000000000 ) );
#4808 = AXIS2_PLACEMENT_3D( '', #5466, #5467, #5468 );
#4809 = CARTESIAN_POINT( '', ( -1.07500000000000, 3.00000000000000, 1.00000000000000 ) );
#4810 = CARTESIAN_POINT( '', ( -1.17500000000000, 2.90000000000000, 1.00000000000000 ) );
#4811 = CARTESIAN_POINT( '', ( 0.0500000000000110, 4.12500000000000, 1.00000000000000 ) );
#4812 = VECTOR( '', #5469, 1000.00000000000 );
#4813 = CARTESIAN_POINT( '', ( -1.17500000000000, 2.90000000000000, 1.80000000000000 ) );
#4814 = CARTESIAN_POINT( '', ( -1.17500000000000, 2.90000000000000, 1.00000000000000 ) );
#4815 = VECTOR( '', #5470, 1000.00000000000 );
#4816 = CARTESIAN_POINT( '', ( -1.17500000000000, 2.90000000000000, 1.82415942047725 ) );
#4817 = CARTESIAN_POINT( '', ( -1.17500000000000, 2.90000000000000, 10.4696675027910 ) );
#4818 = VECTOR( '', #5471, 1000.00000000000 );
#4819 = AXIS2_PLACEMENT_3D( '', #5472, #5473, #5474 );
#4820 = CARTESIAN_POINT( '', ( -1.07500000000000, 3.00000000000000, 10.4696675027910 ) );
#4821 = VECTOR( '', #5475, 1000.00000000000 );
#4822 = CARTESIAN_POINT( '', ( -1.17500000000000, 2.85622418016526, 1.85000000000000 ) );
#4823 = AXIS2_PLACEMENT_3D( '', #5476, #5477, #5478 );
#4824 = CARTESIAN_POINT( '', ( 1.17500000000000, 2.85622418016526, 1.85000000000000 ) );
#4825 = CARTESIAN_POINT( '', ( -3.10000000000000, 2.85622418016526, 1.85000000000000 ) );
#4826 = VECTOR( '', #5479, 1000.00000000000 );
#4827 = CARTESIAN_POINT( '', ( 1.17500000000000, 2.90000000000000, 1.82415942047725 ) );
#4828 = AXIS2_PLACEMENT_3D( '', #5480, #5481, #5482 );
#4829 = AXIS2_PLACEMENT_3D( '', #5483, #5484, #5485 );
#4830 = CARTESIAN_POINT( '', ( -1.17500000000000, 2.85000000000000, 1.85000000000000 ) );
#4831 = AXIS2_PLACEMENT_3D( '', #5486, #5487, #5488 );
#4832 = CARTESIAN_POINT( '', ( -1.17500000000000, 2.90000000000000, 1.85000000000000 ) );
#4833 = VECTOR( '', #5489, 1000.00000000000 );
#4834 = CARTESIAN_POINT( '', ( -2.10000000000000, 2.90000000000000, 1.80000000000000 ) );
#4835 = CARTESIAN_POINT( '', ( -1.17500000000000, 2.90000000000000, 1.80000000000000 ) );
#4836 = VECTOR( '', #5490, 1000.00000000000 );
#4837 = CARTESIAN_POINT( '', ( -2.10000000000000, 2.85000000000000, 1.85000000000000 ) );
#4838 = AXIS2_PLACEMENT_3D( '', #5491, #5492, #5493 );
#4839 = CARTESIAN_POINT( '', ( -2.10000000000000, 2.85000000000000, 1.85000000000000 ) );
#4840 = VECTOR( '', #5494, 1000.00000000000 );
#4841 = CARTESIAN_POINT( '', ( 1.17500000000000, 2.85000000000000, 1.85000000000000 ) );
#4842 = CARTESIAN_POINT( '', ( 1.17500000000000, -2.90000000000000, 1.85000000000000 ) );
#4843 = VECTOR( '', #5495, 1000.00000000000 );
#4844 = CARTESIAN_POINT( '', ( -2.10000000000000, 2.40000000000000, 1.85000000000000 ) );
#4845 = CARTESIAN_POINT( '', ( -2.10000000000000, -2.90000000000000, 1.85000000000000 ) );
#4846 = VECTOR( '', #5496, 1000.00000000000 );
#4847 = CARTESIAN_POINT( '', ( -1.85000000000000, 2.65000000000000, 1.85000000000000 ) );
#4848 = CARTESIAN_POINT( '', ( -5.25000000000000, -0.750000000000000, 1.85000000000000 ) );
#4849 = VECTOR( '', #5497, 1000.00000000000 );
#4850 = CARTESIAN_POINT( '', ( 1.85000000000000, 2.65000000000000, 1.85000000000000 ) );
#4851 = CARTESIAN_POINT( '', ( -3.10000000000000, 2.65000000000000, 1.85000000000000 ) );
#4852 = VECTOR( '', #5498, 1000.00000000000 );
#4853 = CARTESIAN_POINT( '', ( 2.10000000000000, 2.40000000000000, 1.85000000000000 ) );
#4854 = CARTESIAN_POINT( '', ( 2.15000000000000, 2.35000000000000, 1.85000000000000 ) );
#4855 = VECTOR( '', #5499, 1000.00000000000 );
#4856 = CARTESIAN_POINT( '', ( 2.10000000000000, 2.85000000000000, 1.85000000000000 ) );
#4857 = CARTESIAN_POINT( '', ( 2.10000000000000, -2.90000000000000, 1.85000000000000 ) );
#4858 = VECTOR( '', #5500, 1000.00000000000 );
#4859 = CARTESIAN_POINT( '', ( 1.17500000000000, 2.85000000000000, 1.85000000000000 ) );
#4860 = VECTOR( '', #5501, 1000.00000000000 );
#4861 = CARTESIAN_POINT( '', ( -2.10000000000000, 2.90000000000000, 1.70000000000000 ) );
#4862 = CARTESIAN_POINT( '', ( -2.10000000000000, 2.90000000000000, 11.7531676562612 ) );
#4863 = VECTOR( '', #5502, 1000.00000000000 );
#4864 = CARTESIAN_POINT( '', ( -2.10000000000000, 2.40000000000000, 1.70000000000000 ) );
#4865 = CARTESIAN_POINT( '', ( -2.10000000000000, 2.90000000000000, 1.70000000000000 ) );
#4866 = VECTOR( '', #5503, 1000.00000000000 );
#4867 = CARTESIAN_POINT( '', ( -2.10000000000000, 2.40000000000000, 11.7531676562612 ) );
#4868 = VECTOR( '', #5504, 1000.00000000000 );
#4869 = CARTESIAN_POINT( '', ( -2.60000000000000, 1.90000000000000, 1.70000000000000 ) );
#4870 = CARTESIAN_POINT( '', ( -2.35000000000000, 2.15000000000000, 1.70000000000000 ) );
#4871 = VECTOR( '', #5505, 1000.00000000000 );
#4872 = CARTESIAN_POINT( '', ( -3.10000000000000, 2.90000000000000, 1.70000000000000 ) );
#4873 = CARTESIAN_POINT( '', ( -3.10000000000000, 2.90000000000000, 1.70000000000000 ) );
#4874 = VECTOR( '', #5506, 1000.00000000000 );
#4875 = CARTESIAN_POINT( '', ( -3.10000000000000, 1.90000000000000, 1.70000000000000 ) );
#4876 = CARTESIAN_POINT( '', ( -3.10000000000000, 1.90000000000000, 1.70000000000000 ) );
#4877 = VECTOR( '', #5507, 1000.00000000000 );
#4878 = CARTESIAN_POINT( '', ( -2.10000000000000, 1.90000000000000, 1.70000000000000 ) );
#4879 = VECTOR( '', #5508, 1000.00000000000 );
#4880 = CARTESIAN_POINT( '', ( 1.17500000000000, 2.90000000000000, 1.00000000000000 ) );
#4881 = CARTESIAN_POINT( '', ( 1.17500000000000, 2.90000000000000, 1.00000000000000 ) );
#4882 = VECTOR( '', #5509, 1000.00000000000 );
#4883 = CARTESIAN_POINT( '', ( 1.17500000000000, 2.90000000000000, 1.80000000000000 ) );
#4884 = CARTESIAN_POINT( '', ( 1.17500000000000, 2.90000000000000, 1.00000000000000 ) );
#4885 = VECTOR( '', #5510, 1000.00000000000 );
#4886 = CARTESIAN_POINT( '', ( 2.10000000000000, 2.90000000000000, 1.80000000000000 ) );
#4887 = CARTESIAN_POINT( '', ( 2.10000000000000, 2.90000000000000, 1.80000000000000 ) );
#4888 = VECTOR( '', #5511, 1000.00000000000 );
#4889 = CARTESIAN_POINT( '', ( 2.10000000000000, 2.90000000000000, 1.70000000000000 ) );
#4890 = CARTESIAN_POINT( '', ( 2.10000000000000, 2.90000000000000, 1.85000000000000 ) );
#4891 = VECTOR( '', #5512, 1000.00000000000 );
#4892 = CARTESIAN_POINT( '', ( 3.10000000000000, 2.90000000000000, 1.70000000000000 ) );
#4893 = CARTESIAN_POINT( '', ( 3.10000000000000, 2.90000000000000, 1.70000000000000 ) );
#4894 = VECTOR( '', #5513, 1000.00000000000 );
#4895 = CARTESIAN_POINT( '', ( 3.10000000000000, 2.90000000000000, 0.000000000000000 ) );
#4896 = CARTESIAN_POINT( '', ( 3.10000000000000, 2.90000000000000, 1.85000000000000 ) );
#4897 = VECTOR( '', #5514, 1000.00000000000 );
#4898 = CARTESIAN_POINT( '', ( -3.10000000000000, 2.90000000000000, 0.000000000000000 ) );
#4899 = CARTESIAN_POINT( '', ( 3.10000000000000, 2.90000000000000, 0.000000000000000 ) );
#4900 = VECTOR( '', #5515, 1000.00000000000 );
#4901 = CARTESIAN_POINT( '', ( -3.10000000000000, 2.90000000000000, 1.85000000000000 ) );
#4902 = VECTOR( '', #5516, 1000.00000000000 );
#4903 = CARTESIAN_POINT( '', ( -3.10000000000000, 1.90000000000000, 1.85000000000000 ) );
#4904 = CARTESIAN_POINT( '', ( -3.10000000000000, -1.90000000000000, 1.85000000000000 ) );
#4905 = CARTESIAN_POINT( '', ( -3.10000000000000, 2.90000000000000, 1.85000000000000 ) );
#4906 = VECTOR( '', #5517, 1000.00000000000 );
#4907 = CARTESIAN_POINT( '', ( -3.10000000000000, 1.90000000000000, 1.85000000000000 ) );
#4908 = VECTOR( '', #5518, 1000.00000000000 );
#4909 = CARTESIAN_POINT( '', ( -3.10000000000000, 2.60050000000000, 0.000000000000000 ) );
#4910 = CARTESIAN_POINT( '', ( -3.10000000000000, 2.90000000000000, 0.000000000000000 ) );
#4911 = VECTOR( '', #5519, 1000.00000000000 );
#4912 = CARTESIAN_POINT( '', ( -3.10000000000000, 2.60050000000000, 0.151000000000000 ) );
#4913 = CARTESIAN_POINT( '', ( -3.10000000000000, 2.60050000000000, 0.151000000000000 ) );
#4914 = VECTOR( '', #5520, 1000.00000000000 );
#4915 = CARTESIAN_POINT( '', ( -3.10000000000000, 1.89950000000000, 0.151000000000000 ) );
#4916 = CARTESIAN_POINT( '', ( -3.10000000000000, 2.60050000000000, 0.151000000000000 ) );
#4917 = VECTOR( '', #5521, 1000.00000000000 );
#4918 = CARTESIAN_POINT( '', ( -3.10000000000000, 1.89950000000000, 0.000000000000000 ) );
#4919 = CARTESIAN_POINT( '', ( -3.10000000000000, 1.89950000000000, 0.151000000000000 ) );
#4920 = VECTOR( '', #5522, 1000.00000000000 );
#4921 = CARTESIAN_POINT( '', ( -3.10000000000000, -1.89950000000000, 0.000000000000000 ) );
#4922 = CARTESIAN_POINT( '', ( -3.10000000000000, 2.90000000000000, 0.000000000000000 ) );
#4923 = VECTOR( '', #5523, 1000.00000000000 );
#4924 = CARTESIAN_POINT( '', ( -3.10000000000000, -1.89950000000000, 0.151000000000000 ) );
#4925 = CARTESIAN_POINT( '', ( -3.10000000000000, -1.89950000000000, 0.151000000000000 ) );
#4926 = VECTOR( '', #5524, 1000.00000000000 );
#4927 = CARTESIAN_POINT( '', ( -3.10000000000000, -2.60050000000000, 0.151000000000000 ) );
#4928 = CARTESIAN_POINT( '', ( -3.10000000000000, -2.60050000000000, 0.151000000000000 ) );
#4929 = VECTOR( '', #5525, 1000.00000000000 );
#4930 = CARTESIAN_POINT( '', ( -3.10000000000000, -2.60050000000000, 0.000000000000000 ) );
#4931 = CARTESIAN_POINT( '', ( -3.10000000000000, -2.60050000000000, 0.151000000000000 ) );
#4932 = VECTOR( '', #5526, 1000.00000000000 );
#4933 = CARTESIAN_POINT( '', ( -3.10000000000000, -2.90000000000000, 0.000000000000000 ) );
#4934 = CARTESIAN_POINT( '', ( -3.10000000000000, 2.90000000000000, 0.000000000000000 ) );
#4935 = VECTOR( '', #5527, 1000.00000000000 );
#4936 = CARTESIAN_POINT( '', ( -3.10000000000000, -2.90000000000000, 1.70000000000000 ) );
#4937 = CARTESIAN_POINT( '', ( -3.10000000000000, -2.90000000000000, 1.85000000000000 ) );
#4938 = VECTOR( '', #5528, 1000.00000000000 );
#4939 = CARTESIAN_POINT( '', ( -3.10000000000000, -1.90000000000000, 1.70000000000000 ) );
#4940 = CARTESIAN_POINT( '', ( -3.10000000000000, -1.90000000000000, 1.70000000000000 ) );
#4941 = VECTOR( '', #5529, 1000.00000000000 );
#4942 = CARTESIAN_POINT( '', ( -3.10000000000000, -1.90000000000000, 11.7531676562612 ) );
#4943 = VECTOR( '', #5530, 1000.00000000000 );
#4944 = CARTESIAN_POINT( '', ( -2.40000000000000, -1.89950000000000, 0.000000000000000 ) );
#4945 = CARTESIAN_POINT( '', ( -2.40000000000000, -2.60050000000000, 0.000000000000000 ) );
#4946 = CARTESIAN_POINT( '', ( -2.40000000000000, -1.89950000000000, 0.000000000000000 ) );
#4947 = VECTOR( '', #5531, 1000.00000000000 );
#4948 = CARTESIAN_POINT( '', ( -3.10000000000000, -1.89950000000000, 0.000000000000000 ) );
#4949 = VECTOR( '', #5532, 1000.00000000000 );
#4950 = CARTESIAN_POINT( '', ( -2.40000000000000, 1.89950000000000, 0.000000000000000 ) );
#4951 = CARTESIAN_POINT( '', ( -3.10000000000000, 1.89950000000000, 0.000000000000000 ) );
#4952 = VECTOR( '', #5533, 1000.00000000000 );
#4953 = CARTESIAN_POINT( '', ( -2.40000000000000, 2.60050000000000, 0.000000000000000 ) );
#4954 = CARTESIAN_POINT( '', ( -2.40000000000000, 1.89950000000000, 0.000000000000000 ) );
#4955 = VECTOR( '', #5534, 1000.00000000000 );
#4956 = CARTESIAN_POINT( '', ( -2.40000000000000, 2.60050000000000, 0.000000000000000 ) );
#4957 = VECTOR( '', #5535, 1000.00000000000 );
#4958 = CARTESIAN_POINT( '', ( 3.10000000000000, 2.60050000000000, 0.000000000000000 ) );
#4959 = CARTESIAN_POINT( '', ( 3.10000000000000, -2.90000000000000, 0.000000000000000 ) );
#4960 = VECTOR( '', #5536, 1000.00000000000 );
#4961 = CARTESIAN_POINT( '', ( 2.40000000000000, 2.60050000000000, 0.000000000000000 ) );
#4962 = CARTESIAN_POINT( '', ( 2.40000000000000, 2.60050000000000, 0.000000000000000 ) );
#4963 = VECTOR( '', #5537, 1000.00000000000 );
#4964 = CARTESIAN_POINT( '', ( 2.40000000000000, 1.89950000000000, 0.000000000000000 ) );
#4965 = CARTESIAN_POINT( '', ( 2.40000000000000, 1.89950000000000, 0.000000000000000 ) );
#4966 = VECTOR( '', #5538, 1000.00000000000 );
#4967 = CARTESIAN_POINT( '', ( 3.10000000000000, 1.89950000000000, 0.000000000000000 ) );
#4968 = CARTESIAN_POINT( '', ( 3.10000000000000, 1.89950000000000, 0.000000000000000 ) );
#4969 = VECTOR( '', #5539, 1000.00000000000 );
#4970 = CARTESIAN_POINT( '', ( 3.10000000000000, -1.89950000000000, 0.000000000000000 ) );
#4971 = CARTESIAN_POINT( '', ( 3.10000000000000, -2.90000000000000, 0.000000000000000 ) );
#4972 = VECTOR( '', #5540, 1000.00000000000 );
#4973 = CARTESIAN_POINT( '', ( 2.40000000000000, -1.89950000000000, 0.000000000000000 ) );
#4974 = CARTESIAN_POINT( '', ( 3.10000000000000, -1.89950000000000, 0.000000000000000 ) );
#4975 = VECTOR( '', #5541, 1000.00000000000 );
#4976 = CARTESIAN_POINT( '', ( 2.40000000000000, -2.60050000000000, 0.000000000000000 ) );
#4977 = CARTESIAN_POINT( '', ( 2.40000000000000, -1.89950000000000, 0.000000000000000 ) );
#4978 = VECTOR( '', #5542, 1000.00000000000 );
#4979 = CARTESIAN_POINT( '', ( 3.10000000000000, -2.60050000000000, 0.000000000000000 ) );
#4980 = CARTESIAN_POINT( '', ( 2.40000000000000, -2.60050000000000, 0.000000000000000 ) );
#4981 = VECTOR( '', #5543, 1000.00000000000 );
#4982 = CARTESIAN_POINT( '', ( 3.10000000000000, -2.90000000000000, 0.000000000000000 ) );
#4983 = CARTESIAN_POINT( '', ( 3.10000000000000, -2.90000000000000, 0.000000000000000 ) );
#4984 = VECTOR( '', #5544, 1000.00000000000 );
#4985 = CARTESIAN_POINT( '', ( -3.10000000000000, -2.90000000000000, 0.000000000000000 ) );
#4986 = VECTOR( '', #5545, 1000.00000000000 );
#4987 = CARTESIAN_POINT( '', ( -2.40000000000000, -2.60050000000000, 0.000000000000000 ) );
#4988 = VECTOR( '', #5546, 1000.00000000000 );
#4989 = CARTESIAN_POINT( '', ( -2.40000000000000, 2.60050000000000, 0.151000000000000 ) );
#4990 = CARTESIAN_POINT( '', ( -2.40000000000000, 2.60050000000000, 0.151000000000000 ) );
#4991 = VECTOR( '', #5547, 1000.00000000000 );
#4992 = CARTESIAN_POINT( '', ( -2.40000000000000, 2.60050000000000, 0.151000000000000 ) );
#4993 = VECTOR( '', #5548, 1000.00000000000 );
#4994 = CARTESIAN_POINT( '', ( -2.40000000000000, 1.89950000000000, 0.151000000000000 ) );
#4995 = CARTESIAN_POINT( '', ( -2.40000000000000, 1.89950000000000, 0.151000000000000 ) );
#4996 = VECTOR( '', #5549, 1000.00000000000 );
#4997 = CARTESIAN_POINT( '', ( -3.10000000000000, 1.89950000000000, 0.151000000000000 ) );
#4998 = VECTOR( '', #5550, 1000.00000000000 );
#4999 = CARTESIAN_POINT( '', ( -2.61279344438426, 1.90000000000000, 0.151000000000000 ) );
#5000 = CARTESIAN_POINT( '', ( -2.61279344438426, 2.60000000000000, 0.151000000000000 ) );
#5001 = CARTESIAN_POINT( '', ( -2.61279344438426, 0.000000000000000, 0.151000000000000 ) );
#5002 = VECTOR( '', #5551, 1000.00000000000 );
#5003 = CARTESIAN_POINT( '', ( -2.41251705950830, 1.90000000000000, 0.151000000000000 ) );
#5004 = CARTESIAN_POINT( '', ( -3.10000000000000, 1.90000000000000, 0.151000000000000 ) );
#5005 = VECTOR( '', #5552, 1000.00000000000 );
#5006 = CARTESIAN_POINT( '', ( -2.41251705950830, 2.60000000000000, 0.151000000000000 ) );
#5007 = CARTESIAN_POINT( '', ( -2.41251705950830, 0.000000000000000, 0.151000000000000 ) );
#5008 = VECTOR( '', #5553, 1000.00000000000 );
#5009 = CARTESIAN_POINT( '', ( -3.10000000000000, 2.60000000000000, 0.151000000000000 ) );
#5010 = VECTOR( '', #5554, 1000.00000000000 );
#5011 = CARTESIAN_POINT( '', ( -2.40000000000000, 1.89950000000000, 0.151000000000000 ) );
#5012 = VECTOR( '', #5555, 1000.00000000000 );
#5013 = CARTESIAN_POINT( '', ( 1.17500000000000, -2.90000000000000, 1.00000000000000 ) );
#5014 = CARTESIAN_POINT( '', ( 1.17500000000000, -2.90000000000000, 1.80000000000000 ) );
#5015 = CARTESIAN_POINT( '', ( 1.17500000000000, -2.90000000000000, 1.00000000000000 ) );
#5016 = VECTOR( '', #5556, 1000.00000000000 );
#5017 = CARTESIAN_POINT( '', ( -1.17500000000000, -2.90000000000000, 1.00000000000000 ) );
#5018 = CARTESIAN_POINT( '', ( 1.17500000000000, -2.90000000000000, 1.00000000000000 ) );
#5019 = VECTOR( '', #5557, 1000.00000000000 );
#5020 = CARTESIAN_POINT( '', ( -1.17500000000000, -2.90000000000000, 1.80000000000000 ) );
#5021 = CARTESIAN_POINT( '', ( -1.17500000000000, -2.90000000000000, 1.00000000000000 ) );
#5022 = VECTOR( '', #5558, 1000.00000000000 );
#5023 = CARTESIAN_POINT( '', ( -2.10000000000000, -2.90000000000000, 1.80000000000000 ) );
#5024 = CARTESIAN_POINT( '', ( -2.10000000000000, -2.90000000000000, 1.80000000000000 ) );
#5025 = VECTOR( '', #5559, 1000.00000000000 );
#5026 = CARTESIAN_POINT( '', ( -2.10000000000000, -2.90000000000000, 1.70000000000000 ) );
#5027 = CARTESIAN_POINT( '', ( -2.10000000000000, -2.90000000000000, 11.7531676562612 ) );
#5028 = VECTOR( '', #5560, 1000.00000000000 );
#5029 = CARTESIAN_POINT( '', ( -3.10000000000000, -2.90000000000000, 1.70000000000000 ) );
#5030 = VECTOR( '', #5561, 1000.00000000000 );
#5031 = CARTESIAN_POINT( '', ( 3.10000000000000, -2.90000000000000, 1.70000000000000 ) );
#5032 = CARTESIAN_POINT( '', ( 3.10000000000000, -2.90000000000000, 1.85000000000000 ) );
#5033 = VECTOR( '', #5562, 1000.00000000000 );
#5034 = CARTESIAN_POINT( '', ( 2.10000000000000, -2.90000000000000, 1.70000000000000 ) );
#5035 = CARTESIAN_POINT( '', ( 3.10000000000000, -2.90000000000000, 1.70000000000000 ) );
#5036 = VECTOR( '', #5563, 1000.00000000000 );
#5037 = CARTESIAN_POINT( '', ( 2.10000000000000, -2.90000000000000, 1.80000000000000 ) );
#5038 = CARTESIAN_POINT( '', ( 2.10000000000000, -2.90000000000000, 11.7531676562612 ) );
#5039 = VECTOR( '', #5564, 1000.00000000000 );
#5040 = CARTESIAN_POINT( '', ( 1.17500000000000, -2.90000000000000, 1.80000000000000 ) );
#5041 = VECTOR( '', #5565, 1000.00000000000 );
#5042 = CARTESIAN_POINT( '', ( 3.10000000000000, 1.90000000000000, 1.85000000000000 ) );
#5043 = CARTESIAN_POINT( '', ( 3.10000000000000, 1.90000000000000, 1.70000000000000 ) );
#5044 = CARTESIAN_POINT( '', ( 3.10000000000000, 1.90000000000000, 11.7531676562612 ) );
#5045 = VECTOR( '', #5566, 1000.00000000000 );
#5046 = CARTESIAN_POINT( '', ( 3.10000000000000, -1.90000000000000, 1.85000000000000 ) );
#5047 = CARTESIAN_POINT( '', ( 3.10000000000000, -2.90000000000000, 1.85000000000000 ) );
#5048 = VECTOR( '', #5567, 1000.00000000000 );
#5049 = CARTESIAN_POINT( '', ( 3.10000000000000, -1.90000000000000, 1.70000000000000 ) );
#5050 = CARTESIAN_POINT( '', ( 3.10000000000000, -1.90000000000000, 1.85000000000000 ) );
#5051 = VECTOR( '', #5568, 1000.00000000000 );
#5052 = CARTESIAN_POINT( '', ( 3.10000000000000, -1.90000000000000, 1.70000000000000 ) );
#5053 = VECTOR( '', #5569, 1000.00000000000 );
#5054 = CARTESIAN_POINT( '', ( 3.10000000000000, -2.60050000000000, 0.151000000000000 ) );
#5055 = CARTESIAN_POINT( '', ( 3.10000000000000, -2.60050000000000, 0.151000000000000 ) );
#5056 = VECTOR( '', #5570, 1000.00000000000 );
#5057 = CARTESIAN_POINT( '', ( 3.10000000000000, -1.89950000000000, 0.151000000000000 ) );
#5058 = CARTESIAN_POINT( '', ( 3.10000000000000, -2.60050000000000, 0.151000000000000 ) );
#5059 = VECTOR( '', #5571, 1000.00000000000 );
#5060 = CARTESIAN_POINT( '', ( 3.10000000000000, -1.89950000000000, 0.151000000000000 ) );
#5061 = VECTOR( '', #5572, 1000.00000000000 );
#5062 = CARTESIAN_POINT( '', ( 3.10000000000000, 1.89950000000000, 0.151000000000000 ) );
#5063 = CARTESIAN_POINT( '', ( 3.10000000000000, 1.89950000000000, 0.151000000000000 ) );
#5064 = VECTOR( '', #5573, 1000.00000000000 );
#5065 = CARTESIAN_POINT( '', ( 3.10000000000000, 2.60050000000000, 0.151000000000000 ) );
#5066 = CARTESIAN_POINT( '', ( 3.10000000000000, 2.60050000000000, 0.151000000000000 ) );
#5067 = VECTOR( '', #5574, 1000.00000000000 );
#5068 = CARTESIAN_POINT( '', ( 3.10000000000000, 2.60050000000000, 0.151000000000000 ) );
#5069 = VECTOR( '', #5575, 1000.00000000000 );
#5070 = CARTESIAN_POINT( '', ( 3.10000000000000, 1.90000000000000, 1.70000000000000 ) );
#5071 = VECTOR( '', #5576, 1000.00000000000 );
#5072 = CARTESIAN_POINT( '', ( 2.10000000000000, -2.40000000000000, 1.70000000000000 ) );
#5073 = CARTESIAN_POINT( '', ( 2.60000000000000, -1.90000000000000, 1.70000000000000 ) );
#5074 = CARTESIAN_POINT( '', ( 2.35000000000000, -2.15000000000000, 1.70000000000000 ) );
#5075 = VECTOR( '', #5577, 1000.00000000000 );
#5076 = CARTESIAN_POINT( '', ( 2.10000000000000, -2.90000000000000, 1.70000000000000 ) );
#5077 = VECTOR( '', #5578, 1000.00000000000 );
#5078 = CARTESIAN_POINT( '', ( 2.10000000000000, -1.90000000000000, 1.70000000000000 ) );
#5079 = VECTOR( '', #5579, 1000.00000000000 );
#5080 = CARTESIAN_POINT( '', ( 1.17500000000000, -2.85000000000000, 1.85000000000000 ) );
#5081 = AXIS2_PLACEMENT_3D( '', #5580, #5581, #5582 );
#5082 = CARTESIAN_POINT( '', ( 2.10000000000000, -2.85000000000000, 1.85000000000000 ) );
#5083 = AXIS2_PLACEMENT_3D( '', #5583, #5584, #5585 );
#5084 = CARTESIAN_POINT( '', ( 2.10000000000000, -2.85000000000000, 1.85000000000000 ) );
#5085 = VECTOR( '', #5586, 1000.00000000000 );
#5086 = CARTESIAN_POINT( '', ( 1.17500000000000, -2.85622418016526, 1.85000000000000 ) );
#5087 = CARTESIAN_POINT( '', ( 1.17500000000000, -2.90000000000000, 1.82415942047724 ) );
#5088 = AXIS2_PLACEMENT_3D( '', #5587, #5588, #5589 );
#5089 = CARTESIAN_POINT( '', ( 1.17500000000000, -2.90000000000000, 10.4696675027910 ) );
#5090 = VECTOR( '', #5590, 1000.00000000000 );
#5091 = CARTESIAN_POINT( '', ( 1.17500000000000, -2.90000000000000, 1.85000000000000 ) );
#5092 = VECTOR( '', #5591, 1000.00000000000 );
#5093 = AXIS2_PLACEMENT_3D( '', #5592, #5593, #5594 );
#5094 = CARTESIAN_POINT( '', ( 1.17500000000000, 2.90000000000000, 10.4696675027910 ) );
#5095 = VECTOR( '', #5595, 1000.00000000000 );
#5096 = AXIS2_PLACEMENT_3D( '', #5596, #5597, #5598 );
#5097 = CARTESIAN_POINT( '', ( 2.10000000000000, 2.40000000000000, 1.70000000000000 ) );
#5098 = CARTESIAN_POINT( '', ( 2.10000000000000, 2.40000000000000, 11.7531676562612 ) );
#5099 = VECTOR( '', #5599, 1000.00000000000 );
#5100 = CARTESIAN_POINT( '', ( 2.10000000000000, 2.90000000000000, 1.70000000000000 ) );
#5101 = VECTOR( '', #5600, 1000.00000000000 );
#5102 = CARTESIAN_POINT( '', ( 2.60000000000000, 1.90000000000000, 1.70000000000000 ) );
#5103 = CARTESIAN_POINT( '', ( 2.35000000000000, 2.15000000000000, 1.70000000000000 ) );
#5104 = VECTOR( '', #5601, 1000.00000000000 );
#5105 = CARTESIAN_POINT( '', ( 2.10000000000000, 1.90000000000000, 1.70000000000000 ) );
#5106 = VECTOR( '', #5602, 1000.00000000000 );
#5107 = CARTESIAN_POINT( '', ( 2.40000000000000, 1.89950000000000, 0.151000000000000 ) );
#5108 = CARTESIAN_POINT( '', ( 2.40000000000000, 1.89950000000000, 0.151000000000000 ) );
#5109 = VECTOR( '', #5603, 1000.00000000000 );
#5110 = CARTESIAN_POINT( '', ( 3.10000000000000, 1.89950000000000, 0.151000000000000 ) );
#5111 = VECTOR( '', #5604, 1000.00000000000 );
#5112 = CARTESIAN_POINT( '', ( 2.61279344438427, 2.60000000000000, 0.151000000000000 ) );
#5113 = CARTESIAN_POINT( '', ( 2.61279344438427, 1.90000000000000, 0.151000000000000 ) );
#5114 = CARTESIAN_POINT( '', ( 2.61279344438427, 0.000000000000000, 0.151000000000000 ) );
#5115 = VECTOR( '', #5605, 1000.00000000000 );
#5116 = CARTESIAN_POINT( '', ( 2.41251705950830, 2.60000000000000, 0.151000000000000 ) );
#5117 = CARTESIAN_POINT( '', ( 3.10000000000000, 2.60000000000000, 0.151000000000000 ) );
#5118 = VECTOR( '', #5606, 1000.00000000000 );
#5119 = CARTESIAN_POINT( '', ( 2.41251705950830, 1.90000000000000, 0.151000000000000 ) );
#5120 = CARTESIAN_POINT( '', ( 2.41251705950830, 0.000000000000000, 0.151000000000000 ) );
#5121 = VECTOR( '', #5607, 1000.00000000000 );
#5122 = CARTESIAN_POINT( '', ( 3.10000000000000, 1.90000000000000, 0.151000000000000 ) );
#5123 = VECTOR( '', #5608, 1000.00000000000 );
#5124 = CARTESIAN_POINT( '', ( 2.40000000000000, 2.60050000000000, 0.151000000000000 ) );
#5125 = CARTESIAN_POINT( '', ( 2.40000000000000, 1.89950000000000, 0.151000000000000 ) );
#5126 = VECTOR( '', #5609, 1000.00000000000 );
#5127 = CARTESIAN_POINT( '', ( 2.40000000000000, 2.60050000000000, 0.151000000000000 ) );
#5128 = VECTOR( '', #5610, 1000.00000000000 );
#5129 = CARTESIAN_POINT( '', ( 2.40000000000000, 2.60050000000000, 0.151000000000000 ) );
#5130 = VECTOR( '', #5611, 1000.00000000000 );
#5131 = CARTESIAN_POINT( '', ( 2.40000000000000, -2.60050000000000, 0.151000000000000 ) );
#5132 = CARTESIAN_POINT( '', ( 2.40000000000000, -2.60050000000000, 0.151000000000000 ) );
#5133 = VECTOR( '', #5612, 1000.00000000000 );
#5134 = CARTESIAN_POINT( '', ( 2.40000000000000, -2.60050000000000, 0.151000000000000 ) );
#5135 = VECTOR( '', #5613, 1000.00000000000 );
#5136 = CARTESIAN_POINT( '', ( 1.07500000000000, 3.00000000000000, 1.00000000000000 ) );
#5137 = CARTESIAN_POINT( '', ( 1.07500000000000, 3.00000000000000, 10.4696675027910 ) );
#5138 = VECTOR( '', #5614, 1000.00000000000 );
#5139 = CARTESIAN_POINT( '', ( 1.17500000000000, 3.00000000000000, 1.00000000000000 ) );
#5140 = VECTOR( '', #5615, 1000.00000000000 );
#5141 = CARTESIAN_POINT( '', ( 1.12500000000000, 2.95000000000000, 1.00000000000000 ) );
#5142 = VECTOR( '', #5616, 1000.00000000000 );
#5143 = CARTESIAN_POINT( '', ( -1.85000000000000, 2.65000000000000, 1.00000000000000 ) );
#5144 = CARTESIAN_POINT( '', ( -2.85000000000000, 1.65000000000000, 1.00000000000000 ) );
#5145 = CARTESIAN_POINT( '', ( -1.85000000000000, 2.65000000000000, 1.00000000000000 ) );
#5146 = VECTOR( '', #5617, 1000.00000000000 );
#5147 = CARTESIAN_POINT( '', ( -2.85000000000000, -1.65000000000000, 1.00000000000000 ) );
#5148 = CARTESIAN_POINT( '', ( -2.85000000000000, 1.65000000000000, 1.00000000000000 ) );
#5149 = VECTOR( '', #5618, 1000.00000000000 );
#5150 = CARTESIAN_POINT( '', ( -1.85000000000000, -2.65000000000000, 1.00000000000000 ) );
#5151 = CARTESIAN_POINT( '', ( -2.85000000000000, -1.65000000000000, 1.00000000000000 ) );
#5152 = VECTOR( '', #5619, 1000.00000000000 );
#5153 = CARTESIAN_POINT( '', ( 1.85000000000000, -2.65000000000000, 1.00000000000000 ) );
#5154 = CARTESIAN_POINT( '', ( -1.85000000000000, -2.65000000000000, 1.00000000000000 ) );
#5155 = VECTOR( '', #5620, 1000.00000000000 );
#5156 = CARTESIAN_POINT( '', ( 2.85000000000000, -1.65000000000000, 1.00000000000000 ) );
#5157 = CARTESIAN_POINT( '', ( 1.85000000000000, -2.65000000000000, 1.00000000000000 ) );
#5158 = VECTOR( '', #5621, 1000.00000000000 );
#5159 = CARTESIAN_POINT( '', ( 2.85000000000000, 1.65000000000000, 1.00000000000000 ) );
#5160 = CARTESIAN_POINT( '', ( 2.85000000000000, -1.65000000000000, 1.00000000000000 ) );
#5161 = VECTOR( '', #5622, 1000.00000000000 );
#5162 = CARTESIAN_POINT( '', ( 1.85000000000000, 2.65000000000000, 1.00000000000000 ) );
#5163 = CARTESIAN_POINT( '', ( 2.85000000000000, 1.65000000000000, 1.00000000000000 ) );
#5164 = VECTOR( '', #5623, 1000.00000000000 );
#5165 = CARTESIAN_POINT( '', ( 1.85000000000000, 2.65000000000000, 1.00000000000000 ) );
#5166 = VECTOR( '', #5624, 1000.00000000000 );
#5167 = CARTESIAN_POINT( '', ( 1.50000000000000, 0.000000000000000, 1.00000000000000 ) );
#5168 = AXIS2_PLACEMENT_3D( '', #5625, #5626, #5627 );
#5169 = CARTESIAN_POINT( '', ( 1.16921442480061, -2.90578557519940, 1.80660818600455 ) );
#5170 = AXIS2_PLACEMENT_3D( '', #5628, #5629, #5630 );
#5171 = CARTESIAN_POINT( '', ( -1.17500000000000, -2.85622418016526, 1.85000000000000 ) );
#5172 = CARTESIAN_POINT( '', ( 1.17500000000000, -2.85622418016526, 1.85000000000000 ) );
#5173 = VECTOR( '', #5631, 1000.00000000000 );
#5174 = CARTESIAN_POINT( '', ( -1.17500000000000, -2.90000000000000, 1.82415942047725 ) );
#5175 = AXIS2_PLACEMENT_3D( '', #5632, #5633, #5634 );
#5176 = CARTESIAN_POINT( '', ( -1.16921442480061, -2.90578557519940, 1.80660818600455 ) );
#5177 = AXIS2_PLACEMENT_3D( '', #5635, #5636, #5637 );
#5178 = CARTESIAN_POINT( '', ( -1.17500000000000, -2.90578557519940, 1.80660818600455 ) );
#5179 = VECTOR( '', #5638, 1000.00000000000 );
#5180 = CARTESIAN_POINT( '', ( -1.85000000000000, 2.65000000000000, 11.0531676562612 ) );
#5181 = VECTOR( '', #5639, 1000.00000000000 );
#5182 = CARTESIAN_POINT( '', ( 1.85000000000000, 2.65000000000000, 11.0531676562612 ) );
#5183 = VECTOR( '', #5640, 1000.00000000000 );
#5184 = CARTESIAN_POINT( '', ( -1.85000000000000, -2.65000000000000, 1.85000000000000 ) );
#5185 = CARTESIAN_POINT( '', ( -1.85000000000000, -2.65000000000000, 11.0531676562612 ) );
#5186 = VECTOR( '', #5641, 1000.00000000000 );
#5187 = CARTESIAN_POINT( '', ( -2.85000000000000, -1.65000000000000, 1.85000000000000 ) );
#5188 = CARTESIAN_POINT( '', ( -2.85000000000000, -1.65000000000000, 11.0531676562612 ) );
#5189 = VECTOR( '', #5642, 1000.00000000000 );
#5190 = CARTESIAN_POINT( '', ( -2.60000000000000, -1.90000000000000, 1.85000000000000 ) );
#5191 = CARTESIAN_POINT( '', ( -2.35000000000000, -2.15000000000000, 1.85000000000000 ) );
#5192 = VECTOR( '', #5643, 1000.00000000000 );
#5193 = CARTESIAN_POINT( '', ( -2.60000000000000, -1.90000000000000, 1.70000000000000 ) );
#5194 = CARTESIAN_POINT( '', ( -2.60000000000000, -1.90000000000000, 11.7531676562612 ) );
#5195 = VECTOR( '', #5644, 1000.00000000000 );
#5196 = CARTESIAN_POINT( '', ( -2.10000000000000, -2.40000000000000, 1.70000000000000 ) );
#5197 = CARTESIAN_POINT( '', ( -2.35000000000000, -2.15000000000000, 1.70000000000000 ) );
#5198 = VECTOR( '', #5645, 1000.00000000000 );
#5199 = CARTESIAN_POINT( '', ( -2.10000000000000, -2.40000000000000, 1.85000000000000 ) );
#5200 = CARTESIAN_POINT( '', ( -2.10000000000000, -2.40000000000000, 11.7531676562612 ) );
#5201 = VECTOR( '', #5646, 1000.00000000000 );
#5202 = CARTESIAN_POINT( '', ( -2.35000000000000, -2.15000000000000, 1.85000000000000 ) );
#5203 = VECTOR( '', #5647, 1000.00000000000 );
#5204 = CARTESIAN_POINT( '', ( 2.85000000000000, 1.65000000000000, 1.85000000000000 ) );
#5205 = CARTESIAN_POINT( '', ( 2.85000000000000, 1.65000000000000, 11.0531676562612 ) );
#5206 = VECTOR( '', #5648, 1000.00000000000 );
#5207 = CARTESIAN_POINT( '', ( 2.85000000000000, -1.65000000000000, 1.85000000000000 ) );
#5208 = CARTESIAN_POINT( '', ( 2.85000000000000, -1.65000000000000, 11.0531676562612 ) );
#5209 = VECTOR( '', #5649, 1000.00000000000 );
#5210 = CARTESIAN_POINT( '', ( 2.85000000000000, -2.90000000000000, 1.85000000000000 ) );
#5211 = VECTOR( '', #5650, 1000.00000000000 );
#5212 = CARTESIAN_POINT( '', ( 2.60000000000000, 1.90000000000000, 1.85000000000000 ) );
#5213 = CARTESIAN_POINT( '', ( 2.15000000000000, 2.35000000000000, 1.85000000000000 ) );
#5214 = VECTOR( '', #5651, 1000.00000000000 );
#5215 = CARTESIAN_POINT( '', ( 2.60000000000000, 1.90000000000000, 11.7531676562612 ) );
#5216 = VECTOR( '', #5652, 1000.00000000000 );
#5217 = CARTESIAN_POINT( '', ( -2.85000000000000, 1.65000000000000, 1.85000000000000 ) );
#5218 = CARTESIAN_POINT( '', ( -2.85000000000000, 1.65000000000000, 11.0531676562612 ) );
#5219 = VECTOR( '', #5653, 1000.00000000000 );
#5220 = CARTESIAN_POINT( '', ( -2.60000000000000, 1.90000000000000, 1.85000000000000 ) );
#5221 = CARTESIAN_POINT( '', ( -2.60000000000000, 1.90000000000000, 11.7531676562612 ) );
#5222 = VECTOR( '', #5654, 1000.00000000000 );
#5223 = CARTESIAN_POINT( '', ( -5.25000000000000, -0.750000000000000, 1.85000000000000 ) );
#5224 = VECTOR( '', #5655, 1000.00000000000 );
#5225 = CARTESIAN_POINT( '', ( 1.85000000000000, -2.65000000000000, 1.85000000000000 ) );
#5226 = CARTESIAN_POINT( '', ( 1.85000000000000, -2.65000000000000, 11.0531676562612 ) );
#5227 = VECTOR( '', #5656, 1000.00000000000 );
#5228 = CARTESIAN_POINT( '', ( 2.10000000000000, -2.40000000000000, 1.85000000000000 ) );
#5229 = CARTESIAN_POINT( '', ( -0.750000000000000, -5.25000000000000, 1.85000000000000 ) );
#5230 = VECTOR( '', #5657, 1000.00000000000 );
#5231 = CARTESIAN_POINT( '', ( 2.10000000000000, -2.40000000000000, 11.7531676562612 ) );
#5232 = VECTOR( '', #5658, 1000.00000000000 );
#5233 = CARTESIAN_POINT( '', ( 2.60000000000000, -1.90000000000000, 1.85000000000000 ) );
#5234 = CARTESIAN_POINT( '', ( 2.60000000000000, -1.90000000000000, 11.7531676562612 ) );
#5235 = VECTOR( '', #5659, 1000.00000000000 );
#5236 = CARTESIAN_POINT( '', ( -0.750000000000000, -5.25000000000000, 1.85000000000000 ) );
#5237 = VECTOR( '', #5660, 1000.00000000000 );
#5238 = CARTESIAN_POINT( '', ( -3.10000000000000, -2.65000000000000, 1.85000000000000 ) );
#5239 = VECTOR( '', #5661, 1000.00000000000 );
#5240 = CARTESIAN_POINT( '', ( -2.85000000000000, -2.90000000000000, 1.85000000000000 ) );
#5241 = VECTOR( '', #5662, 1000.00000000000 );
#5242 = CARTESIAN_POINT( '', ( 2.62500000000000, -2.60000000000000, 1.54498809579185E-015 ) );
#5243 = CARTESIAN_POINT( '', ( 2.62500000000000, -1.90000000000000, 1.54498809579185E-015 ) );
#5244 = CARTESIAN_POINT( '', ( 2.62500000000000, -1.90000000000000, 1.73472347597680E-015 ) );
#5245 = VECTOR( '', #5663, 1000.00000000000 );
#5246 = CARTESIAN_POINT( '', ( 4.00000000000000, -1.90000000000000, 2.16840434497101E-015 ) );
#5247 = CARTESIAN_POINT( '', ( 4.00000000000000, -1.90000000000000, 2.16840434497101E-015 ) );
#5248 = VECTOR( '', #5664, 1000.00000000000 );
#5249 = CARTESIAN_POINT( '', ( 4.00000000000000, -2.60000000000000, 2.16840434497101E-015 ) );
#5250 = CARTESIAN_POINT( '', ( 4.00000000000000, -1.90000000000000, 2.16840434497101E-015 ) );
#5251 = VECTOR( '', #5665, 1000.00000000000 );
#5252 = CARTESIAN_POINT( '', ( 4.00000000000000, -2.60000000000000, 2.16840434497101E-015 ) );
#5253 = VECTOR( '', #5666, 1000.00000000000 );
#5254 = CARTESIAN_POINT( '', ( 4.00000000000000, -1.90000000000000, 0.150000000000000 ) );
#5255 = CARTESIAN_POINT( '', ( 4.00000000000000, -1.90000000000000, 0.150000000000000 ) );
#5256 = VECTOR( '', #5667, 1000.00000000000 );
#5257 = CARTESIAN_POINT( '', ( 4.00000000000000, -2.60000000000000, 0.150000000000000 ) );
#5258 = CARTESIAN_POINT( '', ( 4.00000000000000, -2.60000000000000, 0.150000000000000 ) );
#5259 = VECTOR( '', #5668, 1000.00000000000 );
#5260 = CARTESIAN_POINT( '', ( 4.00000000000000, -2.60000000000000, 2.16840434497101E-015 ) );
#5261 = VECTOR( '', #5669, 1000.00000000000 );
#5262 = CARTESIAN_POINT( '', ( -3.10000000000000, 1.90000000000000, 1.85000000000000 ) );
#5263 = VECTOR( '', #5670, 1000.00000000000 );
#5264 = CARTESIAN_POINT( '', ( -3.10000000000000, 1.90000000000000, 1.85000000000000 ) );
#5265 = VECTOR( '', #5671, 1000.00000000000 );
#5266 = CARTESIAN_POINT( '', ( -3.10000000000000, -1.90000000000000, 1.85000000000000 ) );
#5267 = VECTOR( '', #5672, 1000.00000000000 );
#5268 = CARTESIAN_POINT( '', ( 2.10000000000000, -2.90000000000000, 1.85000000000000 ) );
#5269 = VECTOR( '', #5673, 1000.00000000000 );
#5270 = CARTESIAN_POINT( '', ( -2.10000000000000, -2.90000000000000, 1.70000000000000 ) );
#5271 = VECTOR( '', #5674, 1000.00000000000 );
#5272 = CARTESIAN_POINT( '', ( -2.10000000000000, -1.90000000000000, 1.70000000000000 ) );
#5273 = VECTOR( '', #5675, 1000.00000000000 );
#5274 = CARTESIAN_POINT( '', ( -3.10000000000000, -1.90000000000000, 1.85000000000000 ) );
#5275 = VECTOR( '', #5676, 1000.00000000000 );
#5276 = CARTESIAN_POINT( '', ( -2.10000000000000, -2.85000000000000, 1.85000000000000 ) );
#5277 = AXIS2_PLACEMENT_3D( '', #5677, #5678, #5679 );
#5278 = CARTESIAN_POINT( '', ( -2.10000000000000, -2.90000000000000, 1.85000000000000 ) );
#5279 = VECTOR( '', #5680, 1000.00000000000 );
#5280 = CARTESIAN_POINT( '', ( 2.41251705950830, -1.90000000000000, 0.151000000000000 ) );
#5281 = AXIS2_PLACEMENT_3D( '', #5681, #5682, #5683 );
#5282 = CARTESIAN_POINT( '', ( 2.61279344438426, -1.90000000000000, 0.151000000000000 ) );
#5283 = CARTESIAN_POINT( '', ( 3.10000000000000, -1.90000000000000, 0.151000000000000 ) );
#5284 = VECTOR( '', #5684, 1000.00000000000 );
#5285 = CARTESIAN_POINT( '', ( 2.62500000000000, -1.90000000000000, 0.150000000000000 ) );
#5286 = AXIS2_PLACEMENT_3D( '', #5685, #5686, #5687 );
#5287 = CARTESIAN_POINT( '', ( 4.00000000000000, -1.90000000000000, 0.150000000000000 ) );
#5288 = VECTOR( '', #5688, 1000.00000000000 );
#5289 = CARTESIAN_POINT( '', ( 2.62500000000000, -2.60000000000000, 0.150000000000000 ) );
#5290 = CARTESIAN_POINT( '', ( 2.61279344438427, -2.60000000000000, 0.151000000000000 ) );
#5291 = AXIS2_PLACEMENT_3D( '', #5689, #5690, #5691 );
#5292 = CARTESIAN_POINT( '', ( 2.41251705950830, -2.60000000000000, 0.151000000000000 ) );
#5293 = CARTESIAN_POINT( '', ( 3.10000000000000, -2.60000000000000, 0.151000000000000 ) );
#5294 = VECTOR( '', #5692, 1000.00000000000 );
#5295 = AXIS2_PLACEMENT_3D( '', #5693, #5694, #5695 );
#5296 = CARTESIAN_POINT( '', ( 4.00000000000000, -2.60000000000000, 0.150000000000000 ) );
#5297 = VECTOR( '', #5696, 1000.00000000000 );
#5298 = CARTESIAN_POINT( '', ( 2.62500000000000, 1.90000000000000, -1.89735380184964E-016 ) );
#5299 = AXIS2_PLACEMENT_3D( '', #5697, #5698, #5699 );
#5300 = CARTESIAN_POINT( '', ( 2.62500000000000, 2.60000000000000, 1.54498809579185E-015 ) );
#5301 = AXIS2_PLACEMENT_3D( '', #5700, #5701, #5702 );
#5302 = CARTESIAN_POINT( '', ( 2.62500000000000, 1.90000000000000, 0.000000000000000 ) );
#5303 = VECTOR( '', #5703, 1000.00000000000 );
#5304 = CARTESIAN_POINT( '', ( 4.00000000000000, 2.60000000000000, 2.16840434497101E-015 ) );
#5305 = CARTESIAN_POINT( '', ( 4.00000000000000, 1.90000000000000, 4.33680868994202E-016 ) );
#5306 = CARTESIAN_POINT( '', ( 4.00000000000000, 1.90000000000000, 4.33680868994202E-016 ) );
#5307 = VECTOR( '', #5704, 1000.00000000000 );
#5308 = CARTESIAN_POINT( '', ( 4.00000000000000, 2.60000000000000, 0.150000000000000 ) );
#5309 = CARTESIAN_POINT( '', ( 4.00000000000000, 2.60000000000000, 2.16840434497101E-015 ) );
#5310 = VECTOR( '', #5705, 1000.00000000000 );
#5311 = CARTESIAN_POINT( '', ( 4.00000000000000, 1.90000000000000, 0.150000000000000 ) );
#5312 = CARTESIAN_POINT( '', ( 4.00000000000000, 2.60000000000000, 0.150000000000000 ) );
#5313 = VECTOR( '', #5706, 1000.00000000000 );
#5314 = CARTESIAN_POINT( '', ( 4.00000000000000, 1.90000000000000, 0.150000000000000 ) );
#5315 = VECTOR( '', #5707, 1000.00000000000 );
#5316 = CARTESIAN_POINT( '', ( 2.62500000000000, -2.60000000000000, 0.150000000000000 ) );
#5317 = VECTOR( '', #5708, 1000.00000000000 );
#5318 = CARTESIAN_POINT( '', ( 2.61279344438426, 0.000000000000000, 0.151000000000000 ) );
#5319 = VECTOR( '', #5709, 1000.00000000000 );
#5320 = CARTESIAN_POINT( '', ( 2.41251705950830, 0.000000000000000, 0.151000000000000 ) );
#5321 = VECTOR( '', #5710, 1000.00000000000 );
#5322 = CARTESIAN_POINT( '', ( 2.62500000000000, 1.90000000000000, 0.150000000000000 ) );
#5323 = AXIS2_PLACEMENT_3D( '', #5711, #5712, #5713 );
#5324 = CARTESIAN_POINT( '', ( 4.00000000000000, 1.90000000000000, 4.33680868994202E-016 ) );
#5325 = VECTOR( '', #5714, 1000.00000000000 );
#5326 = CARTESIAN_POINT( '', ( 4.00000000000000, 1.90000000000000, 0.150000000000000 ) );
#5327 = VECTOR( '', #5715, 1000.00000000000 );
#5328 = CARTESIAN_POINT( '', ( 2.62500000000000, 2.60000000000000, 0.150000000000000 ) );
#5329 = CARTESIAN_POINT( '', ( 4.00000000000000, 2.60000000000000, 0.150000000000000 ) );
#5330 = VECTOR( '', #5716, 1000.00000000000 );
#5331 = CARTESIAN_POINT( '', ( 2.62500000000000, 2.60000000000000, 0.150000000000000 ) );
#5332 = VECTOR( '', #5717, 1000.00000000000 );
#5333 = AXIS2_PLACEMENT_3D( '', #5718, #5719, #5720 );
#5334 = CARTESIAN_POINT( '', ( 4.00000000000000, 2.60000000000000, 2.16840434497101E-015 ) );
#5335 = VECTOR( '', #5721, 1000.00000000000 );
#5336 = CARTESIAN_POINT( '', ( -4.00000000000000, -2.60000000000000, 1.30104260698260E-015 ) );
#5337 = CARTESIAN_POINT( '', ( -4.00000000000000, -1.90000000000000, 1.30104260698260E-015 ) );
#5338 = CARTESIAN_POINT( '', ( -4.00000000000000, -1.90000000000000, 1.30104260698260E-015 ) );
#5339 = VECTOR( '', #5722, 1000.00000000000 );
#5340 = CARTESIAN_POINT( '', ( -4.00000000000000, -2.60000000000000, 0.150000000000000 ) );
#5341 = CARTESIAN_POINT( '', ( -4.00000000000000, -2.60000000000000, 1.30104260698260E-015 ) );
#5342 = VECTOR( '', #5723, 1000.00000000000 );
#5343 = CARTESIAN_POINT( '', ( -4.00000000000000, -1.90000000000000, 0.150000000000000 ) );
#5344 = CARTESIAN_POINT( '', ( -4.00000000000000, -2.60000000000000, 0.150000000000000 ) );
#5345 = VECTOR( '', #5724, 1000.00000000000 );
#5346 = CARTESIAN_POINT( '', ( -4.00000000000000, -1.90000000000000, 0.150000000000000 ) );
#5347 = VECTOR( '', #5725, 1000.00000000000 );
#5348 = CARTESIAN_POINT( '', ( -2.62500000000000, -1.90000000000000, 6.77626357803440E-016 ) );
#5349 = CARTESIAN_POINT( '', ( -2.41251705950830, -1.90000000000000, 0.151000000000000 ) );
#5350 = AXIS2_PLACEMENT_3D( '', #5726, #5727, #5728 );
#5351 = CARTESIAN_POINT( '', ( -2.41251705950830, -2.60000000000000, 0.151000000000000 ) );
#5352 = CARTESIAN_POINT( '', ( -2.41251705950830, 0.000000000000000, 0.151000000000000 ) );
#5353 = VECTOR( '', #5729, 1000.00000000000 );
#5354 = CARTESIAN_POINT( '', ( -2.62500000000000, -2.60000000000000, 6.77626357803440E-016 ) );
#5355 = AXIS2_PLACEMENT_3D( '', #5730, #5731, #5732 );
#5356 = CARTESIAN_POINT( '', ( -2.62500000000000, -1.90000000000000, 8.67361737988404E-016 ) );
#5357 = VECTOR( '', #5733, 1000.00000000000 );
#5358 = CARTESIAN_POINT( '', ( -2.62500000000000, -1.90000000000000, 0.149999999999998 ) );
#5359 = CARTESIAN_POINT( '', ( -2.61279344438426, -1.90000000000000, 0.151000000000000 ) );
#5360 = AXIS2_PLACEMENT_3D( '', #5734, #5735, #5736 );
#5361 = CARTESIAN_POINT( '', ( -3.10000000000000, -1.90000000000000, 0.151000000000000 ) );
#5362 = VECTOR( '', #5737, 1000.00000000000 );
#5363 = CARTESIAN_POINT( '', ( -4.00000000000000, -1.90000000000000, 1.30104260698260E-015 ) );
#5364 = VECTOR( '', #5738, 1000.00000000000 );
#5365 = CARTESIAN_POINT( '', ( -4.00000000000000, -1.90000000000000, 0.150000000000000 ) );
#5366 = VECTOR( '', #5739, 1000.00000000000 );
#5367 = CARTESIAN_POINT( '', ( -2.62500000000000, -2.60000000000000, 0.150000000000000 ) );
#5368 = CARTESIAN_POINT( '', ( -4.00000000000000, -2.60000000000000, 0.150000000000000 ) );
#5369 = VECTOR( '', #5740, 1000.00000000000 );
#5370 = CARTESIAN_POINT( '', ( -2.62500000000000, -2.60000000000000, 0.150000000000000 ) );
#5371 = VECTOR( '', #5741, 1000.00000000000 );
#5372 = CARTESIAN_POINT( '', ( -2.61279344438426, -2.60000000000000, 0.151000000000000 ) );
#5373 = CARTESIAN_POINT( '', ( -3.10000000000000, -2.60000000000000, 0.151000000000000 ) );
#5374 = VECTOR( '', #5742, 1000.00000000000 );
#5375 = AXIS2_PLACEMENT_3D( '', #5743, #5744, #5745 );
#5376 = CARTESIAN_POINT( '', ( -4.00000000000000, -2.60000000000000, 1.30104260698260E-015 ) );
#5377 = VECTOR( '', #5746, 1000.00000000000 );
#5378 = CARTESIAN_POINT( '', ( -2.61279344438426, 0.000000000000000, 0.151000000000000 ) );
#5379 = VECTOR( '', #5747, 1000.00000000000 );
#5380 = CARTESIAN_POINT( '', ( -4.00000000000000, 2.60000000000000, 1.30104260698260E-015 ) );
#5381 = CARTESIAN_POINT( '', ( -4.00000000000000, 1.90000000000000, -4.33680868994202E-016 ) );
#5382 = CARTESIAN_POINT( '', ( -4.00000000000000, 1.90000000000000, -4.33680868994202E-016 ) );
#5383 = VECTOR( '', #5748, 1000.00000000000 );
#5384 = CARTESIAN_POINT( '', ( -4.00000000000000, 1.90000000000000, 0.150000000000000 ) );
#5385 = CARTESIAN_POINT( '', ( -4.00000000000000, 1.90000000000000, 0.150000000000000 ) );
#5386 = VECTOR( '', #5749, 1000.00000000000 );
#5387 = CARTESIAN_POINT( '', ( -4.00000000000000, 2.60000000000000, 0.150000000000000 ) );
#5388 = CARTESIAN_POINT( '', ( -4.00000000000000, 2.60000000000000, 0.150000000000000 ) );
#5389 = VECTOR( '', #5750, 1000.00000000000 );
#5390 = CARTESIAN_POINT( '', ( -4.00000000000000, 2.60000000000000, 1.30104260698260E-015 ) );
#5391 = VECTOR( '', #5751, 1000.00000000000 );
#5392 = CARTESIAN_POINT( '', ( -2.62500000000000, 2.60000000000000, 6.77626357803440E-016 ) );
#5393 = CARTESIAN_POINT( '', ( -2.62500000000000, 1.90000000000000, -1.05709711817337E-015 ) );
#5394 = CARTESIAN_POINT( '', ( -2.62500000000000, 1.90000000000000, -8.67361737988404E-016 ) );
#5395 = VECTOR( '', #5752, 1000.00000000000 );
#5396 = CARTESIAN_POINT( '', ( -4.00000000000000, 1.90000000000000, -4.33680868994202E-016 ) );
#5397 = VECTOR( '', #5753, 1000.00000000000 );
#5398 = CARTESIAN_POINT( '', ( -4.00000000000000, 2.60000000000000, 1.30104260698260E-015 ) );
#5399 = VECTOR( '', #5754, 1000.00000000000 );
#5400 = AXIS2_PLACEMENT_3D( '', #5755, #5756, #5757 );
#5401 = CARTESIAN_POINT( '', ( -2.62500000000000, 1.90000000000000, 0.150000000000000 ) );
#5402 = AXIS2_PLACEMENT_3D( '', #5758, #5759, #5760 );
#5403 = CARTESIAN_POINT( '', ( -4.00000000000000, 1.90000000000000, 0.150000000000000 ) );
#5404 = VECTOR( '', #5761, 1000.00000000000 );
#5405 = CARTESIAN_POINT( '', ( -2.62500000000000, 2.60000000000000, 0.150000000000000 ) );
#5406 = AXIS2_PLACEMENT_3D( '', #5762, #5763, #5764 );
#5407 = AXIS2_PLACEMENT_3D( '', #5765, #5766, #5767 );
#5408 = CARTESIAN_POINT( '', ( -4.00000000000000, 2.60000000000000, 0.150000000000000 ) );
#5409 = VECTOR( '', #5768, 1000.00000000000 );
#5410 = CARTESIAN_POINT( '', ( -2.40000000000000, -1.89950000000000, 0.151000000000000 ) );
#5411 = CARTESIAN_POINT( '', ( -3.10000000000000, -1.89950000000000, 0.151000000000000 ) );
#5412 = VECTOR( '', #5769, 1000.00000000000 );
#5413 = CARTESIAN_POINT( '', ( -2.40000000000000, -2.60050000000000, 0.151000000000000 ) );
#5414 = CARTESIAN_POINT( '', ( -2.40000000000000, -1.89950000000000, 0.151000000000000 ) );
#5415 = VECTOR( '', #5770, 1000.00000000000 );
#5416 = CARTESIAN_POINT( '', ( -2.40000000000000, -2.60050000000000, 0.151000000000000 ) );
#5417 = VECTOR( '', #5771, 1000.00000000000 );
#5418 = CARTESIAN_POINT( '', ( -2.62500000000000, 2.60000000000000, 0.150000000000000 ) );
#5419 = VECTOR( '', #5772, 1000.00000000000 );
#5420 = CARTESIAN_POINT( '', ( -2.40000000000000, -2.60050000000000, 0.151000000000000 ) );
#5421 = VECTOR( '', #5773, 1000.00000000000 );
#5422 = CARTESIAN_POINT( '', ( -2.40000000000000, -1.89950000000000, 0.151000000000000 ) );
#5423 = VECTOR( '', #5774, 1000.00000000000 );
#5424 = CARTESIAN_POINT( '', ( 2.40000000000000, -1.89950000000000, 0.151000000000000 ) );
#5425 = CARTESIAN_POINT( '', ( 2.40000000000000, -1.89950000000000, 0.151000000000000 ) );
#5426 = VECTOR( '', #5775, 1000.00000000000 );
#5427 = CARTESIAN_POINT( '', ( 3.10000000000000, -1.89950000000000, 0.151000000000000 ) );
#5428 = VECTOR( '', #5776, 1000.00000000000 );
#5429 = CARTESIAN_POINT( '', ( -1.17500000000000, -2.85000000000000, 1.85000000000000 ) );
#5430 = AXIS2_PLACEMENT_3D( '', #5777, #5778, #5779 );
#5431 = CARTESIAN_POINT( '', ( -1.17500000000000, -2.85000000000000, 1.85000000000000 ) );
#5432 = VECTOR( '', #5780, 1000.00000000000 );
#5433 = CARTESIAN_POINT( '', ( -1.07500000000000, -3.00000000000000, 1.00000000000000 ) );
#5434 = CARTESIAN_POINT( '', ( 0.0500000000000000, -4.12500000000000, 1.00000000000000 ) );
#5435 = VECTOR( '', #5781, 1000.00000000000 );
#5436 = CARTESIAN_POINT( '', ( -1.07500000000000, -3.00000000000000, 1.10000000000000 ) );
#5437 = CARTESIAN_POINT( '', ( -1.07500000000000, -3.00000000000000, 10.4696675027910 ) );
#5438 = VECTOR( '', #5782, 1000.00000000000 );
#5439 = CARTESIAN_POINT( '', ( -1.13465665236051, -2.94034334763949, 1.54742489270386 ) );
#5440 = VECTOR( '', #5783, 1000.00000000000 );
#5441 = CARTESIAN_POINT( '', ( -1.17500000000000, -2.90000000000000, 10.4696675027910 ) );
#5442 = VECTOR( '', #5784, 1000.00000000000 );
#5443 = CARTESIAN_POINT( '', ( 1.07500000000000, -3.00000000000000, 1.10000000000000 ) );
#5444 = CARTESIAN_POINT( '', ( 1.17500000000000, -2.90000000000000, 1.85000000000000 ) );
#5445 = VECTOR( '', #5785, 1000.00000000000 );
#5446 = CARTESIAN_POINT( '', ( 1.07500000000000, -3.00000000000000, 1.00000000000000 ) );
#5447 = CARTESIAN_POINT( '', ( 1.07500000000000, -3.00000000000000, 10.4696675027910 ) );
#5448 = VECTOR( '', #5786, 1000.00000000000 );
#5449 = CARTESIAN_POINT( '', ( 1.12500000000000, -2.95000000000000, 1.00000000000000 ) );
#5450 = VECTOR( '', #5787, 1000.00000000000 );
#5451 = CARTESIAN_POINT( '', ( 2.40000000000000, -1.89950000000000, 0.151000000000000 ) );
#5452 = VECTOR( '', #5788, 1000.00000000000 );
#5453 = CARTESIAN_POINT( '', ( -1.17500000000000, -2.90000000000000, 1.85000000000000 ) );
#5454 = VECTOR( '', #5789, 1000.00000000000 );
#5455 = CARTESIAN_POINT( '', ( 1.17500000000000, -3.00000000000000, 1.00000000000000 ) );
#5456 = VECTOR( '', #5790, 1000.00000000000 );
#5457 = CARTESIAN_POINT( '', ( 1.17500000000000, -3.00000000000000, 1.10000000000000 ) );
#5458 = VECTOR( '', #5791, 1000.00000000000 );
#5459 = DIRECTION( '', ( 0.131024356416086, 0.131024356416085, -0.982682673120627 ) );
#5460 = DIRECTION( '', ( -1.00000000000000, 0.000000000000000, 0.000000000000000 ) );
#5461 = DIRECTION( '', ( -0.131024356416086, 0.131024356416085, -0.982682673120627 ) );
#5462 = DIRECTION( '', ( -1.00000000000000, 0.000000000000000, 0.000000000000000 ) );
#5463 = CARTESIAN_POINT( '', ( 0.000000000000000, 0.000000000000000, 3.10000000000000 ) );
#5464 = DIRECTION( '', ( 0.000000000000000, 0.000000000000000, -1.00000000000000 ) );
#5465 = DIRECTION( '', ( -1.00000000000000, 0.000000000000000, 0.000000000000000 ) );
#5466 = CARTESIAN_POINT( '', ( 0.000000000000000, 0.000000000000000, 3.00000000000000 ) );
#5467 = DIRECTION( '', ( 0.000000000000000, 0.000000000000000, -1.00000000000000 ) );
#5468 = DIRECTION( '', ( -1.00000000000000, 0.000000000000000, 0.000000000000000 ) );
#5469 = DIRECTION( '', ( -0.707106781186550, -0.707106781186545, 0.000000000000000 ) );
#5470 = DIRECTION( '', ( 0.000000000000000, 0.000000000000000, 1.00000000000000 ) );
#5471 = DIRECTION( '', ( 0.000000000000000, 0.000000000000000, -1.00000000000000 ) );
#5472 = CARTESIAN_POINT( '', ( -1.21877581983474, 2.85622418016526, 1.80000000000000 ) );
#5473 = DIRECTION( '', ( 0.707106781186544, -0.707106781186551, 0.000000000000000 ) );
#5474 = DIRECTION( '', ( -0.707106781186551, -0.707106781186544, 0.000000000000000 ) );
#5475 = DIRECTION( '', ( 0.000000000000000, 0.000000000000000, -1.00000000000000 ) );
#5476 = CARTESIAN_POINT( '', ( -1.17500000000000, 2.85622418016526, 1.80000000000000 ) );
#5477 = DIRECTION( '', ( 1.00000000000000, -6.12303176911189E-017, 0.000000000000000 ) );
#5478 = DIRECTION( '', ( 6.12303176911189E-017, 1.00000000000000, 0.000000000000000 ) );
#5479 = DIRECTION( '', ( -1.00000000000000, 0.000000000000000, 0.000000000000000 ) );
#5480 = CARTESIAN_POINT( '', ( 1.17500000000000, 2.85622418016526, 1.80000000000000 ) );
#5481 = DIRECTION( '', ( 1.00000000000000, -6.12303176911189E-017, 0.000000000000000 ) );
#5482 = DIRECTION( '', ( 6.12303176911189E-017, 1.00000000000000, 0.000000000000000 ) );
#5483 = CARTESIAN_POINT( '', ( 1.21877581983474, 2.85622418016526, 1.80000000000000 ) );
#5484 = DIRECTION( '', ( 0.707106781186544, 0.707106781186551, 0.000000000000000 ) );
#5485 = DIRECTION( '', ( -0.707106781186551, 0.707106781186544, 0.000000000000000 ) );
#5486 = CARTESIAN_POINT( '', ( -1.17500000000000, 2.85000000000000, 1.80000000000000 ) );
#5487 = DIRECTION( '', ( 1.00000000000000, -6.12303176911189E-017, 0.000000000000000 ) );
#5488 = DIRECTION( '', ( 6.12303176911189E-017, 1.00000000000000, 0.000000000000000 ) );
#5489 = DIRECTION( '', ( -6.12303176911189E-017, -1.00000000000000, 0.000000000000000 ) );
#5490 = DIRECTION( '', ( -1.00000000000000, 6.99485272571293E-017, 0.000000000000000 ) );
#5491 = CARTESIAN_POINT( '', ( -2.10000000000000, 2.85000000000000, 1.80000000000000 ) );
#5492 = DIRECTION( '', ( 1.00000000000000, 0.000000000000000, 0.000000000000000 ) );
#5493 = DIRECTION( '', ( 0.000000000000000, 0.000000000000000, -1.00000000000000 ) );
#5494 = DIRECTION( '', ( -1.00000000000000, 6.99485272571293E-017, 0.000000000000000 ) );
#5495 = DIRECTION( '', ( 6.12303176911189E-017, 1.00000000000000, 0.000000000000000 ) );
#5496 = DIRECTION( '', ( 0.000000000000000, 1.00000000000000, 0.000000000000000 ) );
#5497 = DIRECTION( '', ( 0.707106781186547, 0.707106781186548, 0.000000000000000 ) );
#5498 = DIRECTION( '', ( 1.00000000000000, -1.17211045674108E-016, 0.000000000000000 ) );
#5499 = DIRECTION( '', ( 0.707106781186548, -0.707106781186547, 0.000000000000000 ) );
#5500 = DIRECTION( '', ( 0.000000000000000, 1.00000000000000, 0.000000000000000 ) );
#5501 = DIRECTION( '', ( -1.00000000000000, 6.99485272571293E-017, 0.000000000000000 ) );
#5502 = DIRECTION( '', ( 0.000000000000000, 0.000000000000000, -1.00000000000000 ) );
#5503 = DIRECTION( '', ( 0.000000000000000, -1.00000000000000, 0.000000000000000 ) );
#5504 = DIRECTION( '', ( 0.000000000000000, 0.000000000000000, -1.00000000000000 ) );
#5505 = DIRECTION( '', ( -0.707106781186547, -0.707106781186548, 0.000000000000000 ) );
#5506 = DIRECTION( '', ( 1.00000000000000, 0.000000000000000, 0.000000000000000 ) );
#5507 = DIRECTION( '', ( 0.000000000000000, 1.00000000000000, 0.000000000000000 ) );
#5508 = DIRECTION( '', ( -1.00000000000000, 0.000000000000000, 0.000000000000000 ) );
#5509 = DIRECTION( '', ( -1.00000000000000, 0.000000000000000, 0.000000000000000 ) );
#5510 = DIRECTION( '', ( 0.000000000000000, 0.000000000000000, 1.00000000000000 ) );
#5511 = DIRECTION( '', ( -1.00000000000000, 6.99485272571293E-017, 0.000000000000000 ) );
#5512 = DIRECTION( '', ( 0.000000000000000, 0.000000000000000, 1.00000000000000 ) );
#5513 = DIRECTION( '', ( -1.00000000000000, 0.000000000000000, 0.000000000000000 ) );
#5514 = DIRECTION( '', ( 0.000000000000000, 0.000000000000000, -1.00000000000000 ) );
#5515 = DIRECTION( '', ( -1.00000000000000, 6.99485272571293E-017, 0.000000000000000 ) );
#5516 = DIRECTION( '', ( 0.000000000000000, 0.000000000000000, -1.00000000000000 ) );
#5517 = DIRECTION( '', ( 0.000000000000000, -1.00000000000000, 0.000000000000000 ) );
#5518 = DIRECTION( '', ( 0.000000000000000, 0.000000000000000, -1.00000000000000 ) );
#5519 = DIRECTION( '', ( 0.000000000000000, -1.00000000000000, 0.000000000000000 ) );
#5520 = DIRECTION( '', ( 0.000000000000000, 0.000000000000000, -1.00000000000000 ) );
#5521 = DIRECTION( '', ( 3.09330149068617E-016, -1.00000000000000, 0.000000000000000 ) );
#5522 = DIRECTION( '', ( 0.000000000000000, 0.000000000000000, -1.00000000000000 ) );
#5523 = DIRECTION( '', ( 0.000000000000000, -1.00000000000000, 0.000000000000000 ) );
#5524 = DIRECTION( '', ( 0.000000000000000, 0.000000000000000, -1.00000000000000 ) );
#5525 = DIRECTION( '', ( 3.09330149068617E-016, 1.00000000000000, 0.000000000000000 ) );
#5526 = DIRECTION( '', ( 0.000000000000000, 0.000000000000000, -1.00000000000000 ) );
#5527 = DIRECTION( '', ( 0.000000000000000, -1.00000000000000, 0.000000000000000 ) );
#5528 = DIRECTION( '', ( 0.000000000000000, 0.000000000000000, -1.00000000000000 ) );
#5529 = DIRECTION( '', ( 0.000000000000000, -1.00000000000000, 0.000000000000000 ) );
#5530 = DIRECTION( '', ( 0.000000000000000, 0.000000000000000, -1.00000000000000 ) );
#5531 = DIRECTION( '', ( -1.54665074534308E-016, -1.00000000000000, 0.000000000000000 ) );
#5532 = DIRECTION( '', ( 1.00000000000000, 0.000000000000000, 0.000000000000000 ) );
#5533 = DIRECTION( '', ( 1.00000000000000, 0.000000000000000, 0.000000000000000 ) );
#5534 = DIRECTION( '', ( -1.54665074534308E-016, 1.00000000000000, 0.000000000000000 ) );
#5535 = DIRECTION( '', ( -1.00000000000000, 0.000000000000000, 0.000000000000000 ) );
#5536 = DIRECTION( '', ( 0.000000000000000, 1.00000000000000, 0.000000000000000 ) );
#5537 = DIRECTION( '', ( 1.00000000000000, 0.000000000000000, 0.000000000000000 ) );
#5538 = DIRECTION( '', ( 0.000000000000000, 1.00000000000000, 0.000000000000000 ) );
#5539 = DIRECTION( '', ( -1.00000000000000, -6.19544098563142E-016, 0.000000000000000 ) );
#5540 = DIRECTION( '', ( 0.000000000000000, 1.00000000000000, 0.000000000000000 ) );
#5541 = DIRECTION( '', ( -1.00000000000000, 6.19544098563142E-016, 0.000000000000000 ) );
#5542 = DIRECTION( '', ( 0.000000000000000, -1.00000000000000, 0.000000000000000 ) );
#5543 = DIRECTION( '', ( 1.00000000000000, 0.000000000000000, 0.000000000000000 ) );
#5544 = DIRECTION( '', ( 0.000000000000000, 1.00000000000000, 0.000000000000000 ) );
#5545 = DIRECTION( '', ( 1.00000000000000, 6.99485272571293E-017, 0.000000000000000 ) );
#5546 = DIRECTION( '', ( -1.00000000000000, 0.000000000000000, 0.000000000000000 ) );
#5547 = DIRECTION( '', ( 0.000000000000000, 0.000000000000000, -1.00000000000000 ) );
#5548 = DIRECTION( '', ( -1.00000000000000, 0.000000000000000, 0.000000000000000 ) );
#5549 = DIRECTION( '', ( -1.54665074534308E-016, 1.00000000000000, 0.000000000000000 ) );
#5550 = DIRECTION( '', ( 1.00000000000000, 0.000000000000000, 0.000000000000000 ) );
#5551 = DIRECTION( '', ( 0.000000000000000, -1.00000000000000, 0.000000000000000 ) );
#5552 = DIRECTION( '', ( -1.00000000000000, 0.000000000000000, 0.000000000000000 ) );
#5553 = DIRECTION( '', ( 0.000000000000000, -1.00000000000000, 0.000000000000000 ) );
#5554 = DIRECTION( '', ( 1.00000000000000, 0.000000000000000, 0.000000000000000 ) );
#5555 = DIRECTION( '', ( 0.000000000000000, 0.000000000000000, -1.00000000000000 ) );
#5556 = DIRECTION( '', ( 0.000000000000000, 0.000000000000000, 1.00000000000000 ) );
#5557 = DIRECTION( '', ( -1.00000000000000, 0.000000000000000, 0.000000000000000 ) );
#5558 = DIRECTION( '', ( 0.000000000000000, 0.000000000000000, 1.00000000000000 ) );
#5559 = DIRECTION( '', ( 1.00000000000000, 6.99485272571293E-017, 0.000000000000000 ) );
#5560 = DIRECTION( '', ( 0.000000000000000, 0.000000000000000, -1.00000000000000 ) );
#5561 = DIRECTION( '', ( 1.00000000000000, 0.000000000000000, 0.000000000000000 ) );
#5562 = DIRECTION( '', ( 0.000000000000000, 0.000000000000000, -1.00000000000000 ) );
#5563 = DIRECTION( '', ( -1.00000000000000, 0.000000000000000, 0.000000000000000 ) );
#5564 = DIRECTION( '', ( 0.000000000000000, 0.000000000000000, -1.00000000000000 ) );
#5565 = DIRECTION( '', ( 1.00000000000000, 6.99485272571293E-017, 0.000000000000000 ) );
#5566 = DIRECTION( '', ( 0.000000000000000, 0.000000000000000, -1.00000000000000 ) );
#5567 = DIRECTION( '', ( 0.000000000000000, 1.00000000000000, 0.000000000000000 ) );
#5568 = DIRECTION( '', ( 0.000000000000000, 0.000000000000000, -1.00000000000000 ) );
#5569 = DIRECTION( '', ( 0.000000000000000, -1.00000000000000, 0.000000000000000 ) );
#5570 = DIRECTION( '', ( 0.000000000000000, 0.000000000000000, -1.00000000000000 ) );
#5571 = DIRECTION( '', ( 0.000000000000000, 1.00000000000000, 0.000000000000000 ) );
#5572 = DIRECTION( '', ( 0.000000000000000, 0.000000000000000, -1.00000000000000 ) );
#5573 = DIRECTION( '', ( 0.000000000000000, 0.000000000000000, -1.00000000000000 ) );
#5574 = DIRECTION( '', ( 0.000000000000000, -1.00000000000000, 0.000000000000000 ) );
#5575 = DIRECTION( '', ( 0.000000000000000, 0.000000000000000, -1.00000000000000 ) );
#5576 = DIRECTION( '', ( 0.000000000000000, 1.00000000000000, 0.000000000000000 ) );
#5577 = DIRECTION( '', ( 0.707106781186547, 0.707106781186548, 0.000000000000000 ) );
#5578 = DIRECTION( '', ( 0.000000000000000, 1.00000000000000, 0.000000000000000 ) );
#5579 = DIRECTION( '', ( 1.00000000000000, -2.16840434497101E-016, 0.000000000000000 ) );
#5580 = CARTESIAN_POINT( '', ( 1.17500000000000, -2.85000000000000, 1.80000000000000 ) );
#5581 = DIRECTION( '', ( -1.00000000000000, 6.12303176911189E-017, 0.000000000000000 ) );
#5582 = DIRECTION( '', ( -6.12303176911189E-017, -1.00000000000000, 0.000000000000000 ) );
#5583 = CARTESIAN_POINT( '', ( 2.10000000000000, -2.85000000000000, 1.80000000000000 ) );
#5584 = DIRECTION( '', ( -1.00000000000000, 0.000000000000000, 0.000000000000000 ) );
#5585 = DIRECTION( '', ( 0.000000000000000, 0.000000000000000, 1.00000000000000 ) );
#5586 = DIRECTION( '', ( 1.00000000000000, 6.99485272571293E-017, 0.000000000000000 ) );
#5587 = CARTESIAN_POINT( '', ( 1.17500000000000, -2.85622418016526, 1.80000000000000 ) );
#5588 = DIRECTION( '', ( -1.00000000000000, 6.12303176911189E-017, 0.000000000000000 ) );
#5589 = DIRECTION( '', ( -6.12303176911189E-017, -1.00000000000000, 0.000000000000000 ) );
#5590 = DIRECTION( '', ( 0.000000000000000, 0.000000000000000, -1.00000000000000 ) );
#5591 = DIRECTION( '', ( 6.12303176911189E-017, 1.00000000000000, 0.000000000000000 ) );
#5592 = CARTESIAN_POINT( '', ( 1.17500000000000, 2.85000000000000, 1.80000000000000 ) );
#5593 = DIRECTION( '', ( 1.00000000000000, -6.12303176911189E-017, 0.000000000000000 ) );
#5594 = DIRECTION( '', ( 6.12303176911189E-017, 1.00000000000000, 0.000000000000000 ) );
#5595 = DIRECTION( '', ( 0.000000000000000, 0.000000000000000, -1.00000000000000 ) );
#5596 = CARTESIAN_POINT( '', ( 2.10000000000000, 2.85000000000000, 1.80000000000000 ) );
#5597 = DIRECTION( '', ( 1.00000000000000, 0.000000000000000, 0.000000000000000 ) );
#5598 = DIRECTION( '', ( 0.000000000000000, 0.000000000000000, -1.00000000000000 ) );
#5599 = DIRECTION( '', ( 0.000000000000000, 0.000000000000000, -1.00000000000000 ) );
#5600 = DIRECTION( '', ( 0.000000000000000, -1.00000000000000, 0.000000000000000 ) );
#5601 = DIRECTION( '', ( 0.707106781186548, -0.707106781186547, 0.000000000000000 ) );
#5602 = DIRECTION( '', ( 1.00000000000000, 2.16840434497101E-016, 0.000000000000000 ) );
#5603 = DIRECTION( '', ( 0.000000000000000, 0.000000000000000, -1.00000000000000 ) );
#5604 = DIRECTION( '', ( -1.00000000000000, -6.19544098563142E-016, 0.000000000000000 ) );
#5605 = DIRECTION( '', ( 0.000000000000000, 1.00000000000000, 0.000000000000000 ) );
#5606 = DIRECTION( '', ( 1.00000000000000, 0.000000000000000, 0.000000000000000 ) );
#5607 = DIRECTION( '', ( 0.000000000000000, 1.00000000000000, 0.000000000000000 ) );
#5608 = DIRECTION( '', ( -1.00000000000000, 0.000000000000000, 0.000000000000000 ) );
#5609 = DIRECTION( '', ( 0.000000000000000, 1.00000000000000, 0.000000000000000 ) );
#5610 = DIRECTION( '', ( 1.00000000000000, 0.000000000000000, 0.000000000000000 ) );
#5611 = DIRECTION( '', ( 0.000000000000000, 0.000000000000000, -1.00000000000000 ) );
#5612 = DIRECTION( '', ( 0.000000000000000, 0.000000000000000, -1.00000000000000 ) );
#5613 = DIRECTION( '', ( 1.00000000000000, 0.000000000000000, 0.000000000000000 ) );
#5614 = DIRECTION( '', ( 0.000000000000000, 0.000000000000000, -1.00000000000000 ) );
#5615 = DIRECTION( '', ( -1.00000000000000, 0.000000000000000, 0.000000000000000 ) );
#5616 = DIRECTION( '', ( 0.707106781186550, -0.707106781186545, 0.000000000000000 ) );
#5617 = DIRECTION( '', ( -0.707106781186547, -0.707106781186548, 0.000000000000000 ) );
#5618 = DIRECTION( '', ( 0.000000000000000, -1.00000000000000, 0.000000000000000 ) );
#5619 = DIRECTION( '', ( 0.707106781186548, -0.707106781186547, 0.000000000000000 ) );
#5620 = DIRECTION( '', ( 1.00000000000000, 0.000000000000000, 0.000000000000000 ) );
#5621 = DIRECTION( '', ( 0.707106781186547, 0.707106781186548, 0.000000000000000 ) );
#5622 = DIRECTION( '', ( 0.000000000000000, 1.00000000000000, 0.000000000000000 ) );
#5623 = DIRECTION( '', ( -0.707106781186548, 0.707106781186547, 0.000000000000000 ) );
#5624 = DIRECTION( '', ( -1.00000000000000, 1.17211045674108E-016, 0.000000000000000 ) );
#5625 = CARTESIAN_POINT( '', ( 0.000000000000000, 0.000000000000000, 1.00000000000000 ) );
#5626 = DIRECTION( '', ( 0.000000000000000, 0.000000000000000, 1.00000000000000 ) );
#5627 = DIRECTION( '', ( 1.00000000000000, 0.000000000000000, 0.000000000000000 ) );
#5628 = CARTESIAN_POINT( '', ( 1.21877581983474, -2.85622418016526, 1.80000000000000 ) );
#5629 = DIRECTION( '', ( -0.707106781186544, 0.707106781186551, 0.000000000000000 ) );
#5630 = DIRECTION( '', ( 0.707106781186551, 0.707106781186544, 0.000000000000000 ) );
#5631 = DIRECTION( '', ( -1.00000000000000, 0.000000000000000, 0.000000000000000 ) );
#5632 = CARTESIAN_POINT( '', ( -1.17500000000000, -2.85622418016526, 1.80000000000000 ) );
#5633 = DIRECTION( '', ( -1.00000000000000, 6.12303176911189E-017, 0.000000000000000 ) );
#5634 = DIRECTION( '', ( -6.12303176911189E-017, -1.00000000000000, 0.000000000000000 ) );
#5635 = CARTESIAN_POINT( '', ( -1.21877581983474, -2.85622418016526, 1.80000000000000 ) );
#5636 = DIRECTION( '', ( -0.707106781186548, -0.707106781186548, 0.000000000000000 ) );
#5637 = DIRECTION( '', ( 0.707106781186547, -0.707106781186547, 0.000000000000000 ) );
#5638 = DIRECTION( '', ( -1.00000000000000, 0.000000000000000, 0.000000000000000 ) );
#5639 = DIRECTION( '', ( 0.000000000000000, 0.000000000000000, -1.00000000000000 ) );
#5640 = DIRECTION( '', ( 0.000000000000000, 0.000000000000000, -1.00000000000000 ) );
#5641 = DIRECTION( '', ( 0.000000000000000, 0.000000000000000, -1.00000000000000 ) );
#5642 = DIRECTION( '', ( 0.000000000000000, 0.000000000000000, -1.00000000000000 ) );
#5643 = DIRECTION( '', ( -0.707106781186548, 0.707106781186547, 0.000000000000000 ) );
#5644 = DIRECTION( '', ( 0.000000000000000, 0.000000000000000, 1.00000000000000 ) );
#5645 = DIRECTION( '', ( -0.707106781186548, 0.707106781186547, 0.000000000000000 ) );
#5646 = DIRECTION( '', ( 0.000000000000000, 0.000000000000000, -1.00000000000000 ) );
#5647 = DIRECTION( '', ( -0.707106781186548, 0.707106781186547, 0.000000000000000 ) );
#5648 = DIRECTION( '', ( 0.000000000000000, 0.000000000000000, -1.00000000000000 ) );
#5649 = DIRECTION( '', ( 0.000000000000000, 0.000000000000000, -1.00000000000000 ) );
#5650 = DIRECTION( '', ( 0.000000000000000, -1.00000000000000, 0.000000000000000 ) );
#5651 = DIRECTION( '', ( 0.707106781186548, -0.707106781186547, 0.000000000000000 ) );
#5652 = DIRECTION( '', ( 0.000000000000000, 0.000000000000000, 1.00000000000000 ) );
#5653 = DIRECTION( '', ( 0.000000000000000, 0.000000000000000, -1.00000000000000 ) );
#5654 = DIRECTION( '', ( 0.000000000000000, 0.000000000000000, 1.00000000000000 ) );
#5655 = DIRECTION( '', ( 0.707106781186547, 0.707106781186548, 0.000000000000000 ) );
#5656 = DIRECTION( '', ( 0.000000000000000, 0.000000000000000, -1.00000000000000 ) );
#5657 = DIRECTION( '', ( -0.707106781186547, -0.707106781186548, 0.000000000000000 ) );
#5658 = DIRECTION( '', ( 0.000000000000000, 0.000000000000000, -1.00000000000000 ) );
#5659 = DIRECTION( '', ( 0.000000000000000, 0.000000000000000, 1.00000000000000 ) );
#5660 = DIRECTION( '', ( -0.707106781186547, -0.707106781186548, 0.000000000000000 ) );
#5661 = DIRECTION( '', ( -1.00000000000000, 0.000000000000000, 0.000000000000000 ) );
#5662 = DIRECTION( '', ( 0.000000000000000, 1.00000000000000, 0.000000000000000 ) );
#5663 = DIRECTION( '', ( 0.000000000000000, -1.00000000000000, 0.000000000000000 ) );
#5664 = DIRECTION( '', ( -1.00000000000000, 0.000000000000000, -4.53393635766664E-016 ) );
#5665 = DIRECTION( '', ( 0.000000000000000, -1.00000000000000, 0.000000000000000 ) );
#5666 = DIRECTION( '', ( -1.00000000000000, 0.000000000000000, -4.53393635766664E-016 ) );
#5667 = DIRECTION( '', ( 4.53393635766664E-016, 0.000000000000000, -1.00000000000000 ) );
#5668 = DIRECTION( '', ( 1.40448675682663E-030, 1.00000000000000, -3.09772049281573E-015 ) );
#5669 = DIRECTION( '', ( -4.53393635766664E-016, 0.000000000000000, 1.00000000000000 ) );
#5670 = DIRECTION( '', ( 1.00000000000000, 0.000000000000000, 0.000000000000000 ) );
#5671 = DIRECTION( '', ( -1.00000000000000, -2.16840434497101E-016, 0.000000000000000 ) );
#5672 = DIRECTION( '', ( -1.00000000000000, 2.16840434497101E-016, 0.000000000000000 ) );
#5673 = DIRECTION( '', ( 0.000000000000000, -1.00000000000000, 0.000000000000000 ) );
#5674 = DIRECTION( '', ( 0.000000000000000, 1.00000000000000, 0.000000000000000 ) );
#5675 = DIRECTION( '', ( -1.00000000000000, 0.000000000000000, 0.000000000000000 ) );
#5676 = DIRECTION( '', ( 1.00000000000000, 0.000000000000000, 0.000000000000000 ) );
#5677 = CARTESIAN_POINT( '', ( -2.10000000000000, -2.85000000000000, 1.80000000000000 ) );
#5678 = DIRECTION( '', ( -1.00000000000000, 0.000000000000000, 0.000000000000000 ) );
#5679 = DIRECTION( '', ( 0.000000000000000, 0.000000000000000, 1.00000000000000 ) );
#5680 = DIRECTION( '', ( 0.000000000000000, -1.00000000000000, 0.000000000000000 ) );
#5681 = CARTESIAN_POINT( '', ( 2.62500000000000, -1.90000000000000, 0.225000000000000 ) );
#5682 = DIRECTION( '', ( 0.000000000000000, 1.00000000000000, 0.000000000000000 ) );
#5683 = DIRECTION( '', ( -1.92747052886314E-015, 0.000000000000000, -1.00000000000000 ) );
#5684 = DIRECTION( '', ( 1.00000000000000, 0.000000000000000, 0.000000000000000 ) );
#5685 = CARTESIAN_POINT( '', ( 2.62500000000000, -1.90000000000000, 0.225000000000000 ) );
#5686 = DIRECTION( '', ( 0.000000000000000, 1.00000000000000, 0.000000000000000 ) );
#5687 = DIRECTION( '', ( -5.78241158658933E-015, 0.000000000000000, -1.00000000000000 ) );
#5688 = DIRECTION( '', ( -1.00000000000000, 0.000000000000000, -4.53393635766664E-016 ) );
#5689 = CARTESIAN_POINT( '', ( 2.62500000000000, -2.60000000000000, 0.225000000000000 ) );
#5690 = DIRECTION( '', ( 0.000000000000000, 1.00000000000000, 0.000000000000000 ) );
#5691 = DIRECTION( '', ( -5.78241158658950E-015, 0.000000000000000, -1.00000000000000 ) );
#5692 = DIRECTION( '', ( -1.00000000000000, 0.000000000000000, 0.000000000000000 ) );
#5693 = CARTESIAN_POINT( '', ( 2.62500000000000, -2.60000000000000, 0.225000000000000 ) );
#5694 = DIRECTION( '', ( 0.000000000000000, 1.00000000000000, 0.000000000000000 ) );
#5695 = DIRECTION( '', ( -1.92747052886314E-015, 0.000000000000000, -1.00000000000000 ) );
#5696 = DIRECTION( '', ( -1.00000000000000, 0.000000000000000, -4.53393635766664E-016 ) );
#5697 = CARTESIAN_POINT( '', ( 2.62500000000000, 1.90000000000000, 0.225000000000000 ) );
#5698 = DIRECTION( '', ( 0.000000000000000, 1.00000000000000, 0.000000000000000 ) );
#5699 = DIRECTION( '', ( -1.92747052886312E-015, 0.000000000000000, -1.00000000000000 ) );
#5700 = CARTESIAN_POINT( '', ( 2.62500000000000, 2.60000000000000, 0.225000000000000 ) );
#5701 = DIRECTION( '', ( 0.000000000000000, 1.00000000000000, 0.000000000000000 ) );
#5702 = DIRECTION( '', ( -1.92747052886314E-015, 0.000000000000000, -1.00000000000000 ) );
#5703 = DIRECTION( '', ( -1.12358940546130E-030, 1.00000000000000, 2.47817639425258E-015 ) );
#5704 = DIRECTION( '', ( -1.12358940546130E-030, 1.00000000000000, 2.47817639425258E-015 ) );
#5705 = DIRECTION( '', ( -4.53393635766664E-016, 0.000000000000000, 1.00000000000000 ) );
#5706 = DIRECTION( '', ( 0.000000000000000, -1.00000000000000, 0.000000000000000 ) );
#5707 = DIRECTION( '', ( 4.53393635766664E-016, 0.000000000000000, -1.00000000000000 ) );
#5708 = DIRECTION( '', ( 1.40448675682663E-030, 1.00000000000000, -3.09772049281573E-015 ) );
#5709 = DIRECTION( '', ( 0.000000000000000, 1.00000000000000, 0.000000000000000 ) );
#5710 = DIRECTION( '', ( 0.000000000000000, 1.00000000000000, 0.000000000000000 ) );
#5711 = CARTESIAN_POINT( '', ( 2.62500000000000, 1.90000000000000, 0.225000000000000 ) );
#5712 = DIRECTION( '', ( 0.000000000000000, 1.00000000000000, 0.000000000000000 ) );
#5713 = DIRECTION( '', ( -5.78241158658950E-015, 0.000000000000000, -1.00000000000000 ) );
#5714 = DIRECTION( '', ( -1.00000000000000, 0.000000000000000, -4.53393635766664E-016 ) );
#5715 = DIRECTION( '', ( -1.00000000000000, 0.000000000000000, -4.53393635766664E-016 ) );
#5716 = DIRECTION( '', ( -1.00000000000000, 0.000000000000000, -4.53393635766664E-016 ) );
#5717 = DIRECTION( '', ( 0.000000000000000, -1.00000000000000, 0.000000000000000 ) );
#5718 = CARTESIAN_POINT( '', ( 2.62500000000000, 2.60000000000000, 0.225000000000000 ) );
#5719 = DIRECTION( '', ( 0.000000000000000, 1.00000000000000, 0.000000000000000 ) );
#5720 = DIRECTION( '', ( -5.78241158658950E-015, 0.000000000000000, -1.00000000000000 ) );
#5721 = DIRECTION( '', ( -1.00000000000000, 0.000000000000000, -4.53393635766664E-016 ) );
#5722 = DIRECTION( '', ( 0.000000000000000, -1.00000000000000, 0.000000000000000 ) );
#5723 = DIRECTION( '', ( 4.53393635766664E-016, 0.000000000000000, 1.00000000000000 ) );
#5724 = DIRECTION( '', ( -1.12358940546130E-030, 1.00000000000000, -2.47817639425259E-015 ) );
#5725 = DIRECTION( '', ( -4.53393635766664E-016, 0.000000000000000, -1.00000000000000 ) );
#5726 = CARTESIAN_POINT( '', ( -2.62500000000000, -1.90000000000000, 0.225000000000000 ) );
#5727 = DIRECTION( '', ( 0.000000000000000, -1.00000000000000, 0.000000000000000 ) );
#5728 = DIRECTION( '', ( 1.92747052886313E-015, 0.000000000000000, -1.00000000000000 ) );
#5729 = DIRECTION( '', ( 0.000000000000000, -1.00000000000000, 0.000000000000000 ) );
#5730 = CARTESIAN_POINT( '', ( -2.62500000000000, -2.60000000000000, 0.225000000000000 ) );
#5731 = DIRECTION( '', ( 0.000000000000000, -1.00000000000000, 0.000000000000000 ) );
#5732 = DIRECTION( '', ( 1.92747052886313E-015, 0.000000000000000, -1.00000000000000 ) );
#5733 = DIRECTION( '', ( 0.000000000000000, -1.00000000000000, 0.000000000000000 ) );
#5734 = CARTESIAN_POINT( '', ( -2.62500000000000, -1.90000000000000, 0.225000000000000 ) );
#5735 = DIRECTION( '', ( 0.000000000000000, -1.00000000000000, 0.000000000000000 ) );
#5736 = DIRECTION( '', ( 5.78241158658927E-015, 0.000000000000000, -1.00000000000000 ) );
#5737 = DIRECTION( '', ( 1.00000000000000, 0.000000000000000, 0.000000000000000 ) );
#5738 = DIRECTION( '', ( 1.00000000000000, 0.000000000000000, -4.53393635766664E-016 ) );
#5739 = DIRECTION( '', ( 1.00000000000000, 0.000000000000000, -4.53393635766664E-016 ) );
#5740 = DIRECTION( '', ( 1.00000000000000, 0.000000000000000, -4.53393635766664E-016 ) );
#5741 = DIRECTION( '', ( -1.12358940546130E-030, 1.00000000000000, -2.47817639425259E-015 ) );
#5742 = DIRECTION( '', ( -1.00000000000000, 0.000000000000000, 0.000000000000000 ) );
#5743 = CARTESIAN_POINT( '', ( -2.62500000000000, -2.60000000000000, 0.225000000000000 ) );
#5744 = DIRECTION( '', ( 0.000000000000000, -1.00000000000000, 0.000000000000000 ) );
#5745 = DIRECTION( '', ( 5.78241158658940E-015, 0.000000000000000, -1.00000000000000 ) );
#5746 = DIRECTION( '', ( 1.00000000000000, 0.000000000000000, -4.53393635766664E-016 ) );
#5747 = DIRECTION( '', ( 0.000000000000000, -1.00000000000000, 0.000000000000000 ) );
#5748 = DIRECTION( '', ( 1.12358940546130E-030, 1.00000000000000, 2.47817639425258E-015 ) );
#5749 = DIRECTION( '', ( -4.53393635766664E-016, 0.000000000000000, -1.00000000000000 ) );
#5750 = DIRECTION( '', ( 2.80897351365325E-031, -1.00000000000000, 6.19544098563145E-016 ) );
#5751 = DIRECTION( '', ( 4.53393635766664E-016, 0.000000000000000, 1.00000000000000 ) );
#5752 = DIRECTION( '', ( 1.12358940546130E-030, 1.00000000000000, 2.47817639425258E-015 ) );
#5753 = DIRECTION( '', ( 1.00000000000000, 0.000000000000000, -4.53393635766664E-016 ) );
#5754 = DIRECTION( '', ( 1.00000000000000, 0.000000000000000, -4.53393635766664E-016 ) );
#5755 = CARTESIAN_POINT( '', ( -2.62500000000000, 1.90000000000000, 0.225000000000000 ) );
#5756 = DIRECTION( '', ( 0.000000000000000, -1.00000000000000, 0.000000000000000 ) );
#5757 = DIRECTION( '', ( 1.92747052886311E-015, 0.000000000000000, -1.00000000000000 ) );
#5758 = CARTESIAN_POINT( '', ( -2.62500000000000, 1.90000000000000, 0.225000000000000 ) );
#5759 = DIRECTION( '', ( 0.000000000000000, -1.00000000000000, 0.000000000000000 ) );
#5760 = DIRECTION( '', ( 5.78241158658943E-015, 0.000000000000000, -1.00000000000000 ) );
#5761 = DIRECTION( '', ( 1.00000000000000, 0.000000000000000, -4.53393635766664E-016 ) );
#5762 = CARTESIAN_POINT( '', ( -2.62500000000000, 2.60000000000000, 0.225000000000000 ) );
#5763 = DIRECTION( '', ( 0.000000000000000, -1.00000000000000, 0.000000000000000 ) );
#5764 = DIRECTION( '', ( 5.78241158658940E-015, 0.000000000000000, -1.00000000000000 ) );
#5765 = CARTESIAN_POINT( '', ( -2.62500000000000, 2.60000000000000, 0.225000000000000 ) );
#5766 = DIRECTION( '', ( 0.000000000000000, -1.00000000000000, 0.000000000000000 ) );
#5767 = DIRECTION( '', ( 1.92747052886313E-015, 0.000000000000000, -1.00000000000000 ) );
#5768 = DIRECTION( '', ( 1.00000000000000, 0.000000000000000, -4.53393635766664E-016 ) );
#5769 = DIRECTION( '', ( 1.00000000000000, 0.000000000000000, 0.000000000000000 ) );
#5770 = DIRECTION( '', ( -1.54665074534308E-016, -1.00000000000000, 0.000000000000000 ) );
#5771 = DIRECTION( '', ( -1.00000000000000, 0.000000000000000, 0.000000000000000 ) );
#5772 = DIRECTION( '', ( 2.80897351365325E-031, -1.00000000000000, 6.19544098563145E-016 ) );
#5773 = DIRECTION( '', ( 0.000000000000000, 0.000000000000000, -1.00000000000000 ) );
#5774 = DIRECTION( '', ( 0.000000000000000, 0.000000000000000, -1.00000000000000 ) );
#5775 = DIRECTION( '', ( 0.000000000000000, -1.00000000000000, 0.000000000000000 ) );
#5776 = DIRECTION( '', ( -1.00000000000000, 6.19544098563142E-016, 0.000000000000000 ) );
#5777 = CARTESIAN_POINT( '', ( -1.17500000000000, -2.85000000000000, 1.80000000000000 ) );
#5778 = DIRECTION( '', ( -1.00000000000000, 6.12303176911189E-017, 0.000000000000000 ) );
#5779 = DIRECTION( '', ( -6.12303176911189E-017, -1.00000000000000, 0.000000000000000 ) );
#5780 = DIRECTION( '', ( 1.00000000000000, 6.99485272571293E-017, 0.000000000000000 ) );
#5781 = DIRECTION( '', ( 0.707106781186548, -0.707106781186548, 0.000000000000000 ) );
#5782 = DIRECTION( '', ( 0.000000000000000, 0.000000000000000, -1.00000000000000 ) );
#5783 = DIRECTION( '', ( -0.131024356416085, 0.131024356416085, 0.982682673120627 ) );
#5784 = DIRECTION( '', ( 0.000000000000000, 0.000000000000000, -1.00000000000000 ) );
#5785 = DIRECTION( '', ( 0.131024356416086, 0.131024356416085, 0.982682673120627 ) );
#5786 = DIRECTION( '', ( 0.000000000000000, 0.000000000000000, -1.00000000000000 ) );
#5787 = DIRECTION( '', ( -0.707106781186550, -0.707106781186545, 0.000000000000000 ) );
#5788 = DIRECTION( '', ( 0.000000000000000, 0.000000000000000, -1.00000000000000 ) );
#5789 = DIRECTION( '', ( -6.12303176911189E-017, -1.00000000000000, 0.000000000000000 ) );
#5790 = DIRECTION( '', ( -1.00000000000000, 0.000000000000000, 0.000000000000000 ) );
#5791 = DIRECTION( '', ( -1.00000000000000, 0.000000000000000, 0.000000000000000 ) );
ENDSEC;
END-ISO-10303-21;
